trace_id,provider,model,prompt_id,buffer_depth_ms,pause_ms,injection_audio_fraction,glitch_free,underrun_count,total_stall_ms,max_stall_ms
cartesia-long_incident-r000,cartesia,sonic-3.5-2026-05-04,long_incident,80.0,0.0,0.25,True,0,0.0,0.0
cartesia-long_incident-r000,cartesia,sonic-3.5-2026-05-04,long_incident,80.0,0.0,0.5,True,0,0.0,0.0
cartesia-long_incident-r000,cartesia,sonic-3.5-2026-05-04,long_incident,80.0,0.0,0.75,True,0,0.0,0.0
cartesia-long_incident-r000,cartesia,sonic-3.5-2026-05-04,long_incident,80.0,50.0,0.25,True,0,0.0,0.0
cartesia-long_incident-r000,cartesia,sonic-3.5-2026-05-04,long_incident,80.0,50.0,0.5,True,0,0.0,0.0
cartesia-long_incident-r000,cartesia,sonic-3.5-2026-05-04,long_incident,80.0,50.0,0.75,True,0,0.0,0.0
cartesia-long_incident-r000,cartesia,sonic-3.5-2026-05-04,long_incident,80.0,100.0,0.25,True,0,0.0,0.0
cartesia-long_incident-r000,cartesia,sonic-3.5-2026-05-04,long_incident,80.0,100.0,0.5,True,0,0.0,0.0
cartesia-long_incident-r000,cartesia,sonic-3.5-2026-05-04,long_incident,80.0,100.0,0.75,True,0,0.0,0.0
cartesia-long_incident-r000,cartesia,sonic-3.5-2026-05-04,long_incident,80.0,200.0,0.25,True,0,0.0,0.0
cartesia-long_incident-r000,cartesia,sonic-3.5-2026-05-04,long_incident,80.0,200.0,0.5,True,0,0.0,0.0
cartesia-long_incident-r000,cartesia,sonic-3.5-2026-05-04,long_incident,80.0,200.0,0.75,True,0,0.0,0.0
cartesia-long_incident-r000,cartesia,sonic-3.5-2026-05-04,long_incident,80.0,400.0,0.25,True,0,0.0,0.0
cartesia-long_incident-r000,cartesia,sonic-3.5-2026-05-04,long_incident,80.0,400.0,0.5,True,0,0.0,0.0
cartesia-long_incident-r000,cartesia,sonic-3.5-2026-05-04,long_incident,80.0,400.0,0.75,True,0,0.0,0.0
cartesia-long_incident-r000,cartesia,sonic-3.5-2026-05-04,long_incident,80.0,800.0,0.25,True,0,0.0,0.0
cartesia-long_incident-r000,cartesia,sonic-3.5-2026-05-04,long_incident,80.0,800.0,0.5,True,0,0.0,0.0
cartesia-long_incident-r000,cartesia,sonic-3.5-2026-05-04,long_incident,80.0,800.0,0.75,True,0,0.0,0.0
cartesia-long_incident-r000,cartesia,sonic-3.5-2026-05-04,long_incident,80.0,1200.0,0.25,True,0,0.0,0.0
cartesia-long_incident-r000,cartesia,sonic-3.5-2026-05-04,long_incident,80.0,1200.0,0.5,True,0,0.0,0.0
cartesia-long_incident-r000,cartesia,sonic-3.5-2026-05-04,long_incident,80.0,1200.0,0.75,True,0,0.0,0.0
cartesia-long_incident-r001,cartesia,sonic-3.5-2026-05-04,long_incident,80.0,0.0,0.25,True,0,0.0,0.0
cartesia-long_incident-r001,cartesia,sonic-3.5-2026-05-04,long_incident,80.0,0.0,0.5,True,0,0.0,0.0
cartesia-long_incident-r001,cartesia,sonic-3.5-2026-05-04,long_incident,80.0,0.0,0.75,True,0,0.0,0.0
cartesia-long_incident-r001,cartesia,sonic-3.5-2026-05-04,long_incident,80.0,50.0,0.25,True,0,0.0,0.0
cartesia-long_incident-r001,cartesia,sonic-3.5-2026-05-04,long_incident,80.0,50.0,0.5,True,0,0.0,0.0
cartesia-long_incident-r001,cartesia,sonic-3.5-2026-05-04,long_incident,80.0,50.0,0.75,True,0,0.0,0.0
cartesia-long_incident-r001,cartesia,sonic-3.5-2026-05-04,long_incident,80.0,100.0,0.25,True,0,0.0,0.0
cartesia-long_incident-r001,cartesia,sonic-3.5-2026-05-04,long_incident,80.0,100.0,0.5,True,0,0.0,0.0
cartesia-long_incident-r001,cartesia,sonic-3.5-2026-05-04,long_incident,80.0,100.0,0.75,True,0,0.0,0.0
cartesia-long_incident-r001,cartesia,sonic-3.5-2026-05-04,long_incident,80.0,200.0,0.25,True,0,0.0,0.0
cartesia-long_incident-r001,cartesia,sonic-3.5-2026-05-04,long_incident,80.0,200.0,0.5,True,0,0.0,0.0
cartesia-long_incident-r001,cartesia,sonic-3.5-2026-05-04,long_incident,80.0,200.0,0.75,True,0,0.0,0.0
cartesia-long_incident-r001,cartesia,sonic-3.5-2026-05-04,long_incident,80.0,400.0,0.25,True,0,0.0,0.0
cartesia-long_incident-r001,cartesia,sonic-3.5-2026-05-04,long_incident,80.0,400.0,0.5,True,0,0.0,0.0
cartesia-long_incident-r001,cartesia,sonic-3.5-2026-05-04,long_incident,80.0,400.0,0.75,True,0,0.0,0.0
cartesia-long_incident-r001,cartesia,sonic-3.5-2026-05-04,long_incident,80.0,800.0,0.25,True,0,0.0,0.0
cartesia-long_incident-r001,cartesia,sonic-3.5-2026-05-04,long_incident,80.0,800.0,0.5,True,0,0.0,0.0
cartesia-long_incident-r001,cartesia,sonic-3.5-2026-05-04,long_incident,80.0,800.0,0.75,True,0,0.0,0.0
cartesia-long_incident-r001,cartesia,sonic-3.5-2026-05-04,long_incident,80.0,1200.0,0.25,True,0,0.0,0.0
cartesia-long_incident-r001,cartesia,sonic-3.5-2026-05-04,long_incident,80.0,1200.0,0.5,True,0,0.0,0.0
cartesia-long_incident-r001,cartesia,sonic-3.5-2026-05-04,long_incident,80.0,1200.0,0.75,True,0,0.0,0.0
cartesia-long_incident-r002,cartesia,sonic-3.5-2026-05-04,long_incident,80.0,0.0,0.25,True,0,0.0,0.0
cartesia-long_incident-r002,cartesia,sonic-3.5-2026-05-04,long_incident,80.0,0.0,0.5,True,0,0.0,0.0
cartesia-long_incident-r002,cartesia,sonic-3.5-2026-05-04,long_incident,80.0,0.0,0.75,True,0,0.0,0.0
cartesia-long_incident-r002,cartesia,sonic-3.5-2026-05-04,long_incident,80.0,50.0,0.25,True,0,0.0,0.0
cartesia-long_incident-r002,cartesia,sonic-3.5-2026-05-04,long_incident,80.0,50.0,0.5,True,0,0.0,0.0
cartesia-long_incident-r002,cartesia,sonic-3.5-2026-05-04,long_incident,80.0,50.0,0.75,True,0,0.0,0.0
cartesia-long_incident-r002,cartesia,sonic-3.5-2026-05-04,long_incident,80.0,100.0,0.25,True,0,0.0,0.0
cartesia-long_incident-r002,cartesia,sonic-3.5-2026-05-04,long_incident,80.0,100.0,0.5,True,0,0.0,0.0
cartesia-long_incident-r002,cartesia,sonic-3.5-2026-05-04,long_incident,80.0,100.0,0.75,True,0,0.0,0.0
cartesia-long_incident-r002,cartesia,sonic-3.5-2026-05-04,long_incident,80.0,200.0,0.25,True,0,0.0,0.0
cartesia-long_incident-r002,cartesia,sonic-3.5-2026-05-04,long_incident,80.0,200.0,0.5,True,0,0.0,0.0
cartesia-long_incident-r002,cartesia,sonic-3.5-2026-05-04,long_incident,80.0,200.0,0.75,True,0,0.0,0.0
cartesia-long_incident-r002,cartesia,sonic-3.5-2026-05-04,long_incident,80.0,400.0,0.25,True,0,0.0,0.0
cartesia-long_incident-r002,cartesia,sonic-3.5-2026-05-04,long_incident,80.0,400.0,0.5,True,0,0.0,0.0
cartesia-long_incident-r002,cartesia,sonic-3.5-2026-05-04,long_incident,80.0,400.0,0.75,True,0,0.0,0.0
cartesia-long_incident-r002,cartesia,sonic-3.5-2026-05-04,long_incident,80.0,800.0,0.25,True,0,0.0,0.0
cartesia-long_incident-r002,cartesia,sonic-3.5-2026-05-04,long_incident,80.0,800.0,0.5,True,0,0.0,0.0
cartesia-long_incident-r002,cartesia,sonic-3.5-2026-05-04,long_incident,80.0,800.0,0.75,True,0,0.0,0.0
cartesia-long_incident-r002,cartesia,sonic-3.5-2026-05-04,long_incident,80.0,1200.0,0.25,True,0,0.0,0.0
cartesia-long_incident-r002,cartesia,sonic-3.5-2026-05-04,long_incident,80.0,1200.0,0.5,True,0,0.0,0.0
cartesia-long_incident-r002,cartesia,sonic-3.5-2026-05-04,long_incident,80.0,1200.0,0.75,True,0,0.0,0.0
cartesia-long_incident-r003,cartesia,sonic-3.5-2026-05-04,long_incident,80.0,0.0,0.25,True,0,0.0,0.0
cartesia-long_incident-r003,cartesia,sonic-3.5-2026-05-04,long_incident,80.0,0.0,0.5,True,0,0.0,0.0
cartesia-long_incident-r003,cartesia,sonic-3.5-2026-05-04,long_incident,80.0,0.0,0.75,True,0,0.0,0.0
cartesia-long_incident-r003,cartesia,sonic-3.5-2026-05-04,long_incident,80.0,50.0,0.25,True,0,0.0,0.0
cartesia-long_incident-r003,cartesia,sonic-3.5-2026-05-04,long_incident,80.0,50.0,0.5,True,0,0.0,0.0
cartesia-long_incident-r003,cartesia,sonic-3.5-2026-05-04,long_incident,80.0,50.0,0.75,True,0,0.0,0.0
cartesia-long_incident-r003,cartesia,sonic-3.5-2026-05-04,long_incident,80.0,100.0,0.25,True,0,0.0,0.0
cartesia-long_incident-r003,cartesia,sonic-3.5-2026-05-04,long_incident,80.0,100.0,0.5,True,0,0.0,0.0
cartesia-long_incident-r003,cartesia,sonic-3.5-2026-05-04,long_incident,80.0,100.0,0.75,True,0,0.0,0.0
cartesia-long_incident-r003,cartesia,sonic-3.5-2026-05-04,long_incident,80.0,200.0,0.25,True,0,0.0,0.0
cartesia-long_incident-r003,cartesia,sonic-3.5-2026-05-04,long_incident,80.0,200.0,0.5,True,0,0.0,0.0
cartesia-long_incident-r003,cartesia,sonic-3.5-2026-05-04,long_incident,80.0,200.0,0.75,True,0,0.0,0.0
cartesia-long_incident-r003,cartesia,sonic-3.5-2026-05-04,long_incident,80.0,400.0,0.25,True,0,0.0,0.0
cartesia-long_incident-r003,cartesia,sonic-3.5-2026-05-04,long_incident,80.0,400.0,0.5,True,0,0.0,0.0
cartesia-long_incident-r003,cartesia,sonic-3.5-2026-05-04,long_incident,80.0,400.0,0.75,True,0,0.0,0.0
cartesia-long_incident-r003,cartesia,sonic-3.5-2026-05-04,long_incident,80.0,800.0,0.25,True,0,0.0,0.0
cartesia-long_incident-r003,cartesia,sonic-3.5-2026-05-04,long_incident,80.0,800.0,0.5,True,0,0.0,0.0
cartesia-long_incident-r003,cartesia,sonic-3.5-2026-05-04,long_incident,80.0,800.0,0.75,True,0,0.0,0.0
cartesia-long_incident-r003,cartesia,sonic-3.5-2026-05-04,long_incident,80.0,1200.0,0.25,True,0,0.0,0.0
cartesia-long_incident-r003,cartesia,sonic-3.5-2026-05-04,long_incident,80.0,1200.0,0.5,True,0,0.0,0.0
cartesia-long_incident-r003,cartesia,sonic-3.5-2026-05-04,long_incident,80.0,1200.0,0.75,True,0,0.0,0.0
cartesia-long_incident-r004,cartesia,sonic-3.5-2026-05-04,long_incident,80.0,0.0,0.25,True,0,0.0,0.0
cartesia-long_incident-r004,cartesia,sonic-3.5-2026-05-04,long_incident,80.0,0.0,0.5,True,0,0.0,0.0
cartesia-long_incident-r004,cartesia,sonic-3.5-2026-05-04,long_incident,80.0,0.0,0.75,True,0,0.0,0.0
cartesia-long_incident-r004,cartesia,sonic-3.5-2026-05-04,long_incident,80.0,50.0,0.25,True,0,0.0,0.0
cartesia-long_incident-r004,cartesia,sonic-3.5-2026-05-04,long_incident,80.0,50.0,0.5,True,0,0.0,0.0
cartesia-long_incident-r004,cartesia,sonic-3.5-2026-05-04,long_incident,80.0,50.0,0.75,True,0,0.0,0.0
cartesia-long_incident-r004,cartesia,sonic-3.5-2026-05-04,long_incident,80.0,100.0,0.25,True,0,0.0,0.0
cartesia-long_incident-r004,cartesia,sonic-3.5-2026-05-04,long_incident,80.0,100.0,0.5,True,0,0.0,0.0
cartesia-long_incident-r004,cartesia,sonic-3.5-2026-05-04,long_incident,80.0,100.0,0.75,True,0,0.0,0.0
cartesia-long_incident-r004,cartesia,sonic-3.5-2026-05-04,long_incident,80.0,200.0,0.25,True,0,0.0,0.0
cartesia-long_incident-r004,cartesia,sonic-3.5-2026-05-04,long_incident,80.0,200.0,0.5,True,0,0.0,0.0
cartesia-long_incident-r004,cartesia,sonic-3.5-2026-05-04,long_incident,80.0,200.0,0.75,True,0,0.0,0.0
cartesia-long_incident-r004,cartesia,sonic-3.5-2026-05-04,long_incident,80.0,400.0,0.25,True,0,0.0,0.0
cartesia-long_incident-r004,cartesia,sonic-3.5-2026-05-04,long_incident,80.0,400.0,0.5,True,0,0.0,0.0
cartesia-long_incident-r004,cartesia,sonic-3.5-2026-05-04,long_incident,80.0,400.0,0.75,True,0,0.0,0.0
cartesia-long_incident-r004,cartesia,sonic-3.5-2026-05-04,long_incident,80.0,800.0,0.25,True,0,0.0,0.0
cartesia-long_incident-r004,cartesia,sonic-3.5-2026-05-04,long_incident,80.0,800.0,0.5,True,0,0.0,0.0
cartesia-long_incident-r004,cartesia,sonic-3.5-2026-05-04,long_incident,80.0,800.0,0.75,True,0,0.0,0.0
cartesia-long_incident-r004,cartesia,sonic-3.5-2026-05-04,long_incident,80.0,1200.0,0.25,True,0,0.0,0.0
cartesia-long_incident-r004,cartesia,sonic-3.5-2026-05-04,long_incident,80.0,1200.0,0.5,True,0,0.0,0.0
cartesia-long_incident-r004,cartesia,sonic-3.5-2026-05-04,long_incident,80.0,1200.0,0.75,True,0,0.0,0.0
cartesia-long_incident-r005,cartesia,sonic-3.5-2026-05-04,long_incident,80.0,0.0,0.25,True,0,0.0,0.0
cartesia-long_incident-r005,cartesia,sonic-3.5-2026-05-04,long_incident,80.0,0.0,0.5,True,0,0.0,0.0
cartesia-long_incident-r005,cartesia,sonic-3.5-2026-05-04,long_incident,80.0,0.0,0.75,True,0,0.0,0.0
cartesia-long_incident-r005,cartesia,sonic-3.5-2026-05-04,long_incident,80.0,50.0,0.25,True,0,0.0,0.0
cartesia-long_incident-r005,cartesia,sonic-3.5-2026-05-04,long_incident,80.0,50.0,0.5,True,0,0.0,0.0
cartesia-long_incident-r005,cartesia,sonic-3.5-2026-05-04,long_incident,80.0,50.0,0.75,True,0,0.0,0.0
cartesia-long_incident-r005,cartesia,sonic-3.5-2026-05-04,long_incident,80.0,100.0,0.25,True,0,0.0,0.0
cartesia-long_incident-r005,cartesia,sonic-3.5-2026-05-04,long_incident,80.0,100.0,0.5,True,0,0.0,0.0
cartesia-long_incident-r005,cartesia,sonic-3.5-2026-05-04,long_incident,80.0,100.0,0.75,True,0,0.0,0.0
cartesia-long_incident-r005,cartesia,sonic-3.5-2026-05-04,long_incident,80.0,200.0,0.25,True,0,0.0,0.0
cartesia-long_incident-r005,cartesia,sonic-3.5-2026-05-04,long_incident,80.0,200.0,0.5,True,0,0.0,0.0
cartesia-long_incident-r005,cartesia,sonic-3.5-2026-05-04,long_incident,80.0,200.0,0.75,True,0,0.0,0.0
cartesia-long_incident-r005,cartesia,sonic-3.5-2026-05-04,long_incident,80.0,400.0,0.25,True,0,0.0,0.0
cartesia-long_incident-r005,cartesia,sonic-3.5-2026-05-04,long_incident,80.0,400.0,0.5,True,0,0.0,0.0
cartesia-long_incident-r005,cartesia,sonic-3.5-2026-05-04,long_incident,80.0,400.0,0.75,True,0,0.0,0.0
cartesia-long_incident-r005,cartesia,sonic-3.5-2026-05-04,long_incident,80.0,800.0,0.25,True,0,0.0,0.0
cartesia-long_incident-r005,cartesia,sonic-3.5-2026-05-04,long_incident,80.0,800.0,0.5,True,0,0.0,0.0
cartesia-long_incident-r005,cartesia,sonic-3.5-2026-05-04,long_incident,80.0,800.0,0.75,True,0,0.0,0.0
cartesia-long_incident-r005,cartesia,sonic-3.5-2026-05-04,long_incident,80.0,1200.0,0.25,True,0,0.0,0.0
cartesia-long_incident-r005,cartesia,sonic-3.5-2026-05-04,long_incident,80.0,1200.0,0.5,True,0,0.0,0.0
cartesia-long_incident-r005,cartesia,sonic-3.5-2026-05-04,long_incident,80.0,1200.0,0.75,True,0,0.0,0.0
cartesia-long_incident-r006,cartesia,sonic-3.5-2026-05-04,long_incident,80.0,0.0,0.25,True,0,0.0,0.0
cartesia-long_incident-r006,cartesia,sonic-3.5-2026-05-04,long_incident,80.0,0.0,0.5,True,0,0.0,0.0
cartesia-long_incident-r006,cartesia,sonic-3.5-2026-05-04,long_incident,80.0,0.0,0.75,True,0,0.0,0.0
cartesia-long_incident-r006,cartesia,sonic-3.5-2026-05-04,long_incident,80.0,50.0,0.25,True,0,0.0,0.0
cartesia-long_incident-r006,cartesia,sonic-3.5-2026-05-04,long_incident,80.0,50.0,0.5,True,0,0.0,0.0
cartesia-long_incident-r006,cartesia,sonic-3.5-2026-05-04,long_incident,80.0,50.0,0.75,True,0,0.0,0.0
cartesia-long_incident-r006,cartesia,sonic-3.5-2026-05-04,long_incident,80.0,100.0,0.25,True,0,0.0,0.0
cartesia-long_incident-r006,cartesia,sonic-3.5-2026-05-04,long_incident,80.0,100.0,0.5,True,0,0.0,0.0
cartesia-long_incident-r006,cartesia,sonic-3.5-2026-05-04,long_incident,80.0,100.0,0.75,True,0,0.0,0.0
cartesia-long_incident-r006,cartesia,sonic-3.5-2026-05-04,long_incident,80.0,200.0,0.25,True,0,0.0,0.0
cartesia-long_incident-r006,cartesia,sonic-3.5-2026-05-04,long_incident,80.0,200.0,0.5,True,0,0.0,0.0
cartesia-long_incident-r006,cartesia,sonic-3.5-2026-05-04,long_incident,80.0,200.0,0.75,True,0,0.0,0.0
cartesia-long_incident-r006,cartesia,sonic-3.5-2026-05-04,long_incident,80.0,400.0,0.25,True,0,0.0,0.0
cartesia-long_incident-r006,cartesia,sonic-3.5-2026-05-04,long_incident,80.0,400.0,0.5,True,0,0.0,0.0
cartesia-long_incident-r006,cartesia,sonic-3.5-2026-05-04,long_incident,80.0,400.0,0.75,True,0,0.0,0.0
cartesia-long_incident-r006,cartesia,sonic-3.5-2026-05-04,long_incident,80.0,800.0,0.25,True,0,0.0,0.0
cartesia-long_incident-r006,cartesia,sonic-3.5-2026-05-04,long_incident,80.0,800.0,0.5,True,0,0.0,0.0
cartesia-long_incident-r006,cartesia,sonic-3.5-2026-05-04,long_incident,80.0,800.0,0.75,True,0,0.0,0.0
cartesia-long_incident-r006,cartesia,sonic-3.5-2026-05-04,long_incident,80.0,1200.0,0.25,True,0,0.0,0.0
cartesia-long_incident-r006,cartesia,sonic-3.5-2026-05-04,long_incident,80.0,1200.0,0.5,True,0,0.0,0.0
cartesia-long_incident-r006,cartesia,sonic-3.5-2026-05-04,long_incident,80.0,1200.0,0.75,True,0,0.0,0.0
cartesia-long_incident-r007,cartesia,sonic-3.5-2026-05-04,long_incident,80.0,0.0,0.25,True,0,0.0,0.0
cartesia-long_incident-r007,cartesia,sonic-3.5-2026-05-04,long_incident,80.0,0.0,0.5,True,0,0.0,0.0
cartesia-long_incident-r007,cartesia,sonic-3.5-2026-05-04,long_incident,80.0,0.0,0.75,True,0,0.0,0.0
cartesia-long_incident-r007,cartesia,sonic-3.5-2026-05-04,long_incident,80.0,50.0,0.25,True,0,0.0,0.0
cartesia-long_incident-r007,cartesia,sonic-3.5-2026-05-04,long_incident,80.0,50.0,0.5,True,0,0.0,0.0
cartesia-long_incident-r007,cartesia,sonic-3.5-2026-05-04,long_incident,80.0,50.0,0.75,True,0,0.0,0.0
cartesia-long_incident-r007,cartesia,sonic-3.5-2026-05-04,long_incident,80.0,100.0,0.25,True,0,0.0,0.0
cartesia-long_incident-r007,cartesia,sonic-3.5-2026-05-04,long_incident,80.0,100.0,0.5,True,0,0.0,0.0
cartesia-long_incident-r007,cartesia,sonic-3.5-2026-05-04,long_incident,80.0,100.0,0.75,True,0,0.0,0.0
cartesia-long_incident-r007,cartesia,sonic-3.5-2026-05-04,long_incident,80.0,200.0,0.25,True,0,0.0,0.0
cartesia-long_incident-r007,cartesia,sonic-3.5-2026-05-04,long_incident,80.0,200.0,0.5,True,0,0.0,0.0
cartesia-long_incident-r007,cartesia,sonic-3.5-2026-05-04,long_incident,80.0,200.0,0.75,True,0,0.0,0.0
cartesia-long_incident-r007,cartesia,sonic-3.5-2026-05-04,long_incident,80.0,400.0,0.25,True,0,0.0,0.0
cartesia-long_incident-r007,cartesia,sonic-3.5-2026-05-04,long_incident,80.0,400.0,0.5,True,0,0.0,0.0
cartesia-long_incident-r007,cartesia,sonic-3.5-2026-05-04,long_incident,80.0,400.0,0.75,True,0,0.0,0.0
cartesia-long_incident-r007,cartesia,sonic-3.5-2026-05-04,long_incident,80.0,800.0,0.25,True,0,0.0,0.0
cartesia-long_incident-r007,cartesia,sonic-3.5-2026-05-04,long_incident,80.0,800.0,0.5,True,0,0.0,0.0
cartesia-long_incident-r007,cartesia,sonic-3.5-2026-05-04,long_incident,80.0,800.0,0.75,True,0,0.0,0.0
cartesia-long_incident-r007,cartesia,sonic-3.5-2026-05-04,long_incident,80.0,1200.0,0.25,True,0,0.0,0.0
cartesia-long_incident-r007,cartesia,sonic-3.5-2026-05-04,long_incident,80.0,1200.0,0.5,True,0,0.0,0.0
cartesia-long_incident-r007,cartesia,sonic-3.5-2026-05-04,long_incident,80.0,1200.0,0.75,True,0,0.0,0.0
cartesia-long_incident-r008,cartesia,sonic-3.5-2026-05-04,long_incident,80.0,0.0,0.25,True,0,0.0,0.0
cartesia-long_incident-r008,cartesia,sonic-3.5-2026-05-04,long_incident,80.0,0.0,0.5,True,0,0.0,0.0
cartesia-long_incident-r008,cartesia,sonic-3.5-2026-05-04,long_incident,80.0,0.0,0.75,True,0,0.0,0.0
cartesia-long_incident-r008,cartesia,sonic-3.5-2026-05-04,long_incident,80.0,50.0,0.25,True,0,0.0,0.0
cartesia-long_incident-r008,cartesia,sonic-3.5-2026-05-04,long_incident,80.0,50.0,0.5,True,0,0.0,0.0
cartesia-long_incident-r008,cartesia,sonic-3.5-2026-05-04,long_incident,80.0,50.0,0.75,True,0,0.0,0.0
cartesia-long_incident-r008,cartesia,sonic-3.5-2026-05-04,long_incident,80.0,100.0,0.25,True,0,0.0,0.0
cartesia-long_incident-r008,cartesia,sonic-3.5-2026-05-04,long_incident,80.0,100.0,0.5,True,0,0.0,0.0
cartesia-long_incident-r008,cartesia,sonic-3.5-2026-05-04,long_incident,80.0,100.0,0.75,True,0,0.0,0.0
cartesia-long_incident-r008,cartesia,sonic-3.5-2026-05-04,long_incident,80.0,200.0,0.25,True,0,0.0,0.0
cartesia-long_incident-r008,cartesia,sonic-3.5-2026-05-04,long_incident,80.0,200.0,0.5,True,0,0.0,0.0
cartesia-long_incident-r008,cartesia,sonic-3.5-2026-05-04,long_incident,80.0,200.0,0.75,True,0,0.0,0.0
cartesia-long_incident-r008,cartesia,sonic-3.5-2026-05-04,long_incident,80.0,400.0,0.25,True,0,0.0,0.0
cartesia-long_incident-r008,cartesia,sonic-3.5-2026-05-04,long_incident,80.0,400.0,0.5,True,0,0.0,0.0
cartesia-long_incident-r008,cartesia,sonic-3.5-2026-05-04,long_incident,80.0,400.0,0.75,True,0,0.0,0.0
cartesia-long_incident-r008,cartesia,sonic-3.5-2026-05-04,long_incident,80.0,800.0,0.25,True,0,0.0,0.0
cartesia-long_incident-r008,cartesia,sonic-3.5-2026-05-04,long_incident,80.0,800.0,0.5,True,0,0.0,0.0
cartesia-long_incident-r008,cartesia,sonic-3.5-2026-05-04,long_incident,80.0,800.0,0.75,True,0,0.0,0.0
cartesia-long_incident-r008,cartesia,sonic-3.5-2026-05-04,long_incident,80.0,1200.0,0.25,True,0,0.0,0.0
cartesia-long_incident-r008,cartesia,sonic-3.5-2026-05-04,long_incident,80.0,1200.0,0.5,True,0,0.0,0.0
cartesia-long_incident-r008,cartesia,sonic-3.5-2026-05-04,long_incident,80.0,1200.0,0.75,True,0,0.0,0.0
cartesia-long_incident-r009,cartesia,sonic-3.5-2026-05-04,long_incident,80.0,0.0,0.25,True,0,0.0,0.0
cartesia-long_incident-r009,cartesia,sonic-3.5-2026-05-04,long_incident,80.0,0.0,0.5,True,0,0.0,0.0
cartesia-long_incident-r009,cartesia,sonic-3.5-2026-05-04,long_incident,80.0,0.0,0.75,True,0,0.0,0.0
cartesia-long_incident-r009,cartesia,sonic-3.5-2026-05-04,long_incident,80.0,50.0,0.25,True,0,0.0,0.0
cartesia-long_incident-r009,cartesia,sonic-3.5-2026-05-04,long_incident,80.0,50.0,0.5,True,0,0.0,0.0
cartesia-long_incident-r009,cartesia,sonic-3.5-2026-05-04,long_incident,80.0,50.0,0.75,True,0,0.0,0.0
cartesia-long_incident-r009,cartesia,sonic-3.5-2026-05-04,long_incident,80.0,100.0,0.25,True,0,0.0,0.0
cartesia-long_incident-r009,cartesia,sonic-3.5-2026-05-04,long_incident,80.0,100.0,0.5,True,0,0.0,0.0
cartesia-long_incident-r009,cartesia,sonic-3.5-2026-05-04,long_incident,80.0,100.0,0.75,True,0,0.0,0.0
cartesia-long_incident-r009,cartesia,sonic-3.5-2026-05-04,long_incident,80.0,200.0,0.25,True,0,0.0,0.0
cartesia-long_incident-r009,cartesia,sonic-3.5-2026-05-04,long_incident,80.0,200.0,0.5,True,0,0.0,0.0
cartesia-long_incident-r009,cartesia,sonic-3.5-2026-05-04,long_incident,80.0,200.0,0.75,True,0,0.0,0.0
cartesia-long_incident-r009,cartesia,sonic-3.5-2026-05-04,long_incident,80.0,400.0,0.25,True,0,0.0,0.0
cartesia-long_incident-r009,cartesia,sonic-3.5-2026-05-04,long_incident,80.0,400.0,0.5,True,0,0.0,0.0
cartesia-long_incident-r009,cartesia,sonic-3.5-2026-05-04,long_incident,80.0,400.0,0.75,True,0,0.0,0.0
cartesia-long_incident-r009,cartesia,sonic-3.5-2026-05-04,long_incident,80.0,800.0,0.25,True,0,0.0,0.0
cartesia-long_incident-r009,cartesia,sonic-3.5-2026-05-04,long_incident,80.0,800.0,0.5,True,0,0.0,0.0
cartesia-long_incident-r009,cartesia,sonic-3.5-2026-05-04,long_incident,80.0,800.0,0.75,True,0,0.0,0.0
cartesia-long_incident-r009,cartesia,sonic-3.5-2026-05-04,long_incident,80.0,1200.0,0.25,True,0,0.0,0.0
cartesia-long_incident-r009,cartesia,sonic-3.5-2026-05-04,long_incident,80.0,1200.0,0.5,True,0,0.0,0.0
cartesia-long_incident-r009,cartesia,sonic-3.5-2026-05-04,long_incident,80.0,1200.0,0.75,True,0,0.0,0.0
cartesia-long_incident-r010,cartesia,sonic-3.5-2026-05-04,long_incident,80.0,0.0,0.25,True,0,0.0,0.0
cartesia-long_incident-r010,cartesia,sonic-3.5-2026-05-04,long_incident,80.0,0.0,0.5,True,0,0.0,0.0
cartesia-long_incident-r010,cartesia,sonic-3.5-2026-05-04,long_incident,80.0,0.0,0.75,True,0,0.0,0.0
cartesia-long_incident-r010,cartesia,sonic-3.5-2026-05-04,long_incident,80.0,50.0,0.25,True,0,0.0,0.0
cartesia-long_incident-r010,cartesia,sonic-3.5-2026-05-04,long_incident,80.0,50.0,0.5,True,0,0.0,0.0
cartesia-long_incident-r010,cartesia,sonic-3.5-2026-05-04,long_incident,80.0,50.0,0.75,True,0,0.0,0.0
cartesia-long_incident-r010,cartesia,sonic-3.5-2026-05-04,long_incident,80.0,100.0,0.25,True,0,0.0,0.0
cartesia-long_incident-r010,cartesia,sonic-3.5-2026-05-04,long_incident,80.0,100.0,0.5,True,0,0.0,0.0
cartesia-long_incident-r010,cartesia,sonic-3.5-2026-05-04,long_incident,80.0,100.0,0.75,True,0,0.0,0.0
cartesia-long_incident-r010,cartesia,sonic-3.5-2026-05-04,long_incident,80.0,200.0,0.25,True,0,0.0,0.0
cartesia-long_incident-r010,cartesia,sonic-3.5-2026-05-04,long_incident,80.0,200.0,0.5,True,0,0.0,0.0
cartesia-long_incident-r010,cartesia,sonic-3.5-2026-05-04,long_incident,80.0,200.0,0.75,True,0,0.0,0.0
cartesia-long_incident-r010,cartesia,sonic-3.5-2026-05-04,long_incident,80.0,400.0,0.25,True,0,0.0,0.0
cartesia-long_incident-r010,cartesia,sonic-3.5-2026-05-04,long_incident,80.0,400.0,0.5,True,0,0.0,0.0
cartesia-long_incident-r010,cartesia,sonic-3.5-2026-05-04,long_incident,80.0,400.0,0.75,True,0,0.0,0.0
cartesia-long_incident-r010,cartesia,sonic-3.5-2026-05-04,long_incident,80.0,800.0,0.25,True,0,0.0,0.0
cartesia-long_incident-r010,cartesia,sonic-3.5-2026-05-04,long_incident,80.0,800.0,0.5,True,0,0.0,0.0
cartesia-long_incident-r010,cartesia,sonic-3.5-2026-05-04,long_incident,80.0,800.0,0.75,True,0,0.0,0.0
cartesia-long_incident-r010,cartesia,sonic-3.5-2026-05-04,long_incident,80.0,1200.0,0.25,True,0,0.0,0.0
cartesia-long_incident-r010,cartesia,sonic-3.5-2026-05-04,long_incident,80.0,1200.0,0.5,True,0,0.0,0.0
cartesia-long_incident-r010,cartesia,sonic-3.5-2026-05-04,long_incident,80.0,1200.0,0.75,True,0,0.0,0.0
cartesia-long_incident-r011,cartesia,sonic-3.5-2026-05-04,long_incident,80.0,0.0,0.25,True,0,0.0,0.0
cartesia-long_incident-r011,cartesia,sonic-3.5-2026-05-04,long_incident,80.0,0.0,0.5,True,0,0.0,0.0
cartesia-long_incident-r011,cartesia,sonic-3.5-2026-05-04,long_incident,80.0,0.0,0.75,True,0,0.0,0.0
cartesia-long_incident-r011,cartesia,sonic-3.5-2026-05-04,long_incident,80.0,50.0,0.25,True,0,0.0,0.0
cartesia-long_incident-r011,cartesia,sonic-3.5-2026-05-04,long_incident,80.0,50.0,0.5,True,0,0.0,0.0
cartesia-long_incident-r011,cartesia,sonic-3.5-2026-05-04,long_incident,80.0,50.0,0.75,True,0,0.0,0.0
cartesia-long_incident-r011,cartesia,sonic-3.5-2026-05-04,long_incident,80.0,100.0,0.25,True,0,0.0,0.0
cartesia-long_incident-r011,cartesia,sonic-3.5-2026-05-04,long_incident,80.0,100.0,0.5,True,0,0.0,0.0
cartesia-long_incident-r011,cartesia,sonic-3.5-2026-05-04,long_incident,80.0,100.0,0.75,True,0,0.0,0.0
cartesia-long_incident-r011,cartesia,sonic-3.5-2026-05-04,long_incident,80.0,200.0,0.25,True,0,0.0,0.0
cartesia-long_incident-r011,cartesia,sonic-3.5-2026-05-04,long_incident,80.0,200.0,0.5,True,0,0.0,0.0
cartesia-long_incident-r011,cartesia,sonic-3.5-2026-05-04,long_incident,80.0,200.0,0.75,True,0,0.0,0.0
cartesia-long_incident-r011,cartesia,sonic-3.5-2026-05-04,long_incident,80.0,400.0,0.25,True,0,0.0,0.0
cartesia-long_incident-r011,cartesia,sonic-3.5-2026-05-04,long_incident,80.0,400.0,0.5,True,0,0.0,0.0
cartesia-long_incident-r011,cartesia,sonic-3.5-2026-05-04,long_incident,80.0,400.0,0.75,True,0,0.0,0.0
cartesia-long_incident-r011,cartesia,sonic-3.5-2026-05-04,long_incident,80.0,800.0,0.25,True,0,0.0,0.0
cartesia-long_incident-r011,cartesia,sonic-3.5-2026-05-04,long_incident,80.0,800.0,0.5,True,0,0.0,0.0
cartesia-long_incident-r011,cartesia,sonic-3.5-2026-05-04,long_incident,80.0,800.0,0.75,True,0,0.0,0.0
cartesia-long_incident-r011,cartesia,sonic-3.5-2026-05-04,long_incident,80.0,1200.0,0.25,True,0,0.0,0.0
cartesia-long_incident-r011,cartesia,sonic-3.5-2026-05-04,long_incident,80.0,1200.0,0.5,True,0,0.0,0.0
cartesia-long_incident-r011,cartesia,sonic-3.5-2026-05-04,long_incident,80.0,1200.0,0.75,True,0,0.0,0.0
cartesia-long_incident-r012,cartesia,sonic-3.5-2026-05-04,long_incident,80.0,0.0,0.25,True,0,0.0,0.0
cartesia-long_incident-r012,cartesia,sonic-3.5-2026-05-04,long_incident,80.0,0.0,0.5,True,0,0.0,0.0
cartesia-long_incident-r012,cartesia,sonic-3.5-2026-05-04,long_incident,80.0,0.0,0.75,True,0,0.0,0.0
cartesia-long_incident-r012,cartesia,sonic-3.5-2026-05-04,long_incident,80.0,50.0,0.25,True,0,0.0,0.0
cartesia-long_incident-r012,cartesia,sonic-3.5-2026-05-04,long_incident,80.0,50.0,0.5,True,0,0.0,0.0
cartesia-long_incident-r012,cartesia,sonic-3.5-2026-05-04,long_incident,80.0,50.0,0.75,True,0,0.0,0.0
cartesia-long_incident-r012,cartesia,sonic-3.5-2026-05-04,long_incident,80.0,100.0,0.25,True,0,0.0,0.0
cartesia-long_incident-r012,cartesia,sonic-3.5-2026-05-04,long_incident,80.0,100.0,0.5,True,0,0.0,0.0
cartesia-long_incident-r012,cartesia,sonic-3.5-2026-05-04,long_incident,80.0,100.0,0.75,True,0,0.0,0.0
cartesia-long_incident-r012,cartesia,sonic-3.5-2026-05-04,long_incident,80.0,200.0,0.25,True,0,0.0,0.0
cartesia-long_incident-r012,cartesia,sonic-3.5-2026-05-04,long_incident,80.0,200.0,0.5,True,0,0.0,0.0
cartesia-long_incident-r012,cartesia,sonic-3.5-2026-05-04,long_incident,80.0,200.0,0.75,True,0,0.0,0.0
cartesia-long_incident-r012,cartesia,sonic-3.5-2026-05-04,long_incident,80.0,400.0,0.25,True,0,0.0,0.0
cartesia-long_incident-r012,cartesia,sonic-3.5-2026-05-04,long_incident,80.0,400.0,0.5,True,0,0.0,0.0
cartesia-long_incident-r012,cartesia,sonic-3.5-2026-05-04,long_incident,80.0,400.0,0.75,True,0,0.0,0.0
cartesia-long_incident-r012,cartesia,sonic-3.5-2026-05-04,long_incident,80.0,800.0,0.25,True,0,0.0,0.0
cartesia-long_incident-r012,cartesia,sonic-3.5-2026-05-04,long_incident,80.0,800.0,0.5,True,0,0.0,0.0
cartesia-long_incident-r012,cartesia,sonic-3.5-2026-05-04,long_incident,80.0,800.0,0.75,True,0,0.0,0.0
cartesia-long_incident-r012,cartesia,sonic-3.5-2026-05-04,long_incident,80.0,1200.0,0.25,True,0,0.0,0.0
cartesia-long_incident-r012,cartesia,sonic-3.5-2026-05-04,long_incident,80.0,1200.0,0.5,True,0,0.0,0.0
cartesia-long_incident-r012,cartesia,sonic-3.5-2026-05-04,long_incident,80.0,1200.0,0.75,True,0,0.0,0.0
cartesia-long_incident-r013,cartesia,sonic-3.5-2026-05-04,long_incident,80.0,0.0,0.25,True,0,0.0,0.0
cartesia-long_incident-r013,cartesia,sonic-3.5-2026-05-04,long_incident,80.0,0.0,0.5,True,0,0.0,0.0
cartesia-long_incident-r013,cartesia,sonic-3.5-2026-05-04,long_incident,80.0,0.0,0.75,True,0,0.0,0.0
cartesia-long_incident-r013,cartesia,sonic-3.5-2026-05-04,long_incident,80.0,50.0,0.25,True,0,0.0,0.0
cartesia-long_incident-r013,cartesia,sonic-3.5-2026-05-04,long_incident,80.0,50.0,0.5,True,0,0.0,0.0
cartesia-long_incident-r013,cartesia,sonic-3.5-2026-05-04,long_incident,80.0,50.0,0.75,True,0,0.0,0.0
cartesia-long_incident-r013,cartesia,sonic-3.5-2026-05-04,long_incident,80.0,100.0,0.25,True,0,0.0,0.0
cartesia-long_incident-r013,cartesia,sonic-3.5-2026-05-04,long_incident,80.0,100.0,0.5,True,0,0.0,0.0
cartesia-long_incident-r013,cartesia,sonic-3.5-2026-05-04,long_incident,80.0,100.0,0.75,True,0,0.0,0.0
cartesia-long_incident-r013,cartesia,sonic-3.5-2026-05-04,long_incident,80.0,200.0,0.25,True,0,0.0,0.0
cartesia-long_incident-r013,cartesia,sonic-3.5-2026-05-04,long_incident,80.0,200.0,0.5,True,0,0.0,0.0
cartesia-long_incident-r013,cartesia,sonic-3.5-2026-05-04,long_incident,80.0,200.0,0.75,True,0,0.0,0.0
cartesia-long_incident-r013,cartesia,sonic-3.5-2026-05-04,long_incident,80.0,400.0,0.25,True,0,0.0,0.0
cartesia-long_incident-r013,cartesia,sonic-3.5-2026-05-04,long_incident,80.0,400.0,0.5,True,0,0.0,0.0
cartesia-long_incident-r013,cartesia,sonic-3.5-2026-05-04,long_incident,80.0,400.0,0.75,True,0,0.0,0.0
cartesia-long_incident-r013,cartesia,sonic-3.5-2026-05-04,long_incident,80.0,800.0,0.25,True,0,0.0,0.0
cartesia-long_incident-r013,cartesia,sonic-3.5-2026-05-04,long_incident,80.0,800.0,0.5,True,0,0.0,0.0
cartesia-long_incident-r013,cartesia,sonic-3.5-2026-05-04,long_incident,80.0,800.0,0.75,True,0,0.0,0.0
cartesia-long_incident-r013,cartesia,sonic-3.5-2026-05-04,long_incident,80.0,1200.0,0.25,True,0,0.0,0.0
cartesia-long_incident-r013,cartesia,sonic-3.5-2026-05-04,long_incident,80.0,1200.0,0.5,True,0,0.0,0.0
cartesia-long_incident-r013,cartesia,sonic-3.5-2026-05-04,long_incident,80.0,1200.0,0.75,True,0,0.0,0.0
cartesia-long_incident-r014,cartesia,sonic-3.5-2026-05-04,long_incident,80.0,0.0,0.25,True,0,0.0,0.0
cartesia-long_incident-r014,cartesia,sonic-3.5-2026-05-04,long_incident,80.0,0.0,0.5,True,0,0.0,0.0
cartesia-long_incident-r014,cartesia,sonic-3.5-2026-05-04,long_incident,80.0,0.0,0.75,True,0,0.0,0.0
cartesia-long_incident-r014,cartesia,sonic-3.5-2026-05-04,long_incident,80.0,50.0,0.25,True,0,0.0,0.0
cartesia-long_incident-r014,cartesia,sonic-3.5-2026-05-04,long_incident,80.0,50.0,0.5,True,0,0.0,0.0
cartesia-long_incident-r014,cartesia,sonic-3.5-2026-05-04,long_incident,80.0,50.0,0.75,True,0,0.0,0.0
cartesia-long_incident-r014,cartesia,sonic-3.5-2026-05-04,long_incident,80.0,100.0,0.25,True,0,0.0,0.0
cartesia-long_incident-r014,cartesia,sonic-3.5-2026-05-04,long_incident,80.0,100.0,0.5,True,0,0.0,0.0
cartesia-long_incident-r014,cartesia,sonic-3.5-2026-05-04,long_incident,80.0,100.0,0.75,True,0,0.0,0.0
cartesia-long_incident-r014,cartesia,sonic-3.5-2026-05-04,long_incident,80.0,200.0,0.25,True,0,0.0,0.0
cartesia-long_incident-r014,cartesia,sonic-3.5-2026-05-04,long_incident,80.0,200.0,0.5,True,0,0.0,0.0
cartesia-long_incident-r014,cartesia,sonic-3.5-2026-05-04,long_incident,80.0,200.0,0.75,True,0,0.0,0.0
cartesia-long_incident-r014,cartesia,sonic-3.5-2026-05-04,long_incident,80.0,400.0,0.25,True,0,0.0,0.0
cartesia-long_incident-r014,cartesia,sonic-3.5-2026-05-04,long_incident,80.0,400.0,0.5,True,0,0.0,0.0
cartesia-long_incident-r014,cartesia,sonic-3.5-2026-05-04,long_incident,80.0,400.0,0.75,True,0,0.0,0.0
cartesia-long_incident-r014,cartesia,sonic-3.5-2026-05-04,long_incident,80.0,800.0,0.25,True,0,0.0,0.0
cartesia-long_incident-r014,cartesia,sonic-3.5-2026-05-04,long_incident,80.0,800.0,0.5,True,0,0.0,0.0
cartesia-long_incident-r014,cartesia,sonic-3.5-2026-05-04,long_incident,80.0,800.0,0.75,True,0,0.0,0.0
cartesia-long_incident-r014,cartesia,sonic-3.5-2026-05-04,long_incident,80.0,1200.0,0.25,True,0,0.0,0.0
cartesia-long_incident-r014,cartesia,sonic-3.5-2026-05-04,long_incident,80.0,1200.0,0.5,True,0,0.0,0.0
cartesia-long_incident-r014,cartesia,sonic-3.5-2026-05-04,long_incident,80.0,1200.0,0.75,True,0,0.0,0.0
cartesia-long_incident-r015,cartesia,sonic-3.5-2026-05-04,long_incident,80.0,0.0,0.25,True,0,0.0,0.0
cartesia-long_incident-r015,cartesia,sonic-3.5-2026-05-04,long_incident,80.0,0.0,0.5,True,0,0.0,0.0
cartesia-long_incident-r015,cartesia,sonic-3.5-2026-05-04,long_incident,80.0,0.0,0.75,True,0,0.0,0.0
cartesia-long_incident-r015,cartesia,sonic-3.5-2026-05-04,long_incident,80.0,50.0,0.25,True,0,0.0,0.0
cartesia-long_incident-r015,cartesia,sonic-3.5-2026-05-04,long_incident,80.0,50.0,0.5,True,0,0.0,0.0
cartesia-long_incident-r015,cartesia,sonic-3.5-2026-05-04,long_incident,80.0,50.0,0.75,True,0,0.0,0.0
cartesia-long_incident-r015,cartesia,sonic-3.5-2026-05-04,long_incident,80.0,100.0,0.25,True,0,0.0,0.0
cartesia-long_incident-r015,cartesia,sonic-3.5-2026-05-04,long_incident,80.0,100.0,0.5,True,0,0.0,0.0
cartesia-long_incident-r015,cartesia,sonic-3.5-2026-05-04,long_incident,80.0,100.0,0.75,True,0,0.0,0.0
cartesia-long_incident-r015,cartesia,sonic-3.5-2026-05-04,long_incident,80.0,200.0,0.25,True,0,0.0,0.0
cartesia-long_incident-r015,cartesia,sonic-3.5-2026-05-04,long_incident,80.0,200.0,0.5,True,0,0.0,0.0
cartesia-long_incident-r015,cartesia,sonic-3.5-2026-05-04,long_incident,80.0,200.0,0.75,True,0,0.0,0.0
cartesia-long_incident-r015,cartesia,sonic-3.5-2026-05-04,long_incident,80.0,400.0,0.25,True,0,0.0,0.0
cartesia-long_incident-r015,cartesia,sonic-3.5-2026-05-04,long_incident,80.0,400.0,0.5,True,0,0.0,0.0
cartesia-long_incident-r015,cartesia,sonic-3.5-2026-05-04,long_incident,80.0,400.0,0.75,True,0,0.0,0.0
cartesia-long_incident-r015,cartesia,sonic-3.5-2026-05-04,long_incident,80.0,800.0,0.25,True,0,0.0,0.0
cartesia-long_incident-r015,cartesia,sonic-3.5-2026-05-04,long_incident,80.0,800.0,0.5,True,0,0.0,0.0
cartesia-long_incident-r015,cartesia,sonic-3.5-2026-05-04,long_incident,80.0,800.0,0.75,True,0,0.0,0.0
cartesia-long_incident-r015,cartesia,sonic-3.5-2026-05-04,long_incident,80.0,1200.0,0.25,True,0,0.0,0.0
cartesia-long_incident-r015,cartesia,sonic-3.5-2026-05-04,long_incident,80.0,1200.0,0.5,True,0,0.0,0.0
cartesia-long_incident-r015,cartesia,sonic-3.5-2026-05-04,long_incident,80.0,1200.0,0.75,True,0,0.0,0.0
cartesia-long_incident-r016,cartesia,sonic-3.5-2026-05-04,long_incident,80.0,0.0,0.25,True,0,0.0,0.0
cartesia-long_incident-r016,cartesia,sonic-3.5-2026-05-04,long_incident,80.0,0.0,0.5,True,0,0.0,0.0
cartesia-long_incident-r016,cartesia,sonic-3.5-2026-05-04,long_incident,80.0,0.0,0.75,True,0,0.0,0.0
cartesia-long_incident-r016,cartesia,sonic-3.5-2026-05-04,long_incident,80.0,50.0,0.25,True,0,0.0,0.0
cartesia-long_incident-r016,cartesia,sonic-3.5-2026-05-04,long_incident,80.0,50.0,0.5,True,0,0.0,0.0
cartesia-long_incident-r016,cartesia,sonic-3.5-2026-05-04,long_incident,80.0,50.0,0.75,True,0,0.0,0.0
cartesia-long_incident-r016,cartesia,sonic-3.5-2026-05-04,long_incident,80.0,100.0,0.25,True,0,0.0,0.0
cartesia-long_incident-r016,cartesia,sonic-3.5-2026-05-04,long_incident,80.0,100.0,0.5,True,0,0.0,0.0
cartesia-long_incident-r016,cartesia,sonic-3.5-2026-05-04,long_incident,80.0,100.0,0.75,True,0,0.0,0.0
cartesia-long_incident-r016,cartesia,sonic-3.5-2026-05-04,long_incident,80.0,200.0,0.25,True,0,0.0,0.0
cartesia-long_incident-r016,cartesia,sonic-3.5-2026-05-04,long_incident,80.0,200.0,0.5,True,0,0.0,0.0
cartesia-long_incident-r016,cartesia,sonic-3.5-2026-05-04,long_incident,80.0,200.0,0.75,True,0,0.0,0.0
cartesia-long_incident-r016,cartesia,sonic-3.5-2026-05-04,long_incident,80.0,400.0,0.25,True,0,0.0,0.0
cartesia-long_incident-r016,cartesia,sonic-3.5-2026-05-04,long_incident,80.0,400.0,0.5,True,0,0.0,0.0
cartesia-long_incident-r016,cartesia,sonic-3.5-2026-05-04,long_incident,80.0,400.0,0.75,True,0,0.0,0.0
cartesia-long_incident-r016,cartesia,sonic-3.5-2026-05-04,long_incident,80.0,800.0,0.25,True,0,0.0,0.0
cartesia-long_incident-r016,cartesia,sonic-3.5-2026-05-04,long_incident,80.0,800.0,0.5,True,0,0.0,0.0
cartesia-long_incident-r016,cartesia,sonic-3.5-2026-05-04,long_incident,80.0,800.0,0.75,True,0,0.0,0.0
cartesia-long_incident-r016,cartesia,sonic-3.5-2026-05-04,long_incident,80.0,1200.0,0.25,True,0,0.0,0.0
cartesia-long_incident-r016,cartesia,sonic-3.5-2026-05-04,long_incident,80.0,1200.0,0.5,True,0,0.0,0.0
cartesia-long_incident-r016,cartesia,sonic-3.5-2026-05-04,long_incident,80.0,1200.0,0.75,True,0,0.0,0.0
cartesia-long_incident-r017,cartesia,sonic-3.5-2026-05-04,long_incident,80.0,0.0,0.25,True,0,0.0,0.0
cartesia-long_incident-r017,cartesia,sonic-3.5-2026-05-04,long_incident,80.0,0.0,0.5,True,0,0.0,0.0
cartesia-long_incident-r017,cartesia,sonic-3.5-2026-05-04,long_incident,80.0,0.0,0.75,True,0,0.0,0.0
cartesia-long_incident-r017,cartesia,sonic-3.5-2026-05-04,long_incident,80.0,50.0,0.25,True,0,0.0,0.0
cartesia-long_incident-r017,cartesia,sonic-3.5-2026-05-04,long_incident,80.0,50.0,0.5,True,0,0.0,0.0
cartesia-long_incident-r017,cartesia,sonic-3.5-2026-05-04,long_incident,80.0,50.0,0.75,True,0,0.0,0.0
cartesia-long_incident-r017,cartesia,sonic-3.5-2026-05-04,long_incident,80.0,100.0,0.25,True,0,0.0,0.0
cartesia-long_incident-r017,cartesia,sonic-3.5-2026-05-04,long_incident,80.0,100.0,0.5,True,0,0.0,0.0
cartesia-long_incident-r017,cartesia,sonic-3.5-2026-05-04,long_incident,80.0,100.0,0.75,True,0,0.0,0.0
cartesia-long_incident-r017,cartesia,sonic-3.5-2026-05-04,long_incident,80.0,200.0,0.25,True,0,0.0,0.0
cartesia-long_incident-r017,cartesia,sonic-3.5-2026-05-04,long_incident,80.0,200.0,0.5,True,0,0.0,0.0
cartesia-long_incident-r017,cartesia,sonic-3.5-2026-05-04,long_incident,80.0,200.0,0.75,True,0,0.0,0.0
cartesia-long_incident-r017,cartesia,sonic-3.5-2026-05-04,long_incident,80.0,400.0,0.25,True,0,0.0,0.0
cartesia-long_incident-r017,cartesia,sonic-3.5-2026-05-04,long_incident,80.0,400.0,0.5,True,0,0.0,0.0
cartesia-long_incident-r017,cartesia,sonic-3.5-2026-05-04,long_incident,80.0,400.0,0.75,True,0,0.0,0.0
cartesia-long_incident-r017,cartesia,sonic-3.5-2026-05-04,long_incident,80.0,800.0,0.25,True,0,0.0,0.0
cartesia-long_incident-r017,cartesia,sonic-3.5-2026-05-04,long_incident,80.0,800.0,0.5,True,0,0.0,0.0
cartesia-long_incident-r017,cartesia,sonic-3.5-2026-05-04,long_incident,80.0,800.0,0.75,True,0,0.0,0.0
cartesia-long_incident-r017,cartesia,sonic-3.5-2026-05-04,long_incident,80.0,1200.0,0.25,True,0,0.0,0.0
cartesia-long_incident-r017,cartesia,sonic-3.5-2026-05-04,long_incident,80.0,1200.0,0.5,True,0,0.0,0.0
cartesia-long_incident-r017,cartesia,sonic-3.5-2026-05-04,long_incident,80.0,1200.0,0.75,True,0,0.0,0.0
cartesia-long_incident-r018,cartesia,sonic-3.5-2026-05-04,long_incident,80.0,0.0,0.25,True,0,0.0,0.0
cartesia-long_incident-r018,cartesia,sonic-3.5-2026-05-04,long_incident,80.0,0.0,0.5,True,0,0.0,0.0
cartesia-long_incident-r018,cartesia,sonic-3.5-2026-05-04,long_incident,80.0,0.0,0.75,True,0,0.0,0.0
cartesia-long_incident-r018,cartesia,sonic-3.5-2026-05-04,long_incident,80.0,50.0,0.25,True,0,0.0,0.0
cartesia-long_incident-r018,cartesia,sonic-3.5-2026-05-04,long_incident,80.0,50.0,0.5,True,0,0.0,0.0
cartesia-long_incident-r018,cartesia,sonic-3.5-2026-05-04,long_incident,80.0,50.0,0.75,True,0,0.0,0.0
cartesia-long_incident-r018,cartesia,sonic-3.5-2026-05-04,long_incident,80.0,100.0,0.25,True,0,0.0,0.0
cartesia-long_incident-r018,cartesia,sonic-3.5-2026-05-04,long_incident,80.0,100.0,0.5,True,0,0.0,0.0
cartesia-long_incident-r018,cartesia,sonic-3.5-2026-05-04,long_incident,80.0,100.0,0.75,True,0,0.0,0.0
cartesia-long_incident-r018,cartesia,sonic-3.5-2026-05-04,long_incident,80.0,200.0,0.25,True,0,0.0,0.0
cartesia-long_incident-r018,cartesia,sonic-3.5-2026-05-04,long_incident,80.0,200.0,0.5,True,0,0.0,0.0
cartesia-long_incident-r018,cartesia,sonic-3.5-2026-05-04,long_incident,80.0,200.0,0.75,True,0,0.0,0.0
cartesia-long_incident-r018,cartesia,sonic-3.5-2026-05-04,long_incident,80.0,400.0,0.25,True,0,0.0,0.0
cartesia-long_incident-r018,cartesia,sonic-3.5-2026-05-04,long_incident,80.0,400.0,0.5,True,0,0.0,0.0
cartesia-long_incident-r018,cartesia,sonic-3.5-2026-05-04,long_incident,80.0,400.0,0.75,True,0,0.0,0.0
cartesia-long_incident-r018,cartesia,sonic-3.5-2026-05-04,long_incident,80.0,800.0,0.25,True,0,0.0,0.0
cartesia-long_incident-r018,cartesia,sonic-3.5-2026-05-04,long_incident,80.0,800.0,0.5,True,0,0.0,0.0
cartesia-long_incident-r018,cartesia,sonic-3.5-2026-05-04,long_incident,80.0,800.0,0.75,True,0,0.0,0.0
cartesia-long_incident-r018,cartesia,sonic-3.5-2026-05-04,long_incident,80.0,1200.0,0.25,True,0,0.0,0.0
cartesia-long_incident-r018,cartesia,sonic-3.5-2026-05-04,long_incident,80.0,1200.0,0.5,True,0,0.0,0.0
cartesia-long_incident-r018,cartesia,sonic-3.5-2026-05-04,long_incident,80.0,1200.0,0.75,True,0,0.0,0.0
cartesia-long_incident-r019,cartesia,sonic-3.5-2026-05-04,long_incident,80.0,0.0,0.25,True,0,0.0,0.0
cartesia-long_incident-r019,cartesia,sonic-3.5-2026-05-04,long_incident,80.0,0.0,0.5,True,0,0.0,0.0
cartesia-long_incident-r019,cartesia,sonic-3.5-2026-05-04,long_incident,80.0,0.0,0.75,True,0,0.0,0.0
cartesia-long_incident-r019,cartesia,sonic-3.5-2026-05-04,long_incident,80.0,50.0,0.25,True,0,0.0,0.0
cartesia-long_incident-r019,cartesia,sonic-3.5-2026-05-04,long_incident,80.0,50.0,0.5,True,0,0.0,0.0
cartesia-long_incident-r019,cartesia,sonic-3.5-2026-05-04,long_incident,80.0,50.0,0.75,True,0,0.0,0.0
cartesia-long_incident-r019,cartesia,sonic-3.5-2026-05-04,long_incident,80.0,100.0,0.25,True,0,0.0,0.0
cartesia-long_incident-r019,cartesia,sonic-3.5-2026-05-04,long_incident,80.0,100.0,0.5,True,0,0.0,0.0
cartesia-long_incident-r019,cartesia,sonic-3.5-2026-05-04,long_incident,80.0,100.0,0.75,True,0,0.0,0.0
cartesia-long_incident-r019,cartesia,sonic-3.5-2026-05-04,long_incident,80.0,200.0,0.25,True,0,0.0,0.0
cartesia-long_incident-r019,cartesia,sonic-3.5-2026-05-04,long_incident,80.0,200.0,0.5,True,0,0.0,0.0
cartesia-long_incident-r019,cartesia,sonic-3.5-2026-05-04,long_incident,80.0,200.0,0.75,True,0,0.0,0.0
cartesia-long_incident-r019,cartesia,sonic-3.5-2026-05-04,long_incident,80.0,400.0,0.25,True,0,0.0,0.0
cartesia-long_incident-r019,cartesia,sonic-3.5-2026-05-04,long_incident,80.0,400.0,0.5,True,0,0.0,0.0
cartesia-long_incident-r019,cartesia,sonic-3.5-2026-05-04,long_incident,80.0,400.0,0.75,True,0,0.0,0.0
cartesia-long_incident-r019,cartesia,sonic-3.5-2026-05-04,long_incident,80.0,800.0,0.25,True,0,0.0,0.0
cartesia-long_incident-r019,cartesia,sonic-3.5-2026-05-04,long_incident,80.0,800.0,0.5,True,0,0.0,0.0
cartesia-long_incident-r019,cartesia,sonic-3.5-2026-05-04,long_incident,80.0,800.0,0.75,True,0,0.0,0.0
cartesia-long_incident-r019,cartesia,sonic-3.5-2026-05-04,long_incident,80.0,1200.0,0.25,True,0,0.0,0.0
cartesia-long_incident-r019,cartesia,sonic-3.5-2026-05-04,long_incident,80.0,1200.0,0.5,True,0,0.0,0.0
cartesia-long_incident-r019,cartesia,sonic-3.5-2026-05-04,long_incident,80.0,1200.0,0.75,True,0,0.0,0.0
cartesia-long_itinerary-r000,cartesia,sonic-3.5-2026-05-04,long_itinerary,80.0,0.0,0.25,True,0,0.0,0.0
cartesia-long_itinerary-r000,cartesia,sonic-3.5-2026-05-04,long_itinerary,80.0,0.0,0.5,True,0,0.0,0.0
cartesia-long_itinerary-r000,cartesia,sonic-3.5-2026-05-04,long_itinerary,80.0,0.0,0.75,True,0,0.0,0.0
cartesia-long_itinerary-r000,cartesia,sonic-3.5-2026-05-04,long_itinerary,80.0,50.0,0.25,True,0,0.0,0.0
cartesia-long_itinerary-r000,cartesia,sonic-3.5-2026-05-04,long_itinerary,80.0,50.0,0.5,True,0,0.0,0.0
cartesia-long_itinerary-r000,cartesia,sonic-3.5-2026-05-04,long_itinerary,80.0,50.0,0.75,True,0,0.0,0.0
cartesia-long_itinerary-r000,cartesia,sonic-3.5-2026-05-04,long_itinerary,80.0,100.0,0.25,True,0,0.0,0.0
cartesia-long_itinerary-r000,cartesia,sonic-3.5-2026-05-04,long_itinerary,80.0,100.0,0.5,True,0,0.0,0.0
cartesia-long_itinerary-r000,cartesia,sonic-3.5-2026-05-04,long_itinerary,80.0,100.0,0.75,True,0,0.0,0.0
cartesia-long_itinerary-r000,cartesia,sonic-3.5-2026-05-04,long_itinerary,80.0,200.0,0.25,True,0,0.0,0.0
cartesia-long_itinerary-r000,cartesia,sonic-3.5-2026-05-04,long_itinerary,80.0,200.0,0.5,True,0,0.0,0.0
cartesia-long_itinerary-r000,cartesia,sonic-3.5-2026-05-04,long_itinerary,80.0,200.0,0.75,True,0,0.0,0.0
cartesia-long_itinerary-r000,cartesia,sonic-3.5-2026-05-04,long_itinerary,80.0,400.0,0.25,True,0,0.0,0.0
cartesia-long_itinerary-r000,cartesia,sonic-3.5-2026-05-04,long_itinerary,80.0,400.0,0.5,True,0,0.0,0.0
cartesia-long_itinerary-r000,cartesia,sonic-3.5-2026-05-04,long_itinerary,80.0,400.0,0.75,True,0,0.0,0.0
cartesia-long_itinerary-r000,cartesia,sonic-3.5-2026-05-04,long_itinerary,80.0,800.0,0.25,True,0,0.0,0.0
cartesia-long_itinerary-r000,cartesia,sonic-3.5-2026-05-04,long_itinerary,80.0,800.0,0.5,True,0,0.0,0.0
cartesia-long_itinerary-r000,cartesia,sonic-3.5-2026-05-04,long_itinerary,80.0,800.0,0.75,True,0,0.0,0.0
cartesia-long_itinerary-r000,cartesia,sonic-3.5-2026-05-04,long_itinerary,80.0,1200.0,0.25,True,0,0.0,0.0
cartesia-long_itinerary-r000,cartesia,sonic-3.5-2026-05-04,long_itinerary,80.0,1200.0,0.5,True,0,0.0,0.0
cartesia-long_itinerary-r000,cartesia,sonic-3.5-2026-05-04,long_itinerary,80.0,1200.0,0.75,True,0,0.0,0.0
cartesia-long_itinerary-r001,cartesia,sonic-3.5-2026-05-04,long_itinerary,80.0,0.0,0.25,True,0,0.0,0.0
cartesia-long_itinerary-r001,cartesia,sonic-3.5-2026-05-04,long_itinerary,80.0,0.0,0.5,True,0,0.0,0.0
cartesia-long_itinerary-r001,cartesia,sonic-3.5-2026-05-04,long_itinerary,80.0,0.0,0.75,True,0,0.0,0.0
cartesia-long_itinerary-r001,cartesia,sonic-3.5-2026-05-04,long_itinerary,80.0,50.0,0.25,True,0,0.0,0.0
cartesia-long_itinerary-r001,cartesia,sonic-3.5-2026-05-04,long_itinerary,80.0,50.0,0.5,True,0,0.0,0.0
cartesia-long_itinerary-r001,cartesia,sonic-3.5-2026-05-04,long_itinerary,80.0,50.0,0.75,True,0,0.0,0.0
cartesia-long_itinerary-r001,cartesia,sonic-3.5-2026-05-04,long_itinerary,80.0,100.0,0.25,True,0,0.0,0.0
cartesia-long_itinerary-r001,cartesia,sonic-3.5-2026-05-04,long_itinerary,80.0,100.0,0.5,True,0,0.0,0.0
cartesia-long_itinerary-r001,cartesia,sonic-3.5-2026-05-04,long_itinerary,80.0,100.0,0.75,True,0,0.0,0.0
cartesia-long_itinerary-r001,cartesia,sonic-3.5-2026-05-04,long_itinerary,80.0,200.0,0.25,True,0,0.0,0.0
cartesia-long_itinerary-r001,cartesia,sonic-3.5-2026-05-04,long_itinerary,80.0,200.0,0.5,True,0,0.0,0.0
cartesia-long_itinerary-r001,cartesia,sonic-3.5-2026-05-04,long_itinerary,80.0,200.0,0.75,True,0,0.0,0.0
cartesia-long_itinerary-r001,cartesia,sonic-3.5-2026-05-04,long_itinerary,80.0,400.0,0.25,True,0,0.0,0.0
cartesia-long_itinerary-r001,cartesia,sonic-3.5-2026-05-04,long_itinerary,80.0,400.0,0.5,True,0,0.0,0.0
cartesia-long_itinerary-r001,cartesia,sonic-3.5-2026-05-04,long_itinerary,80.0,400.0,0.75,True,0,0.0,0.0
cartesia-long_itinerary-r001,cartesia,sonic-3.5-2026-05-04,long_itinerary,80.0,800.0,0.25,True,0,0.0,0.0
cartesia-long_itinerary-r001,cartesia,sonic-3.5-2026-05-04,long_itinerary,80.0,800.0,0.5,True,0,0.0,0.0
cartesia-long_itinerary-r001,cartesia,sonic-3.5-2026-05-04,long_itinerary,80.0,800.0,0.75,True,0,0.0,0.0
cartesia-long_itinerary-r001,cartesia,sonic-3.5-2026-05-04,long_itinerary,80.0,1200.0,0.25,True,0,0.0,0.0
cartesia-long_itinerary-r001,cartesia,sonic-3.5-2026-05-04,long_itinerary,80.0,1200.0,0.5,True,0,0.0,0.0
cartesia-long_itinerary-r001,cartesia,sonic-3.5-2026-05-04,long_itinerary,80.0,1200.0,0.75,True,0,0.0,0.0
cartesia-long_itinerary-r002,cartesia,sonic-3.5-2026-05-04,long_itinerary,80.0,0.0,0.25,True,0,0.0,0.0
cartesia-long_itinerary-r002,cartesia,sonic-3.5-2026-05-04,long_itinerary,80.0,0.0,0.5,True,0,0.0,0.0
cartesia-long_itinerary-r002,cartesia,sonic-3.5-2026-05-04,long_itinerary,80.0,0.0,0.75,True,0,0.0,0.0
cartesia-long_itinerary-r002,cartesia,sonic-3.5-2026-05-04,long_itinerary,80.0,50.0,0.25,True,0,0.0,0.0
cartesia-long_itinerary-r002,cartesia,sonic-3.5-2026-05-04,long_itinerary,80.0,50.0,0.5,True,0,0.0,0.0
cartesia-long_itinerary-r002,cartesia,sonic-3.5-2026-05-04,long_itinerary,80.0,50.0,0.75,True,0,0.0,0.0
cartesia-long_itinerary-r002,cartesia,sonic-3.5-2026-05-04,long_itinerary,80.0,100.0,0.25,True,0,0.0,0.0
cartesia-long_itinerary-r002,cartesia,sonic-3.5-2026-05-04,long_itinerary,80.0,100.0,0.5,True,0,0.0,0.0
cartesia-long_itinerary-r002,cartesia,sonic-3.5-2026-05-04,long_itinerary,80.0,100.0,0.75,True,0,0.0,0.0
cartesia-long_itinerary-r002,cartesia,sonic-3.5-2026-05-04,long_itinerary,80.0,200.0,0.25,True,0,0.0,0.0
cartesia-long_itinerary-r002,cartesia,sonic-3.5-2026-05-04,long_itinerary,80.0,200.0,0.5,True,0,0.0,0.0
cartesia-long_itinerary-r002,cartesia,sonic-3.5-2026-05-04,long_itinerary,80.0,200.0,0.75,True,0,0.0,0.0
cartesia-long_itinerary-r002,cartesia,sonic-3.5-2026-05-04,long_itinerary,80.0,400.0,0.25,True,0,0.0,0.0
cartesia-long_itinerary-r002,cartesia,sonic-3.5-2026-05-04,long_itinerary,80.0,400.0,0.5,True,0,0.0,0.0
cartesia-long_itinerary-r002,cartesia,sonic-3.5-2026-05-04,long_itinerary,80.0,400.0,0.75,True,0,0.0,0.0
cartesia-long_itinerary-r002,cartesia,sonic-3.5-2026-05-04,long_itinerary,80.0,800.0,0.25,True,0,0.0,0.0
cartesia-long_itinerary-r002,cartesia,sonic-3.5-2026-05-04,long_itinerary,80.0,800.0,0.5,True,0,0.0,0.0
cartesia-long_itinerary-r002,cartesia,sonic-3.5-2026-05-04,long_itinerary,80.0,800.0,0.75,True,0,0.0,0.0
cartesia-long_itinerary-r002,cartesia,sonic-3.5-2026-05-04,long_itinerary,80.0,1200.0,0.25,True,0,0.0,0.0
cartesia-long_itinerary-r002,cartesia,sonic-3.5-2026-05-04,long_itinerary,80.0,1200.0,0.5,True,0,0.0,0.0
cartesia-long_itinerary-r002,cartesia,sonic-3.5-2026-05-04,long_itinerary,80.0,1200.0,0.75,True,0,0.0,0.0
cartesia-long_itinerary-r003,cartesia,sonic-3.5-2026-05-04,long_itinerary,80.0,0.0,0.25,True,0,0.0,0.0
cartesia-long_itinerary-r003,cartesia,sonic-3.5-2026-05-04,long_itinerary,80.0,0.0,0.5,True,0,0.0,0.0
cartesia-long_itinerary-r003,cartesia,sonic-3.5-2026-05-04,long_itinerary,80.0,0.0,0.75,True,0,0.0,0.0
cartesia-long_itinerary-r003,cartesia,sonic-3.5-2026-05-04,long_itinerary,80.0,50.0,0.25,True,0,0.0,0.0
cartesia-long_itinerary-r003,cartesia,sonic-3.5-2026-05-04,long_itinerary,80.0,50.0,0.5,True,0,0.0,0.0
cartesia-long_itinerary-r003,cartesia,sonic-3.5-2026-05-04,long_itinerary,80.0,50.0,0.75,True,0,0.0,0.0
cartesia-long_itinerary-r003,cartesia,sonic-3.5-2026-05-04,long_itinerary,80.0,100.0,0.25,True,0,0.0,0.0
cartesia-long_itinerary-r003,cartesia,sonic-3.5-2026-05-04,long_itinerary,80.0,100.0,0.5,True,0,0.0,0.0
cartesia-long_itinerary-r003,cartesia,sonic-3.5-2026-05-04,long_itinerary,80.0,100.0,0.75,True,0,0.0,0.0
cartesia-long_itinerary-r003,cartesia,sonic-3.5-2026-05-04,long_itinerary,80.0,200.0,0.25,True,0,0.0,0.0
cartesia-long_itinerary-r003,cartesia,sonic-3.5-2026-05-04,long_itinerary,80.0,200.0,0.5,True,0,0.0,0.0
cartesia-long_itinerary-r003,cartesia,sonic-3.5-2026-05-04,long_itinerary,80.0,200.0,0.75,True,0,0.0,0.0
cartesia-long_itinerary-r003,cartesia,sonic-3.5-2026-05-04,long_itinerary,80.0,400.0,0.25,True,0,0.0,0.0
cartesia-long_itinerary-r003,cartesia,sonic-3.5-2026-05-04,long_itinerary,80.0,400.0,0.5,True,0,0.0,0.0
cartesia-long_itinerary-r003,cartesia,sonic-3.5-2026-05-04,long_itinerary,80.0,400.0,0.75,True,0,0.0,0.0
cartesia-long_itinerary-r003,cartesia,sonic-3.5-2026-05-04,long_itinerary,80.0,800.0,0.25,True,0,0.0,0.0
cartesia-long_itinerary-r003,cartesia,sonic-3.5-2026-05-04,long_itinerary,80.0,800.0,0.5,True,0,0.0,0.0
cartesia-long_itinerary-r003,cartesia,sonic-3.5-2026-05-04,long_itinerary,80.0,800.0,0.75,True,0,0.0,0.0
cartesia-long_itinerary-r003,cartesia,sonic-3.5-2026-05-04,long_itinerary,80.0,1200.0,0.25,True,0,0.0,0.0
cartesia-long_itinerary-r003,cartesia,sonic-3.5-2026-05-04,long_itinerary,80.0,1200.0,0.5,True,0,0.0,0.0
cartesia-long_itinerary-r003,cartesia,sonic-3.5-2026-05-04,long_itinerary,80.0,1200.0,0.75,True,0,0.0,0.0
cartesia-long_itinerary-r004,cartesia,sonic-3.5-2026-05-04,long_itinerary,80.0,0.0,0.25,True,0,0.0,0.0
cartesia-long_itinerary-r004,cartesia,sonic-3.5-2026-05-04,long_itinerary,80.0,0.0,0.5,True,0,0.0,0.0
cartesia-long_itinerary-r004,cartesia,sonic-3.5-2026-05-04,long_itinerary,80.0,0.0,0.75,True,0,0.0,0.0
cartesia-long_itinerary-r004,cartesia,sonic-3.5-2026-05-04,long_itinerary,80.0,50.0,0.25,True,0,0.0,0.0
cartesia-long_itinerary-r004,cartesia,sonic-3.5-2026-05-04,long_itinerary,80.0,50.0,0.5,True,0,0.0,0.0
cartesia-long_itinerary-r004,cartesia,sonic-3.5-2026-05-04,long_itinerary,80.0,50.0,0.75,True,0,0.0,0.0
cartesia-long_itinerary-r004,cartesia,sonic-3.5-2026-05-04,long_itinerary,80.0,100.0,0.25,True,0,0.0,0.0
cartesia-long_itinerary-r004,cartesia,sonic-3.5-2026-05-04,long_itinerary,80.0,100.0,0.5,True,0,0.0,0.0
cartesia-long_itinerary-r004,cartesia,sonic-3.5-2026-05-04,long_itinerary,80.0,100.0,0.75,True,0,0.0,0.0
cartesia-long_itinerary-r004,cartesia,sonic-3.5-2026-05-04,long_itinerary,80.0,200.0,0.25,True,0,0.0,0.0
cartesia-long_itinerary-r004,cartesia,sonic-3.5-2026-05-04,long_itinerary,80.0,200.0,0.5,True,0,0.0,0.0
cartesia-long_itinerary-r004,cartesia,sonic-3.5-2026-05-04,long_itinerary,80.0,200.0,0.75,True,0,0.0,0.0
cartesia-long_itinerary-r004,cartesia,sonic-3.5-2026-05-04,long_itinerary,80.0,400.0,0.25,True,0,0.0,0.0
cartesia-long_itinerary-r004,cartesia,sonic-3.5-2026-05-04,long_itinerary,80.0,400.0,0.5,True,0,0.0,0.0
cartesia-long_itinerary-r004,cartesia,sonic-3.5-2026-05-04,long_itinerary,80.0,400.0,0.75,True,0,0.0,0.0
cartesia-long_itinerary-r004,cartesia,sonic-3.5-2026-05-04,long_itinerary,80.0,800.0,0.25,True,0,0.0,0.0
cartesia-long_itinerary-r004,cartesia,sonic-3.5-2026-05-04,long_itinerary,80.0,800.0,0.5,True,0,0.0,0.0
cartesia-long_itinerary-r004,cartesia,sonic-3.5-2026-05-04,long_itinerary,80.0,800.0,0.75,True,0,0.0,0.0
cartesia-long_itinerary-r004,cartesia,sonic-3.5-2026-05-04,long_itinerary,80.0,1200.0,0.25,True,0,0.0,0.0
cartesia-long_itinerary-r004,cartesia,sonic-3.5-2026-05-04,long_itinerary,80.0,1200.0,0.5,True,0,0.0,0.0
cartesia-long_itinerary-r004,cartesia,sonic-3.5-2026-05-04,long_itinerary,80.0,1200.0,0.75,True,0,0.0,0.0
cartesia-long_itinerary-r005,cartesia,sonic-3.5-2026-05-04,long_itinerary,80.0,0.0,0.25,True,0,0.0,0.0
cartesia-long_itinerary-r005,cartesia,sonic-3.5-2026-05-04,long_itinerary,80.0,0.0,0.5,True,0,0.0,0.0
cartesia-long_itinerary-r005,cartesia,sonic-3.5-2026-05-04,long_itinerary,80.0,0.0,0.75,True,0,0.0,0.0
cartesia-long_itinerary-r005,cartesia,sonic-3.5-2026-05-04,long_itinerary,80.0,50.0,0.25,True,0,0.0,0.0
cartesia-long_itinerary-r005,cartesia,sonic-3.5-2026-05-04,long_itinerary,80.0,50.0,0.5,True,0,0.0,0.0
cartesia-long_itinerary-r005,cartesia,sonic-3.5-2026-05-04,long_itinerary,80.0,50.0,0.75,True,0,0.0,0.0
cartesia-long_itinerary-r005,cartesia,sonic-3.5-2026-05-04,long_itinerary,80.0,100.0,0.25,True,0,0.0,0.0
cartesia-long_itinerary-r005,cartesia,sonic-3.5-2026-05-04,long_itinerary,80.0,100.0,0.5,True,0,0.0,0.0
cartesia-long_itinerary-r005,cartesia,sonic-3.5-2026-05-04,long_itinerary,80.0,100.0,0.75,True,0,0.0,0.0
cartesia-long_itinerary-r005,cartesia,sonic-3.5-2026-05-04,long_itinerary,80.0,200.0,0.25,True,0,0.0,0.0
cartesia-long_itinerary-r005,cartesia,sonic-3.5-2026-05-04,long_itinerary,80.0,200.0,0.5,True,0,0.0,0.0
cartesia-long_itinerary-r005,cartesia,sonic-3.5-2026-05-04,long_itinerary,80.0,200.0,0.75,True,0,0.0,0.0
cartesia-long_itinerary-r005,cartesia,sonic-3.5-2026-05-04,long_itinerary,80.0,400.0,0.25,True,0,0.0,0.0
cartesia-long_itinerary-r005,cartesia,sonic-3.5-2026-05-04,long_itinerary,80.0,400.0,0.5,True,0,0.0,0.0
cartesia-long_itinerary-r005,cartesia,sonic-3.5-2026-05-04,long_itinerary,80.0,400.0,0.75,True,0,0.0,0.0
cartesia-long_itinerary-r005,cartesia,sonic-3.5-2026-05-04,long_itinerary,80.0,800.0,0.25,True,0,0.0,0.0
cartesia-long_itinerary-r005,cartesia,sonic-3.5-2026-05-04,long_itinerary,80.0,800.0,0.5,True,0,0.0,0.0
cartesia-long_itinerary-r005,cartesia,sonic-3.5-2026-05-04,long_itinerary,80.0,800.0,0.75,True,0,0.0,0.0
cartesia-long_itinerary-r005,cartesia,sonic-3.5-2026-05-04,long_itinerary,80.0,1200.0,0.25,True,0,0.0,0.0
cartesia-long_itinerary-r005,cartesia,sonic-3.5-2026-05-04,long_itinerary,80.0,1200.0,0.5,True,0,0.0,0.0
cartesia-long_itinerary-r005,cartesia,sonic-3.5-2026-05-04,long_itinerary,80.0,1200.0,0.75,True,0,0.0,0.0
cartesia-long_itinerary-r006,cartesia,sonic-3.5-2026-05-04,long_itinerary,80.0,0.0,0.25,True,0,0.0,0.0
cartesia-long_itinerary-r006,cartesia,sonic-3.5-2026-05-04,long_itinerary,80.0,0.0,0.5,True,0,0.0,0.0
cartesia-long_itinerary-r006,cartesia,sonic-3.5-2026-05-04,long_itinerary,80.0,0.0,0.75,True,0,0.0,0.0
cartesia-long_itinerary-r006,cartesia,sonic-3.5-2026-05-04,long_itinerary,80.0,50.0,0.25,True,0,0.0,0.0
cartesia-long_itinerary-r006,cartesia,sonic-3.5-2026-05-04,long_itinerary,80.0,50.0,0.5,True,0,0.0,0.0
cartesia-long_itinerary-r006,cartesia,sonic-3.5-2026-05-04,long_itinerary,80.0,50.0,0.75,True,0,0.0,0.0
cartesia-long_itinerary-r006,cartesia,sonic-3.5-2026-05-04,long_itinerary,80.0,100.0,0.25,True,0,0.0,0.0
cartesia-long_itinerary-r006,cartesia,sonic-3.5-2026-05-04,long_itinerary,80.0,100.0,0.5,True,0,0.0,0.0
cartesia-long_itinerary-r006,cartesia,sonic-3.5-2026-05-04,long_itinerary,80.0,100.0,0.75,True,0,0.0,0.0
cartesia-long_itinerary-r006,cartesia,sonic-3.5-2026-05-04,long_itinerary,80.0,200.0,0.25,True,0,0.0,0.0
cartesia-long_itinerary-r006,cartesia,sonic-3.5-2026-05-04,long_itinerary,80.0,200.0,0.5,True,0,0.0,0.0
cartesia-long_itinerary-r006,cartesia,sonic-3.5-2026-05-04,long_itinerary,80.0,200.0,0.75,True,0,0.0,0.0
cartesia-long_itinerary-r006,cartesia,sonic-3.5-2026-05-04,long_itinerary,80.0,400.0,0.25,True,0,0.0,0.0
cartesia-long_itinerary-r006,cartesia,sonic-3.5-2026-05-04,long_itinerary,80.0,400.0,0.5,True,0,0.0,0.0
cartesia-long_itinerary-r006,cartesia,sonic-3.5-2026-05-04,long_itinerary,80.0,400.0,0.75,True,0,0.0,0.0
cartesia-long_itinerary-r006,cartesia,sonic-3.5-2026-05-04,long_itinerary,80.0,800.0,0.25,True,0,0.0,0.0
cartesia-long_itinerary-r006,cartesia,sonic-3.5-2026-05-04,long_itinerary,80.0,800.0,0.5,True,0,0.0,0.0
cartesia-long_itinerary-r006,cartesia,sonic-3.5-2026-05-04,long_itinerary,80.0,800.0,0.75,True,0,0.0,0.0
cartesia-long_itinerary-r006,cartesia,sonic-3.5-2026-05-04,long_itinerary,80.0,1200.0,0.25,True,0,0.0,0.0
cartesia-long_itinerary-r006,cartesia,sonic-3.5-2026-05-04,long_itinerary,80.0,1200.0,0.5,True,0,0.0,0.0
cartesia-long_itinerary-r006,cartesia,sonic-3.5-2026-05-04,long_itinerary,80.0,1200.0,0.75,True,0,0.0,0.0
cartesia-long_itinerary-r007,cartesia,sonic-3.5-2026-05-04,long_itinerary,80.0,0.0,0.25,True,0,0.0,0.0
cartesia-long_itinerary-r007,cartesia,sonic-3.5-2026-05-04,long_itinerary,80.0,0.0,0.5,True,0,0.0,0.0
cartesia-long_itinerary-r007,cartesia,sonic-3.5-2026-05-04,long_itinerary,80.0,0.0,0.75,True,0,0.0,0.0
cartesia-long_itinerary-r007,cartesia,sonic-3.5-2026-05-04,long_itinerary,80.0,50.0,0.25,True,0,0.0,0.0
cartesia-long_itinerary-r007,cartesia,sonic-3.5-2026-05-04,long_itinerary,80.0,50.0,0.5,True,0,0.0,0.0
cartesia-long_itinerary-r007,cartesia,sonic-3.5-2026-05-04,long_itinerary,80.0,50.0,0.75,True,0,0.0,0.0
cartesia-long_itinerary-r007,cartesia,sonic-3.5-2026-05-04,long_itinerary,80.0,100.0,0.25,True,0,0.0,0.0
cartesia-long_itinerary-r007,cartesia,sonic-3.5-2026-05-04,long_itinerary,80.0,100.0,0.5,True,0,0.0,0.0
cartesia-long_itinerary-r007,cartesia,sonic-3.5-2026-05-04,long_itinerary,80.0,100.0,0.75,True,0,0.0,0.0
cartesia-long_itinerary-r007,cartesia,sonic-3.5-2026-05-04,long_itinerary,80.0,200.0,0.25,True,0,0.0,0.0
cartesia-long_itinerary-r007,cartesia,sonic-3.5-2026-05-04,long_itinerary,80.0,200.0,0.5,True,0,0.0,0.0
cartesia-long_itinerary-r007,cartesia,sonic-3.5-2026-05-04,long_itinerary,80.0,200.0,0.75,True,0,0.0,0.0
cartesia-long_itinerary-r007,cartesia,sonic-3.5-2026-05-04,long_itinerary,80.0,400.0,0.25,True,0,0.0,0.0
cartesia-long_itinerary-r007,cartesia,sonic-3.5-2026-05-04,long_itinerary,80.0,400.0,0.5,True,0,0.0,0.0
cartesia-long_itinerary-r007,cartesia,sonic-3.5-2026-05-04,long_itinerary,80.0,400.0,0.75,True,0,0.0,0.0
cartesia-long_itinerary-r007,cartesia,sonic-3.5-2026-05-04,long_itinerary,80.0,800.0,0.25,True,0,0.0,0.0
cartesia-long_itinerary-r007,cartesia,sonic-3.5-2026-05-04,long_itinerary,80.0,800.0,0.5,True,0,0.0,0.0
cartesia-long_itinerary-r007,cartesia,sonic-3.5-2026-05-04,long_itinerary,80.0,800.0,0.75,True,0,0.0,0.0
cartesia-long_itinerary-r007,cartesia,sonic-3.5-2026-05-04,long_itinerary,80.0,1200.0,0.25,True,0,0.0,0.0
cartesia-long_itinerary-r007,cartesia,sonic-3.5-2026-05-04,long_itinerary,80.0,1200.0,0.5,True,0,0.0,0.0
cartesia-long_itinerary-r007,cartesia,sonic-3.5-2026-05-04,long_itinerary,80.0,1200.0,0.75,True,0,0.0,0.0
cartesia-long_itinerary-r008,cartesia,sonic-3.5-2026-05-04,long_itinerary,80.0,0.0,0.25,True,0,0.0,0.0
cartesia-long_itinerary-r008,cartesia,sonic-3.5-2026-05-04,long_itinerary,80.0,0.0,0.5,True,0,0.0,0.0
cartesia-long_itinerary-r008,cartesia,sonic-3.5-2026-05-04,long_itinerary,80.0,0.0,0.75,True,0,0.0,0.0
cartesia-long_itinerary-r008,cartesia,sonic-3.5-2026-05-04,long_itinerary,80.0,50.0,0.25,True,0,0.0,0.0
cartesia-long_itinerary-r008,cartesia,sonic-3.5-2026-05-04,long_itinerary,80.0,50.0,0.5,True,0,0.0,0.0
cartesia-long_itinerary-r008,cartesia,sonic-3.5-2026-05-04,long_itinerary,80.0,50.0,0.75,True,0,0.0,0.0
cartesia-long_itinerary-r008,cartesia,sonic-3.5-2026-05-04,long_itinerary,80.0,100.0,0.25,True,0,0.0,0.0
cartesia-long_itinerary-r008,cartesia,sonic-3.5-2026-05-04,long_itinerary,80.0,100.0,0.5,True,0,0.0,0.0
cartesia-long_itinerary-r008,cartesia,sonic-3.5-2026-05-04,long_itinerary,80.0,100.0,0.75,True,0,0.0,0.0
cartesia-long_itinerary-r008,cartesia,sonic-3.5-2026-05-04,long_itinerary,80.0,200.0,0.25,True,0,0.0,0.0
cartesia-long_itinerary-r008,cartesia,sonic-3.5-2026-05-04,long_itinerary,80.0,200.0,0.5,True,0,0.0,0.0
cartesia-long_itinerary-r008,cartesia,sonic-3.5-2026-05-04,long_itinerary,80.0,200.0,0.75,True,0,0.0,0.0
cartesia-long_itinerary-r008,cartesia,sonic-3.5-2026-05-04,long_itinerary,80.0,400.0,0.25,True,0,0.0,0.0
cartesia-long_itinerary-r008,cartesia,sonic-3.5-2026-05-04,long_itinerary,80.0,400.0,0.5,True,0,0.0,0.0
cartesia-long_itinerary-r008,cartesia,sonic-3.5-2026-05-04,long_itinerary,80.0,400.0,0.75,True,0,0.0,0.0
cartesia-long_itinerary-r008,cartesia,sonic-3.5-2026-05-04,long_itinerary,80.0,800.0,0.25,True,0,0.0,0.0
cartesia-long_itinerary-r008,cartesia,sonic-3.5-2026-05-04,long_itinerary,80.0,800.0,0.5,True,0,0.0,0.0
cartesia-long_itinerary-r008,cartesia,sonic-3.5-2026-05-04,long_itinerary,80.0,800.0,0.75,True,0,0.0,0.0
cartesia-long_itinerary-r008,cartesia,sonic-3.5-2026-05-04,long_itinerary,80.0,1200.0,0.25,True,0,0.0,0.0
cartesia-long_itinerary-r008,cartesia,sonic-3.5-2026-05-04,long_itinerary,80.0,1200.0,0.5,True,0,0.0,0.0
cartesia-long_itinerary-r008,cartesia,sonic-3.5-2026-05-04,long_itinerary,80.0,1200.0,0.75,True,0,0.0,0.0
cartesia-long_itinerary-r009,cartesia,sonic-3.5-2026-05-04,long_itinerary,80.0,0.0,0.25,True,0,0.0,0.0
cartesia-long_itinerary-r009,cartesia,sonic-3.5-2026-05-04,long_itinerary,80.0,0.0,0.5,True,0,0.0,0.0
cartesia-long_itinerary-r009,cartesia,sonic-3.5-2026-05-04,long_itinerary,80.0,0.0,0.75,True,0,0.0,0.0
cartesia-long_itinerary-r009,cartesia,sonic-3.5-2026-05-04,long_itinerary,80.0,50.0,0.25,True,0,0.0,0.0
cartesia-long_itinerary-r009,cartesia,sonic-3.5-2026-05-04,long_itinerary,80.0,50.0,0.5,True,0,0.0,0.0
cartesia-long_itinerary-r009,cartesia,sonic-3.5-2026-05-04,long_itinerary,80.0,50.0,0.75,True,0,0.0,0.0
cartesia-long_itinerary-r009,cartesia,sonic-3.5-2026-05-04,long_itinerary,80.0,100.0,0.25,True,0,0.0,0.0
cartesia-long_itinerary-r009,cartesia,sonic-3.5-2026-05-04,long_itinerary,80.0,100.0,0.5,True,0,0.0,0.0
cartesia-long_itinerary-r009,cartesia,sonic-3.5-2026-05-04,long_itinerary,80.0,100.0,0.75,True,0,0.0,0.0
cartesia-long_itinerary-r009,cartesia,sonic-3.5-2026-05-04,long_itinerary,80.0,200.0,0.25,True,0,0.0,0.0
cartesia-long_itinerary-r009,cartesia,sonic-3.5-2026-05-04,long_itinerary,80.0,200.0,0.5,True,0,0.0,0.0
cartesia-long_itinerary-r009,cartesia,sonic-3.5-2026-05-04,long_itinerary,80.0,200.0,0.75,True,0,0.0,0.0
cartesia-long_itinerary-r009,cartesia,sonic-3.5-2026-05-04,long_itinerary,80.0,400.0,0.25,True,0,0.0,0.0
cartesia-long_itinerary-r009,cartesia,sonic-3.5-2026-05-04,long_itinerary,80.0,400.0,0.5,True,0,0.0,0.0
cartesia-long_itinerary-r009,cartesia,sonic-3.5-2026-05-04,long_itinerary,80.0,400.0,0.75,True,0,0.0,0.0
cartesia-long_itinerary-r009,cartesia,sonic-3.5-2026-05-04,long_itinerary,80.0,800.0,0.25,True,0,0.0,0.0
cartesia-long_itinerary-r009,cartesia,sonic-3.5-2026-05-04,long_itinerary,80.0,800.0,0.5,True,0,0.0,0.0
cartesia-long_itinerary-r009,cartesia,sonic-3.5-2026-05-04,long_itinerary,80.0,800.0,0.75,True,0,0.0,0.0
cartesia-long_itinerary-r009,cartesia,sonic-3.5-2026-05-04,long_itinerary,80.0,1200.0,0.25,True,0,0.0,0.0
cartesia-long_itinerary-r009,cartesia,sonic-3.5-2026-05-04,long_itinerary,80.0,1200.0,0.5,True,0,0.0,0.0
cartesia-long_itinerary-r009,cartesia,sonic-3.5-2026-05-04,long_itinerary,80.0,1200.0,0.75,True,0,0.0,0.0
cartesia-long_itinerary-r010,cartesia,sonic-3.5-2026-05-04,long_itinerary,80.0,0.0,0.25,True,0,0.0,0.0
cartesia-long_itinerary-r010,cartesia,sonic-3.5-2026-05-04,long_itinerary,80.0,0.0,0.5,True,0,0.0,0.0
cartesia-long_itinerary-r010,cartesia,sonic-3.5-2026-05-04,long_itinerary,80.0,0.0,0.75,True,0,0.0,0.0
cartesia-long_itinerary-r010,cartesia,sonic-3.5-2026-05-04,long_itinerary,80.0,50.0,0.25,True,0,0.0,0.0
cartesia-long_itinerary-r010,cartesia,sonic-3.5-2026-05-04,long_itinerary,80.0,50.0,0.5,True,0,0.0,0.0
cartesia-long_itinerary-r010,cartesia,sonic-3.5-2026-05-04,long_itinerary,80.0,50.0,0.75,True,0,0.0,0.0
cartesia-long_itinerary-r010,cartesia,sonic-3.5-2026-05-04,long_itinerary,80.0,100.0,0.25,True,0,0.0,0.0
cartesia-long_itinerary-r010,cartesia,sonic-3.5-2026-05-04,long_itinerary,80.0,100.0,0.5,True,0,0.0,0.0
cartesia-long_itinerary-r010,cartesia,sonic-3.5-2026-05-04,long_itinerary,80.0,100.0,0.75,True,0,0.0,0.0
cartesia-long_itinerary-r010,cartesia,sonic-3.5-2026-05-04,long_itinerary,80.0,200.0,0.25,True,0,0.0,0.0
cartesia-long_itinerary-r010,cartesia,sonic-3.5-2026-05-04,long_itinerary,80.0,200.0,0.5,True,0,0.0,0.0
cartesia-long_itinerary-r010,cartesia,sonic-3.5-2026-05-04,long_itinerary,80.0,200.0,0.75,True,0,0.0,0.0
cartesia-long_itinerary-r010,cartesia,sonic-3.5-2026-05-04,long_itinerary,80.0,400.0,0.25,True,0,0.0,0.0
cartesia-long_itinerary-r010,cartesia,sonic-3.5-2026-05-04,long_itinerary,80.0,400.0,0.5,True,0,0.0,0.0
cartesia-long_itinerary-r010,cartesia,sonic-3.5-2026-05-04,long_itinerary,80.0,400.0,0.75,True,0,0.0,0.0
cartesia-long_itinerary-r010,cartesia,sonic-3.5-2026-05-04,long_itinerary,80.0,800.0,0.25,True,0,0.0,0.0
cartesia-long_itinerary-r010,cartesia,sonic-3.5-2026-05-04,long_itinerary,80.0,800.0,0.5,True,0,0.0,0.0
cartesia-long_itinerary-r010,cartesia,sonic-3.5-2026-05-04,long_itinerary,80.0,800.0,0.75,True,0,0.0,0.0
cartesia-long_itinerary-r010,cartesia,sonic-3.5-2026-05-04,long_itinerary,80.0,1200.0,0.25,True,0,0.0,0.0
cartesia-long_itinerary-r010,cartesia,sonic-3.5-2026-05-04,long_itinerary,80.0,1200.0,0.5,True,0,0.0,0.0
cartesia-long_itinerary-r010,cartesia,sonic-3.5-2026-05-04,long_itinerary,80.0,1200.0,0.75,True,0,0.0,0.0
cartesia-long_itinerary-r011,cartesia,sonic-3.5-2026-05-04,long_itinerary,80.0,0.0,0.25,True,0,0.0,0.0
cartesia-long_itinerary-r011,cartesia,sonic-3.5-2026-05-04,long_itinerary,80.0,0.0,0.5,True,0,0.0,0.0
cartesia-long_itinerary-r011,cartesia,sonic-3.5-2026-05-04,long_itinerary,80.0,0.0,0.75,True,0,0.0,0.0
cartesia-long_itinerary-r011,cartesia,sonic-3.5-2026-05-04,long_itinerary,80.0,50.0,0.25,True,0,0.0,0.0
cartesia-long_itinerary-r011,cartesia,sonic-3.5-2026-05-04,long_itinerary,80.0,50.0,0.5,True,0,0.0,0.0
cartesia-long_itinerary-r011,cartesia,sonic-3.5-2026-05-04,long_itinerary,80.0,50.0,0.75,True,0,0.0,0.0
cartesia-long_itinerary-r011,cartesia,sonic-3.5-2026-05-04,long_itinerary,80.0,100.0,0.25,True,0,0.0,0.0
cartesia-long_itinerary-r011,cartesia,sonic-3.5-2026-05-04,long_itinerary,80.0,100.0,0.5,True,0,0.0,0.0
cartesia-long_itinerary-r011,cartesia,sonic-3.5-2026-05-04,long_itinerary,80.0,100.0,0.75,True,0,0.0,0.0
cartesia-long_itinerary-r011,cartesia,sonic-3.5-2026-05-04,long_itinerary,80.0,200.0,0.25,True,0,0.0,0.0
cartesia-long_itinerary-r011,cartesia,sonic-3.5-2026-05-04,long_itinerary,80.0,200.0,0.5,True,0,0.0,0.0
cartesia-long_itinerary-r011,cartesia,sonic-3.5-2026-05-04,long_itinerary,80.0,200.0,0.75,True,0,0.0,0.0
cartesia-long_itinerary-r011,cartesia,sonic-3.5-2026-05-04,long_itinerary,80.0,400.0,0.25,True,0,0.0,0.0
cartesia-long_itinerary-r011,cartesia,sonic-3.5-2026-05-04,long_itinerary,80.0,400.0,0.5,True,0,0.0,0.0
cartesia-long_itinerary-r011,cartesia,sonic-3.5-2026-05-04,long_itinerary,80.0,400.0,0.75,True,0,0.0,0.0
cartesia-long_itinerary-r011,cartesia,sonic-3.5-2026-05-04,long_itinerary,80.0,800.0,0.25,True,0,0.0,0.0
cartesia-long_itinerary-r011,cartesia,sonic-3.5-2026-05-04,long_itinerary,80.0,800.0,0.5,True,0,0.0,0.0
cartesia-long_itinerary-r011,cartesia,sonic-3.5-2026-05-04,long_itinerary,80.0,800.0,0.75,True,0,0.0,0.0
cartesia-long_itinerary-r011,cartesia,sonic-3.5-2026-05-04,long_itinerary,80.0,1200.0,0.25,True,0,0.0,0.0
cartesia-long_itinerary-r011,cartesia,sonic-3.5-2026-05-04,long_itinerary,80.0,1200.0,0.5,True,0,0.0,0.0
cartesia-long_itinerary-r011,cartesia,sonic-3.5-2026-05-04,long_itinerary,80.0,1200.0,0.75,True,0,0.0,0.0
cartesia-long_itinerary-r012,cartesia,sonic-3.5-2026-05-04,long_itinerary,80.0,0.0,0.25,True,0,0.0,0.0
cartesia-long_itinerary-r012,cartesia,sonic-3.5-2026-05-04,long_itinerary,80.0,0.0,0.5,True,0,0.0,0.0
cartesia-long_itinerary-r012,cartesia,sonic-3.5-2026-05-04,long_itinerary,80.0,0.0,0.75,True,0,0.0,0.0
cartesia-long_itinerary-r012,cartesia,sonic-3.5-2026-05-04,long_itinerary,80.0,50.0,0.25,True,0,0.0,0.0
cartesia-long_itinerary-r012,cartesia,sonic-3.5-2026-05-04,long_itinerary,80.0,50.0,0.5,True,0,0.0,0.0
cartesia-long_itinerary-r012,cartesia,sonic-3.5-2026-05-04,long_itinerary,80.0,50.0,0.75,True,0,0.0,0.0
cartesia-long_itinerary-r012,cartesia,sonic-3.5-2026-05-04,long_itinerary,80.0,100.0,0.25,True,0,0.0,0.0
cartesia-long_itinerary-r012,cartesia,sonic-3.5-2026-05-04,long_itinerary,80.0,100.0,0.5,True,0,0.0,0.0
cartesia-long_itinerary-r012,cartesia,sonic-3.5-2026-05-04,long_itinerary,80.0,100.0,0.75,True,0,0.0,0.0
cartesia-long_itinerary-r012,cartesia,sonic-3.5-2026-05-04,long_itinerary,80.0,200.0,0.25,True,0,0.0,0.0
cartesia-long_itinerary-r012,cartesia,sonic-3.5-2026-05-04,long_itinerary,80.0,200.0,0.5,True,0,0.0,0.0
cartesia-long_itinerary-r012,cartesia,sonic-3.5-2026-05-04,long_itinerary,80.0,200.0,0.75,True,0,0.0,0.0
cartesia-long_itinerary-r012,cartesia,sonic-3.5-2026-05-04,long_itinerary,80.0,400.0,0.25,True,0,0.0,0.0
cartesia-long_itinerary-r012,cartesia,sonic-3.5-2026-05-04,long_itinerary,80.0,400.0,0.5,True,0,0.0,0.0
cartesia-long_itinerary-r012,cartesia,sonic-3.5-2026-05-04,long_itinerary,80.0,400.0,0.75,True,0,0.0,0.0
cartesia-long_itinerary-r012,cartesia,sonic-3.5-2026-05-04,long_itinerary,80.0,800.0,0.25,True,0,0.0,0.0
cartesia-long_itinerary-r012,cartesia,sonic-3.5-2026-05-04,long_itinerary,80.0,800.0,0.5,True,0,0.0,0.0
cartesia-long_itinerary-r012,cartesia,sonic-3.5-2026-05-04,long_itinerary,80.0,800.0,0.75,True,0,0.0,0.0
cartesia-long_itinerary-r012,cartesia,sonic-3.5-2026-05-04,long_itinerary,80.0,1200.0,0.25,True,0,0.0,0.0
cartesia-long_itinerary-r012,cartesia,sonic-3.5-2026-05-04,long_itinerary,80.0,1200.0,0.5,True,0,0.0,0.0
cartesia-long_itinerary-r012,cartesia,sonic-3.5-2026-05-04,long_itinerary,80.0,1200.0,0.75,True,0,0.0,0.0
cartesia-long_itinerary-r013,cartesia,sonic-3.5-2026-05-04,long_itinerary,80.0,0.0,0.25,True,0,0.0,0.0
cartesia-long_itinerary-r013,cartesia,sonic-3.5-2026-05-04,long_itinerary,80.0,0.0,0.5,True,0,0.0,0.0
cartesia-long_itinerary-r013,cartesia,sonic-3.5-2026-05-04,long_itinerary,80.0,0.0,0.75,True,0,0.0,0.0
cartesia-long_itinerary-r013,cartesia,sonic-3.5-2026-05-04,long_itinerary,80.0,50.0,0.25,True,0,0.0,0.0
cartesia-long_itinerary-r013,cartesia,sonic-3.5-2026-05-04,long_itinerary,80.0,50.0,0.5,True,0,0.0,0.0
cartesia-long_itinerary-r013,cartesia,sonic-3.5-2026-05-04,long_itinerary,80.0,50.0,0.75,True,0,0.0,0.0
cartesia-long_itinerary-r013,cartesia,sonic-3.5-2026-05-04,long_itinerary,80.0,100.0,0.25,True,0,0.0,0.0
cartesia-long_itinerary-r013,cartesia,sonic-3.5-2026-05-04,long_itinerary,80.0,100.0,0.5,True,0,0.0,0.0
cartesia-long_itinerary-r013,cartesia,sonic-3.5-2026-05-04,long_itinerary,80.0,100.0,0.75,True,0,0.0,0.0
cartesia-long_itinerary-r013,cartesia,sonic-3.5-2026-05-04,long_itinerary,80.0,200.0,0.25,True,0,0.0,0.0
cartesia-long_itinerary-r013,cartesia,sonic-3.5-2026-05-04,long_itinerary,80.0,200.0,0.5,True,0,0.0,0.0
cartesia-long_itinerary-r013,cartesia,sonic-3.5-2026-05-04,long_itinerary,80.0,200.0,0.75,True,0,0.0,0.0
cartesia-long_itinerary-r013,cartesia,sonic-3.5-2026-05-04,long_itinerary,80.0,400.0,0.25,True,0,0.0,0.0
cartesia-long_itinerary-r013,cartesia,sonic-3.5-2026-05-04,long_itinerary,80.0,400.0,0.5,True,0,0.0,0.0
cartesia-long_itinerary-r013,cartesia,sonic-3.5-2026-05-04,long_itinerary,80.0,400.0,0.75,True,0,0.0,0.0
cartesia-long_itinerary-r013,cartesia,sonic-3.5-2026-05-04,long_itinerary,80.0,800.0,0.25,True,0,0.0,0.0
cartesia-long_itinerary-r013,cartesia,sonic-3.5-2026-05-04,long_itinerary,80.0,800.0,0.5,True,0,0.0,0.0
cartesia-long_itinerary-r013,cartesia,sonic-3.5-2026-05-04,long_itinerary,80.0,800.0,0.75,True,0,0.0,0.0
cartesia-long_itinerary-r013,cartesia,sonic-3.5-2026-05-04,long_itinerary,80.0,1200.0,0.25,True,0,0.0,0.0
cartesia-long_itinerary-r013,cartesia,sonic-3.5-2026-05-04,long_itinerary,80.0,1200.0,0.5,True,0,0.0,0.0
cartesia-long_itinerary-r013,cartesia,sonic-3.5-2026-05-04,long_itinerary,80.0,1200.0,0.75,True,0,0.0,0.0
cartesia-long_itinerary-r014,cartesia,sonic-3.5-2026-05-04,long_itinerary,80.0,0.0,0.25,True,0,0.0,0.0
cartesia-long_itinerary-r014,cartesia,sonic-3.5-2026-05-04,long_itinerary,80.0,0.0,0.5,True,0,0.0,0.0
cartesia-long_itinerary-r014,cartesia,sonic-3.5-2026-05-04,long_itinerary,80.0,0.0,0.75,True,0,0.0,0.0
cartesia-long_itinerary-r014,cartesia,sonic-3.5-2026-05-04,long_itinerary,80.0,50.0,0.25,True,0,0.0,0.0
cartesia-long_itinerary-r014,cartesia,sonic-3.5-2026-05-04,long_itinerary,80.0,50.0,0.5,True,0,0.0,0.0
cartesia-long_itinerary-r014,cartesia,sonic-3.5-2026-05-04,long_itinerary,80.0,50.0,0.75,True,0,0.0,0.0
cartesia-long_itinerary-r014,cartesia,sonic-3.5-2026-05-04,long_itinerary,80.0,100.0,0.25,True,0,0.0,0.0
cartesia-long_itinerary-r014,cartesia,sonic-3.5-2026-05-04,long_itinerary,80.0,100.0,0.5,True,0,0.0,0.0
cartesia-long_itinerary-r014,cartesia,sonic-3.5-2026-05-04,long_itinerary,80.0,100.0,0.75,True,0,0.0,0.0
cartesia-long_itinerary-r014,cartesia,sonic-3.5-2026-05-04,long_itinerary,80.0,200.0,0.25,True,0,0.0,0.0
cartesia-long_itinerary-r014,cartesia,sonic-3.5-2026-05-04,long_itinerary,80.0,200.0,0.5,True,0,0.0,0.0
cartesia-long_itinerary-r014,cartesia,sonic-3.5-2026-05-04,long_itinerary,80.0,200.0,0.75,True,0,0.0,0.0
cartesia-long_itinerary-r014,cartesia,sonic-3.5-2026-05-04,long_itinerary,80.0,400.0,0.25,True,0,0.0,0.0
cartesia-long_itinerary-r014,cartesia,sonic-3.5-2026-05-04,long_itinerary,80.0,400.0,0.5,True,0,0.0,0.0
cartesia-long_itinerary-r014,cartesia,sonic-3.5-2026-05-04,long_itinerary,80.0,400.0,0.75,True,0,0.0,0.0
cartesia-long_itinerary-r014,cartesia,sonic-3.5-2026-05-04,long_itinerary,80.0,800.0,0.25,True,0,0.0,0.0
cartesia-long_itinerary-r014,cartesia,sonic-3.5-2026-05-04,long_itinerary,80.0,800.0,0.5,True,0,0.0,0.0
cartesia-long_itinerary-r014,cartesia,sonic-3.5-2026-05-04,long_itinerary,80.0,800.0,0.75,True,0,0.0,0.0
cartesia-long_itinerary-r014,cartesia,sonic-3.5-2026-05-04,long_itinerary,80.0,1200.0,0.25,True,0,0.0,0.0
cartesia-long_itinerary-r014,cartesia,sonic-3.5-2026-05-04,long_itinerary,80.0,1200.0,0.5,True,0,0.0,0.0
cartesia-long_itinerary-r014,cartesia,sonic-3.5-2026-05-04,long_itinerary,80.0,1200.0,0.75,True,0,0.0,0.0
cartesia-long_itinerary-r015,cartesia,sonic-3.5-2026-05-04,long_itinerary,80.0,0.0,0.25,True,0,0.0,0.0
cartesia-long_itinerary-r015,cartesia,sonic-3.5-2026-05-04,long_itinerary,80.0,0.0,0.5,True,0,0.0,0.0
cartesia-long_itinerary-r015,cartesia,sonic-3.5-2026-05-04,long_itinerary,80.0,0.0,0.75,True,0,0.0,0.0
cartesia-long_itinerary-r015,cartesia,sonic-3.5-2026-05-04,long_itinerary,80.0,50.0,0.25,True,0,0.0,0.0
cartesia-long_itinerary-r015,cartesia,sonic-3.5-2026-05-04,long_itinerary,80.0,50.0,0.5,True,0,0.0,0.0
cartesia-long_itinerary-r015,cartesia,sonic-3.5-2026-05-04,long_itinerary,80.0,50.0,0.75,True,0,0.0,0.0
cartesia-long_itinerary-r015,cartesia,sonic-3.5-2026-05-04,long_itinerary,80.0,100.0,0.25,True,0,0.0,0.0
cartesia-long_itinerary-r015,cartesia,sonic-3.5-2026-05-04,long_itinerary,80.0,100.0,0.5,True,0,0.0,0.0
cartesia-long_itinerary-r015,cartesia,sonic-3.5-2026-05-04,long_itinerary,80.0,100.0,0.75,True,0,0.0,0.0
cartesia-long_itinerary-r015,cartesia,sonic-3.5-2026-05-04,long_itinerary,80.0,200.0,0.25,True,0,0.0,0.0
cartesia-long_itinerary-r015,cartesia,sonic-3.5-2026-05-04,long_itinerary,80.0,200.0,0.5,True,0,0.0,0.0
cartesia-long_itinerary-r015,cartesia,sonic-3.5-2026-05-04,long_itinerary,80.0,200.0,0.75,True,0,0.0,0.0
cartesia-long_itinerary-r015,cartesia,sonic-3.5-2026-05-04,long_itinerary,80.0,400.0,0.25,True,0,0.0,0.0
cartesia-long_itinerary-r015,cartesia,sonic-3.5-2026-05-04,long_itinerary,80.0,400.0,0.5,True,0,0.0,0.0
cartesia-long_itinerary-r015,cartesia,sonic-3.5-2026-05-04,long_itinerary,80.0,400.0,0.75,True,0,0.0,0.0
cartesia-long_itinerary-r015,cartesia,sonic-3.5-2026-05-04,long_itinerary,80.0,800.0,0.25,True,0,0.0,0.0
cartesia-long_itinerary-r015,cartesia,sonic-3.5-2026-05-04,long_itinerary,80.0,800.0,0.5,True,0,0.0,0.0
cartesia-long_itinerary-r015,cartesia,sonic-3.5-2026-05-04,long_itinerary,80.0,800.0,0.75,True,0,0.0,0.0
cartesia-long_itinerary-r015,cartesia,sonic-3.5-2026-05-04,long_itinerary,80.0,1200.0,0.25,True,0,0.0,0.0
cartesia-long_itinerary-r015,cartesia,sonic-3.5-2026-05-04,long_itinerary,80.0,1200.0,0.5,True,0,0.0,0.0
cartesia-long_itinerary-r015,cartesia,sonic-3.5-2026-05-04,long_itinerary,80.0,1200.0,0.75,True,0,0.0,0.0
cartesia-long_itinerary-r016,cartesia,sonic-3.5-2026-05-04,long_itinerary,80.0,0.0,0.25,True,0,0.0,0.0
cartesia-long_itinerary-r016,cartesia,sonic-3.5-2026-05-04,long_itinerary,80.0,0.0,0.5,True,0,0.0,0.0
cartesia-long_itinerary-r016,cartesia,sonic-3.5-2026-05-04,long_itinerary,80.0,0.0,0.75,True,0,0.0,0.0
cartesia-long_itinerary-r016,cartesia,sonic-3.5-2026-05-04,long_itinerary,80.0,50.0,0.25,True,0,0.0,0.0
cartesia-long_itinerary-r016,cartesia,sonic-3.5-2026-05-04,long_itinerary,80.0,50.0,0.5,True,0,0.0,0.0
cartesia-long_itinerary-r016,cartesia,sonic-3.5-2026-05-04,long_itinerary,80.0,50.0,0.75,True,0,0.0,0.0
cartesia-long_itinerary-r016,cartesia,sonic-3.5-2026-05-04,long_itinerary,80.0,100.0,0.25,True,0,0.0,0.0
cartesia-long_itinerary-r016,cartesia,sonic-3.5-2026-05-04,long_itinerary,80.0,100.0,0.5,True,0,0.0,0.0
cartesia-long_itinerary-r016,cartesia,sonic-3.5-2026-05-04,long_itinerary,80.0,100.0,0.75,True,0,0.0,0.0
cartesia-long_itinerary-r016,cartesia,sonic-3.5-2026-05-04,long_itinerary,80.0,200.0,0.25,True,0,0.0,0.0
cartesia-long_itinerary-r016,cartesia,sonic-3.5-2026-05-04,long_itinerary,80.0,200.0,0.5,True,0,0.0,0.0
cartesia-long_itinerary-r016,cartesia,sonic-3.5-2026-05-04,long_itinerary,80.0,200.0,0.75,True,0,0.0,0.0
cartesia-long_itinerary-r016,cartesia,sonic-3.5-2026-05-04,long_itinerary,80.0,400.0,0.25,True,0,0.0,0.0
cartesia-long_itinerary-r016,cartesia,sonic-3.5-2026-05-04,long_itinerary,80.0,400.0,0.5,True,0,0.0,0.0
cartesia-long_itinerary-r016,cartesia,sonic-3.5-2026-05-04,long_itinerary,80.0,400.0,0.75,True,0,0.0,0.0
cartesia-long_itinerary-r016,cartesia,sonic-3.5-2026-05-04,long_itinerary,80.0,800.0,0.25,True,0,0.0,0.0
cartesia-long_itinerary-r016,cartesia,sonic-3.5-2026-05-04,long_itinerary,80.0,800.0,0.5,True,0,0.0,0.0
cartesia-long_itinerary-r016,cartesia,sonic-3.5-2026-05-04,long_itinerary,80.0,800.0,0.75,True,0,0.0,0.0
cartesia-long_itinerary-r016,cartesia,sonic-3.5-2026-05-04,long_itinerary,80.0,1200.0,0.25,True,0,0.0,0.0
cartesia-long_itinerary-r016,cartesia,sonic-3.5-2026-05-04,long_itinerary,80.0,1200.0,0.5,True,0,0.0,0.0
cartesia-long_itinerary-r016,cartesia,sonic-3.5-2026-05-04,long_itinerary,80.0,1200.0,0.75,True,0,0.0,0.0
cartesia-long_itinerary-r017,cartesia,sonic-3.5-2026-05-04,long_itinerary,80.0,0.0,0.25,True,0,0.0,0.0
cartesia-long_itinerary-r017,cartesia,sonic-3.5-2026-05-04,long_itinerary,80.0,0.0,0.5,True,0,0.0,0.0
cartesia-long_itinerary-r017,cartesia,sonic-3.5-2026-05-04,long_itinerary,80.0,0.0,0.75,True,0,0.0,0.0
cartesia-long_itinerary-r017,cartesia,sonic-3.5-2026-05-04,long_itinerary,80.0,50.0,0.25,True,0,0.0,0.0
cartesia-long_itinerary-r017,cartesia,sonic-3.5-2026-05-04,long_itinerary,80.0,50.0,0.5,True,0,0.0,0.0
cartesia-long_itinerary-r017,cartesia,sonic-3.5-2026-05-04,long_itinerary,80.0,50.0,0.75,True,0,0.0,0.0
cartesia-long_itinerary-r017,cartesia,sonic-3.5-2026-05-04,long_itinerary,80.0,100.0,0.25,True,0,0.0,0.0
cartesia-long_itinerary-r017,cartesia,sonic-3.5-2026-05-04,long_itinerary,80.0,100.0,0.5,True,0,0.0,0.0
cartesia-long_itinerary-r017,cartesia,sonic-3.5-2026-05-04,long_itinerary,80.0,100.0,0.75,True,0,0.0,0.0
cartesia-long_itinerary-r017,cartesia,sonic-3.5-2026-05-04,long_itinerary,80.0,200.0,0.25,True,0,0.0,0.0
cartesia-long_itinerary-r017,cartesia,sonic-3.5-2026-05-04,long_itinerary,80.0,200.0,0.5,True,0,0.0,0.0
cartesia-long_itinerary-r017,cartesia,sonic-3.5-2026-05-04,long_itinerary,80.0,200.0,0.75,True,0,0.0,0.0
cartesia-long_itinerary-r017,cartesia,sonic-3.5-2026-05-04,long_itinerary,80.0,400.0,0.25,True,0,0.0,0.0
cartesia-long_itinerary-r017,cartesia,sonic-3.5-2026-05-04,long_itinerary,80.0,400.0,0.5,True,0,0.0,0.0
cartesia-long_itinerary-r017,cartesia,sonic-3.5-2026-05-04,long_itinerary,80.0,400.0,0.75,True,0,0.0,0.0
cartesia-long_itinerary-r017,cartesia,sonic-3.5-2026-05-04,long_itinerary,80.0,800.0,0.25,True,0,0.0,0.0
cartesia-long_itinerary-r017,cartesia,sonic-3.5-2026-05-04,long_itinerary,80.0,800.0,0.5,True,0,0.0,0.0
cartesia-long_itinerary-r017,cartesia,sonic-3.5-2026-05-04,long_itinerary,80.0,800.0,0.75,True,0,0.0,0.0
cartesia-long_itinerary-r017,cartesia,sonic-3.5-2026-05-04,long_itinerary,80.0,1200.0,0.25,True,0,0.0,0.0
cartesia-long_itinerary-r017,cartesia,sonic-3.5-2026-05-04,long_itinerary,80.0,1200.0,0.5,True,0,0.0,0.0
cartesia-long_itinerary-r017,cartesia,sonic-3.5-2026-05-04,long_itinerary,80.0,1200.0,0.75,True,0,0.0,0.0
cartesia-long_itinerary-r018,cartesia,sonic-3.5-2026-05-04,long_itinerary,80.0,0.0,0.25,True,0,0.0,0.0
cartesia-long_itinerary-r018,cartesia,sonic-3.5-2026-05-04,long_itinerary,80.0,0.0,0.5,True,0,0.0,0.0
cartesia-long_itinerary-r018,cartesia,sonic-3.5-2026-05-04,long_itinerary,80.0,0.0,0.75,True,0,0.0,0.0
cartesia-long_itinerary-r018,cartesia,sonic-3.5-2026-05-04,long_itinerary,80.0,50.0,0.25,True,0,0.0,0.0
cartesia-long_itinerary-r018,cartesia,sonic-3.5-2026-05-04,long_itinerary,80.0,50.0,0.5,True,0,0.0,0.0
cartesia-long_itinerary-r018,cartesia,sonic-3.5-2026-05-04,long_itinerary,80.0,50.0,0.75,True,0,0.0,0.0
cartesia-long_itinerary-r018,cartesia,sonic-3.5-2026-05-04,long_itinerary,80.0,100.0,0.25,True,0,0.0,0.0
cartesia-long_itinerary-r018,cartesia,sonic-3.5-2026-05-04,long_itinerary,80.0,100.0,0.5,True,0,0.0,0.0
cartesia-long_itinerary-r018,cartesia,sonic-3.5-2026-05-04,long_itinerary,80.0,100.0,0.75,True,0,0.0,0.0
cartesia-long_itinerary-r018,cartesia,sonic-3.5-2026-05-04,long_itinerary,80.0,200.0,0.25,True,0,0.0,0.0
cartesia-long_itinerary-r018,cartesia,sonic-3.5-2026-05-04,long_itinerary,80.0,200.0,0.5,True,0,0.0,0.0
cartesia-long_itinerary-r018,cartesia,sonic-3.5-2026-05-04,long_itinerary,80.0,200.0,0.75,True,0,0.0,0.0
cartesia-long_itinerary-r018,cartesia,sonic-3.5-2026-05-04,long_itinerary,80.0,400.0,0.25,True,0,0.0,0.0
cartesia-long_itinerary-r018,cartesia,sonic-3.5-2026-05-04,long_itinerary,80.0,400.0,0.5,True,0,0.0,0.0
cartesia-long_itinerary-r018,cartesia,sonic-3.5-2026-05-04,long_itinerary,80.0,400.0,0.75,True,0,0.0,0.0
cartesia-long_itinerary-r018,cartesia,sonic-3.5-2026-05-04,long_itinerary,80.0,800.0,0.25,True,0,0.0,0.0
cartesia-long_itinerary-r018,cartesia,sonic-3.5-2026-05-04,long_itinerary,80.0,800.0,0.5,True,0,0.0,0.0
cartesia-long_itinerary-r018,cartesia,sonic-3.5-2026-05-04,long_itinerary,80.0,800.0,0.75,True,0,0.0,0.0
cartesia-long_itinerary-r018,cartesia,sonic-3.5-2026-05-04,long_itinerary,80.0,1200.0,0.25,True,0,0.0,0.0
cartesia-long_itinerary-r018,cartesia,sonic-3.5-2026-05-04,long_itinerary,80.0,1200.0,0.5,True,0,0.0,0.0
cartesia-long_itinerary-r018,cartesia,sonic-3.5-2026-05-04,long_itinerary,80.0,1200.0,0.75,True,0,0.0,0.0
cartesia-long_itinerary-r019,cartesia,sonic-3.5-2026-05-04,long_itinerary,80.0,0.0,0.25,True,0,0.0,0.0
cartesia-long_itinerary-r019,cartesia,sonic-3.5-2026-05-04,long_itinerary,80.0,0.0,0.5,True,0,0.0,0.0
cartesia-long_itinerary-r019,cartesia,sonic-3.5-2026-05-04,long_itinerary,80.0,0.0,0.75,True,0,0.0,0.0
cartesia-long_itinerary-r019,cartesia,sonic-3.5-2026-05-04,long_itinerary,80.0,50.0,0.25,True,0,0.0,0.0
cartesia-long_itinerary-r019,cartesia,sonic-3.5-2026-05-04,long_itinerary,80.0,50.0,0.5,True,0,0.0,0.0
cartesia-long_itinerary-r019,cartesia,sonic-3.5-2026-05-04,long_itinerary,80.0,50.0,0.75,True,0,0.0,0.0
cartesia-long_itinerary-r019,cartesia,sonic-3.5-2026-05-04,long_itinerary,80.0,100.0,0.25,True,0,0.0,0.0
cartesia-long_itinerary-r019,cartesia,sonic-3.5-2026-05-04,long_itinerary,80.0,100.0,0.5,True,0,0.0,0.0
cartesia-long_itinerary-r019,cartesia,sonic-3.5-2026-05-04,long_itinerary,80.0,100.0,0.75,True,0,0.0,0.0
cartesia-long_itinerary-r019,cartesia,sonic-3.5-2026-05-04,long_itinerary,80.0,200.0,0.25,True,0,0.0,0.0
cartesia-long_itinerary-r019,cartesia,sonic-3.5-2026-05-04,long_itinerary,80.0,200.0,0.5,True,0,0.0,0.0
cartesia-long_itinerary-r019,cartesia,sonic-3.5-2026-05-04,long_itinerary,80.0,200.0,0.75,True,0,0.0,0.0
cartesia-long_itinerary-r019,cartesia,sonic-3.5-2026-05-04,long_itinerary,80.0,400.0,0.25,True,0,0.0,0.0
cartesia-long_itinerary-r019,cartesia,sonic-3.5-2026-05-04,long_itinerary,80.0,400.0,0.5,True,0,0.0,0.0
cartesia-long_itinerary-r019,cartesia,sonic-3.5-2026-05-04,long_itinerary,80.0,400.0,0.75,True,0,0.0,0.0
cartesia-long_itinerary-r019,cartesia,sonic-3.5-2026-05-04,long_itinerary,80.0,800.0,0.25,True,0,0.0,0.0
cartesia-long_itinerary-r019,cartesia,sonic-3.5-2026-05-04,long_itinerary,80.0,800.0,0.5,True,0,0.0,0.0
cartesia-long_itinerary-r019,cartesia,sonic-3.5-2026-05-04,long_itinerary,80.0,800.0,0.75,True,0,0.0,0.0
cartesia-long_itinerary-r019,cartesia,sonic-3.5-2026-05-04,long_itinerary,80.0,1200.0,0.25,True,0,0.0,0.0
cartesia-long_itinerary-r019,cartesia,sonic-3.5-2026-05-04,long_itinerary,80.0,1200.0,0.5,True,0,0.0,0.0
cartesia-long_itinerary-r019,cartesia,sonic-3.5-2026-05-04,long_itinerary,80.0,1200.0,0.75,True,0,0.0,0.0
cartesia-medium_booking-r000,cartesia,sonic-3.5-2026-05-04,medium_booking,80.0,0.0,0.25,True,0,0.0,0.0
cartesia-medium_booking-r000,cartesia,sonic-3.5-2026-05-04,medium_booking,80.0,0.0,0.5,True,0,0.0,0.0
cartesia-medium_booking-r000,cartesia,sonic-3.5-2026-05-04,medium_booking,80.0,0.0,0.75,True,0,0.0,0.0
cartesia-medium_booking-r000,cartesia,sonic-3.5-2026-05-04,medium_booking,80.0,50.0,0.25,True,0,0.0,0.0
cartesia-medium_booking-r000,cartesia,sonic-3.5-2026-05-04,medium_booking,80.0,50.0,0.5,True,0,0.0,0.0
cartesia-medium_booking-r000,cartesia,sonic-3.5-2026-05-04,medium_booking,80.0,50.0,0.75,True,0,0.0,0.0
cartesia-medium_booking-r000,cartesia,sonic-3.5-2026-05-04,medium_booking,80.0,100.0,0.25,True,0,0.0,0.0
cartesia-medium_booking-r000,cartesia,sonic-3.5-2026-05-04,medium_booking,80.0,100.0,0.5,True,0,0.0,0.0
cartesia-medium_booking-r000,cartesia,sonic-3.5-2026-05-04,medium_booking,80.0,100.0,0.75,True,0,0.0,0.0
cartesia-medium_booking-r000,cartesia,sonic-3.5-2026-05-04,medium_booking,80.0,200.0,0.25,True,0,0.0,0.0
cartesia-medium_booking-r000,cartesia,sonic-3.5-2026-05-04,medium_booking,80.0,200.0,0.5,True,0,0.0,0.0
cartesia-medium_booking-r000,cartesia,sonic-3.5-2026-05-04,medium_booking,80.0,200.0,0.75,True,0,0.0,0.0
cartesia-medium_booking-r000,cartesia,sonic-3.5-2026-05-04,medium_booking,80.0,400.0,0.25,True,0,0.0,0.0
cartesia-medium_booking-r000,cartesia,sonic-3.5-2026-05-04,medium_booking,80.0,400.0,0.5,True,0,0.0,0.0
cartesia-medium_booking-r000,cartesia,sonic-3.5-2026-05-04,medium_booking,80.0,400.0,0.75,True,0,0.0,0.0
cartesia-medium_booking-r000,cartesia,sonic-3.5-2026-05-04,medium_booking,80.0,800.0,0.25,True,0,0.0,0.0
cartesia-medium_booking-r000,cartesia,sonic-3.5-2026-05-04,medium_booking,80.0,800.0,0.5,True,0,0.0,0.0
cartesia-medium_booking-r000,cartesia,sonic-3.5-2026-05-04,medium_booking,80.0,800.0,0.75,True,0,0.0,0.0
cartesia-medium_booking-r000,cartesia,sonic-3.5-2026-05-04,medium_booking,80.0,1200.0,0.25,True,0,0.0,0.0
cartesia-medium_booking-r000,cartesia,sonic-3.5-2026-05-04,medium_booking,80.0,1200.0,0.5,True,0,0.0,0.0
cartesia-medium_booking-r000,cartesia,sonic-3.5-2026-05-04,medium_booking,80.0,1200.0,0.75,True,0,0.0,0.0
cartesia-medium_booking-r001,cartesia,sonic-3.5-2026-05-04,medium_booking,80.0,0.0,0.25,True,0,0.0,0.0
cartesia-medium_booking-r001,cartesia,sonic-3.5-2026-05-04,medium_booking,80.0,0.0,0.5,True,0,0.0,0.0
cartesia-medium_booking-r001,cartesia,sonic-3.5-2026-05-04,medium_booking,80.0,0.0,0.75,True,0,0.0,0.0
cartesia-medium_booking-r001,cartesia,sonic-3.5-2026-05-04,medium_booking,80.0,50.0,0.25,True,0,0.0,0.0
cartesia-medium_booking-r001,cartesia,sonic-3.5-2026-05-04,medium_booking,80.0,50.0,0.5,True,0,0.0,0.0
cartesia-medium_booking-r001,cartesia,sonic-3.5-2026-05-04,medium_booking,80.0,50.0,0.75,True,0,0.0,0.0
cartesia-medium_booking-r001,cartesia,sonic-3.5-2026-05-04,medium_booking,80.0,100.0,0.25,True,0,0.0,0.0
cartesia-medium_booking-r001,cartesia,sonic-3.5-2026-05-04,medium_booking,80.0,100.0,0.5,True,0,0.0,0.0
cartesia-medium_booking-r001,cartesia,sonic-3.5-2026-05-04,medium_booking,80.0,100.0,0.75,True,0,0.0,0.0
cartesia-medium_booking-r001,cartesia,sonic-3.5-2026-05-04,medium_booking,80.0,200.0,0.25,True,0,0.0,0.0
cartesia-medium_booking-r001,cartesia,sonic-3.5-2026-05-04,medium_booking,80.0,200.0,0.5,True,0,0.0,0.0
cartesia-medium_booking-r001,cartesia,sonic-3.5-2026-05-04,medium_booking,80.0,200.0,0.75,True,0,0.0,0.0
cartesia-medium_booking-r001,cartesia,sonic-3.5-2026-05-04,medium_booking,80.0,400.0,0.25,True,0,0.0,0.0
cartesia-medium_booking-r001,cartesia,sonic-3.5-2026-05-04,medium_booking,80.0,400.0,0.5,True,0,0.0,0.0
cartesia-medium_booking-r001,cartesia,sonic-3.5-2026-05-04,medium_booking,80.0,400.0,0.75,True,0,0.0,0.0
cartesia-medium_booking-r001,cartesia,sonic-3.5-2026-05-04,medium_booking,80.0,800.0,0.25,True,0,0.0,0.0
cartesia-medium_booking-r001,cartesia,sonic-3.5-2026-05-04,medium_booking,80.0,800.0,0.5,True,0,0.0,0.0
cartesia-medium_booking-r001,cartesia,sonic-3.5-2026-05-04,medium_booking,80.0,800.0,0.75,True,0,0.0,0.0
cartesia-medium_booking-r001,cartesia,sonic-3.5-2026-05-04,medium_booking,80.0,1200.0,0.25,True,0,0.0,0.0
cartesia-medium_booking-r001,cartesia,sonic-3.5-2026-05-04,medium_booking,80.0,1200.0,0.5,True,0,0.0,0.0
cartesia-medium_booking-r001,cartesia,sonic-3.5-2026-05-04,medium_booking,80.0,1200.0,0.75,True,0,0.0,0.0
cartesia-medium_booking-r002,cartesia,sonic-3.5-2026-05-04,medium_booking,80.0,0.0,0.25,True,0,0.0,0.0
cartesia-medium_booking-r002,cartesia,sonic-3.5-2026-05-04,medium_booking,80.0,0.0,0.5,True,0,0.0,0.0
cartesia-medium_booking-r002,cartesia,sonic-3.5-2026-05-04,medium_booking,80.0,0.0,0.75,True,0,0.0,0.0
cartesia-medium_booking-r002,cartesia,sonic-3.5-2026-05-04,medium_booking,80.0,50.0,0.25,True,0,0.0,0.0
cartesia-medium_booking-r002,cartesia,sonic-3.5-2026-05-04,medium_booking,80.0,50.0,0.5,True,0,0.0,0.0
cartesia-medium_booking-r002,cartesia,sonic-3.5-2026-05-04,medium_booking,80.0,50.0,0.75,True,0,0.0,0.0
cartesia-medium_booking-r002,cartesia,sonic-3.5-2026-05-04,medium_booking,80.0,100.0,0.25,True,0,0.0,0.0
cartesia-medium_booking-r002,cartesia,sonic-3.5-2026-05-04,medium_booking,80.0,100.0,0.5,True,0,0.0,0.0
cartesia-medium_booking-r002,cartesia,sonic-3.5-2026-05-04,medium_booking,80.0,100.0,0.75,True,0,0.0,0.0
cartesia-medium_booking-r002,cartesia,sonic-3.5-2026-05-04,medium_booking,80.0,200.0,0.25,True,0,0.0,0.0
cartesia-medium_booking-r002,cartesia,sonic-3.5-2026-05-04,medium_booking,80.0,200.0,0.5,True,0,0.0,0.0
cartesia-medium_booking-r002,cartesia,sonic-3.5-2026-05-04,medium_booking,80.0,200.0,0.75,True,0,0.0,0.0
cartesia-medium_booking-r002,cartesia,sonic-3.5-2026-05-04,medium_booking,80.0,400.0,0.25,True,0,0.0,0.0
cartesia-medium_booking-r002,cartesia,sonic-3.5-2026-05-04,medium_booking,80.0,400.0,0.5,True,0,0.0,0.0
cartesia-medium_booking-r002,cartesia,sonic-3.5-2026-05-04,medium_booking,80.0,400.0,0.75,True,0,0.0,0.0
cartesia-medium_booking-r002,cartesia,sonic-3.5-2026-05-04,medium_booking,80.0,800.0,0.25,True,0,0.0,0.0
cartesia-medium_booking-r002,cartesia,sonic-3.5-2026-05-04,medium_booking,80.0,800.0,0.5,True,0,0.0,0.0
cartesia-medium_booking-r002,cartesia,sonic-3.5-2026-05-04,medium_booking,80.0,800.0,0.75,True,0,0.0,0.0
cartesia-medium_booking-r002,cartesia,sonic-3.5-2026-05-04,medium_booking,80.0,1200.0,0.25,True,0,0.0,0.0
cartesia-medium_booking-r002,cartesia,sonic-3.5-2026-05-04,medium_booking,80.0,1200.0,0.5,True,0,0.0,0.0
cartesia-medium_booking-r002,cartesia,sonic-3.5-2026-05-04,medium_booking,80.0,1200.0,0.75,True,0,0.0,0.0
cartesia-medium_booking-r003,cartesia,sonic-3.5-2026-05-04,medium_booking,80.0,0.0,0.25,True,0,0.0,0.0
cartesia-medium_booking-r003,cartesia,sonic-3.5-2026-05-04,medium_booking,80.0,0.0,0.5,True,0,0.0,0.0
cartesia-medium_booking-r003,cartesia,sonic-3.5-2026-05-04,medium_booking,80.0,0.0,0.75,True,0,0.0,0.0
cartesia-medium_booking-r003,cartesia,sonic-3.5-2026-05-04,medium_booking,80.0,50.0,0.25,True,0,0.0,0.0
cartesia-medium_booking-r003,cartesia,sonic-3.5-2026-05-04,medium_booking,80.0,50.0,0.5,True,0,0.0,0.0
cartesia-medium_booking-r003,cartesia,sonic-3.5-2026-05-04,medium_booking,80.0,50.0,0.75,True,0,0.0,0.0
cartesia-medium_booking-r003,cartesia,sonic-3.5-2026-05-04,medium_booking,80.0,100.0,0.25,True,0,0.0,0.0
cartesia-medium_booking-r003,cartesia,sonic-3.5-2026-05-04,medium_booking,80.0,100.0,0.5,True,0,0.0,0.0
cartesia-medium_booking-r003,cartesia,sonic-3.5-2026-05-04,medium_booking,80.0,100.0,0.75,True,0,0.0,0.0
cartesia-medium_booking-r003,cartesia,sonic-3.5-2026-05-04,medium_booking,80.0,200.0,0.25,True,0,0.0,0.0
cartesia-medium_booking-r003,cartesia,sonic-3.5-2026-05-04,medium_booking,80.0,200.0,0.5,True,0,0.0,0.0
cartesia-medium_booking-r003,cartesia,sonic-3.5-2026-05-04,medium_booking,80.0,200.0,0.75,True,0,0.0,0.0
cartesia-medium_booking-r003,cartesia,sonic-3.5-2026-05-04,medium_booking,80.0,400.0,0.25,True,0,0.0,0.0
cartesia-medium_booking-r003,cartesia,sonic-3.5-2026-05-04,medium_booking,80.0,400.0,0.5,True,0,0.0,0.0
cartesia-medium_booking-r003,cartesia,sonic-3.5-2026-05-04,medium_booking,80.0,400.0,0.75,True,0,0.0,0.0
cartesia-medium_booking-r003,cartesia,sonic-3.5-2026-05-04,medium_booking,80.0,800.0,0.25,True,0,0.0,0.0
cartesia-medium_booking-r003,cartesia,sonic-3.5-2026-05-04,medium_booking,80.0,800.0,0.5,True,0,0.0,0.0
cartesia-medium_booking-r003,cartesia,sonic-3.5-2026-05-04,medium_booking,80.0,800.0,0.75,True,0,0.0,0.0
cartesia-medium_booking-r003,cartesia,sonic-3.5-2026-05-04,medium_booking,80.0,1200.0,0.25,True,0,0.0,0.0
cartesia-medium_booking-r003,cartesia,sonic-3.5-2026-05-04,medium_booking,80.0,1200.0,0.5,True,0,0.0,0.0
cartesia-medium_booking-r003,cartesia,sonic-3.5-2026-05-04,medium_booking,80.0,1200.0,0.75,True,0,0.0,0.0
cartesia-medium_booking-r004,cartesia,sonic-3.5-2026-05-04,medium_booking,80.0,0.0,0.25,True,0,0.0,0.0
cartesia-medium_booking-r004,cartesia,sonic-3.5-2026-05-04,medium_booking,80.0,0.0,0.5,True,0,0.0,0.0
cartesia-medium_booking-r004,cartesia,sonic-3.5-2026-05-04,medium_booking,80.0,0.0,0.75,True,0,0.0,0.0
cartesia-medium_booking-r004,cartesia,sonic-3.5-2026-05-04,medium_booking,80.0,50.0,0.25,True,0,0.0,0.0
cartesia-medium_booking-r004,cartesia,sonic-3.5-2026-05-04,medium_booking,80.0,50.0,0.5,True,0,0.0,0.0
cartesia-medium_booking-r004,cartesia,sonic-3.5-2026-05-04,medium_booking,80.0,50.0,0.75,True,0,0.0,0.0
cartesia-medium_booking-r004,cartesia,sonic-3.5-2026-05-04,medium_booking,80.0,100.0,0.25,True,0,0.0,0.0
cartesia-medium_booking-r004,cartesia,sonic-3.5-2026-05-04,medium_booking,80.0,100.0,0.5,True,0,0.0,0.0
cartesia-medium_booking-r004,cartesia,sonic-3.5-2026-05-04,medium_booking,80.0,100.0,0.75,True,0,0.0,0.0
cartesia-medium_booking-r004,cartesia,sonic-3.5-2026-05-04,medium_booking,80.0,200.0,0.25,True,0,0.0,0.0
cartesia-medium_booking-r004,cartesia,sonic-3.5-2026-05-04,medium_booking,80.0,200.0,0.5,True,0,0.0,0.0
cartesia-medium_booking-r004,cartesia,sonic-3.5-2026-05-04,medium_booking,80.0,200.0,0.75,True,0,0.0,0.0
cartesia-medium_booking-r004,cartesia,sonic-3.5-2026-05-04,medium_booking,80.0,400.0,0.25,True,0,0.0,0.0
cartesia-medium_booking-r004,cartesia,sonic-3.5-2026-05-04,medium_booking,80.0,400.0,0.5,True,0,0.0,0.0
cartesia-medium_booking-r004,cartesia,sonic-3.5-2026-05-04,medium_booking,80.0,400.0,0.75,True,0,0.0,0.0
cartesia-medium_booking-r004,cartesia,sonic-3.5-2026-05-04,medium_booking,80.0,800.0,0.25,True,0,0.0,0.0
cartesia-medium_booking-r004,cartesia,sonic-3.5-2026-05-04,medium_booking,80.0,800.0,0.5,True,0,0.0,0.0
cartesia-medium_booking-r004,cartesia,sonic-3.5-2026-05-04,medium_booking,80.0,800.0,0.75,True,0,0.0,0.0
cartesia-medium_booking-r004,cartesia,sonic-3.5-2026-05-04,medium_booking,80.0,1200.0,0.25,True,0,0.0,0.0
cartesia-medium_booking-r004,cartesia,sonic-3.5-2026-05-04,medium_booking,80.0,1200.0,0.5,True,0,0.0,0.0
cartesia-medium_booking-r004,cartesia,sonic-3.5-2026-05-04,medium_booking,80.0,1200.0,0.75,True,0,0.0,0.0
cartesia-medium_booking-r005,cartesia,sonic-3.5-2026-05-04,medium_booking,80.0,0.0,0.25,True,0,0.0,0.0
cartesia-medium_booking-r005,cartesia,sonic-3.5-2026-05-04,medium_booking,80.0,0.0,0.5,True,0,0.0,0.0
cartesia-medium_booking-r005,cartesia,sonic-3.5-2026-05-04,medium_booking,80.0,0.0,0.75,True,0,0.0,0.0
cartesia-medium_booking-r005,cartesia,sonic-3.5-2026-05-04,medium_booking,80.0,50.0,0.25,True,0,0.0,0.0
cartesia-medium_booking-r005,cartesia,sonic-3.5-2026-05-04,medium_booking,80.0,50.0,0.5,True,0,0.0,0.0
cartesia-medium_booking-r005,cartesia,sonic-3.5-2026-05-04,medium_booking,80.0,50.0,0.75,True,0,0.0,0.0
cartesia-medium_booking-r005,cartesia,sonic-3.5-2026-05-04,medium_booking,80.0,100.0,0.25,True,0,0.0,0.0
cartesia-medium_booking-r005,cartesia,sonic-3.5-2026-05-04,medium_booking,80.0,100.0,0.5,True,0,0.0,0.0
cartesia-medium_booking-r005,cartesia,sonic-3.5-2026-05-04,medium_booking,80.0,100.0,0.75,True,0,0.0,0.0
cartesia-medium_booking-r005,cartesia,sonic-3.5-2026-05-04,medium_booking,80.0,200.0,0.25,True,0,0.0,0.0
cartesia-medium_booking-r005,cartesia,sonic-3.5-2026-05-04,medium_booking,80.0,200.0,0.5,True,0,0.0,0.0
cartesia-medium_booking-r005,cartesia,sonic-3.5-2026-05-04,medium_booking,80.0,200.0,0.75,True,0,0.0,0.0
cartesia-medium_booking-r005,cartesia,sonic-3.5-2026-05-04,medium_booking,80.0,400.0,0.25,True,0,0.0,0.0
cartesia-medium_booking-r005,cartesia,sonic-3.5-2026-05-04,medium_booking,80.0,400.0,0.5,True,0,0.0,0.0
cartesia-medium_booking-r005,cartesia,sonic-3.5-2026-05-04,medium_booking,80.0,400.0,0.75,True,0,0.0,0.0
cartesia-medium_booking-r005,cartesia,sonic-3.5-2026-05-04,medium_booking,80.0,800.0,0.25,True,0,0.0,0.0
cartesia-medium_booking-r005,cartesia,sonic-3.5-2026-05-04,medium_booking,80.0,800.0,0.5,True,0,0.0,0.0
cartesia-medium_booking-r005,cartesia,sonic-3.5-2026-05-04,medium_booking,80.0,800.0,0.75,True,0,0.0,0.0
cartesia-medium_booking-r005,cartesia,sonic-3.5-2026-05-04,medium_booking,80.0,1200.0,0.25,True,0,0.0,0.0
cartesia-medium_booking-r005,cartesia,sonic-3.5-2026-05-04,medium_booking,80.0,1200.0,0.5,True,0,0.0,0.0
cartesia-medium_booking-r005,cartesia,sonic-3.5-2026-05-04,medium_booking,80.0,1200.0,0.75,True,0,0.0,0.0
cartesia-medium_booking-r006,cartesia,sonic-3.5-2026-05-04,medium_booking,80.0,0.0,0.25,True,0,0.0,0.0
cartesia-medium_booking-r006,cartesia,sonic-3.5-2026-05-04,medium_booking,80.0,0.0,0.5,True,0,0.0,0.0
cartesia-medium_booking-r006,cartesia,sonic-3.5-2026-05-04,medium_booking,80.0,0.0,0.75,True,0,0.0,0.0
cartesia-medium_booking-r006,cartesia,sonic-3.5-2026-05-04,medium_booking,80.0,50.0,0.25,True,0,0.0,0.0
cartesia-medium_booking-r006,cartesia,sonic-3.5-2026-05-04,medium_booking,80.0,50.0,0.5,True,0,0.0,0.0
cartesia-medium_booking-r006,cartesia,sonic-3.5-2026-05-04,medium_booking,80.0,50.0,0.75,True,0,0.0,0.0
cartesia-medium_booking-r006,cartesia,sonic-3.5-2026-05-04,medium_booking,80.0,100.0,0.25,True,0,0.0,0.0
cartesia-medium_booking-r006,cartesia,sonic-3.5-2026-05-04,medium_booking,80.0,100.0,0.5,True,0,0.0,0.0
cartesia-medium_booking-r006,cartesia,sonic-3.5-2026-05-04,medium_booking,80.0,100.0,0.75,True,0,0.0,0.0
cartesia-medium_booking-r006,cartesia,sonic-3.5-2026-05-04,medium_booking,80.0,200.0,0.25,True,0,0.0,0.0
cartesia-medium_booking-r006,cartesia,sonic-3.5-2026-05-04,medium_booking,80.0,200.0,0.5,True,0,0.0,0.0
cartesia-medium_booking-r006,cartesia,sonic-3.5-2026-05-04,medium_booking,80.0,200.0,0.75,True,0,0.0,0.0
cartesia-medium_booking-r006,cartesia,sonic-3.5-2026-05-04,medium_booking,80.0,400.0,0.25,True,0,0.0,0.0
cartesia-medium_booking-r006,cartesia,sonic-3.5-2026-05-04,medium_booking,80.0,400.0,0.5,True,0,0.0,0.0
cartesia-medium_booking-r006,cartesia,sonic-3.5-2026-05-04,medium_booking,80.0,400.0,0.75,True,0,0.0,0.0
cartesia-medium_booking-r006,cartesia,sonic-3.5-2026-05-04,medium_booking,80.0,800.0,0.25,True,0,0.0,0.0
cartesia-medium_booking-r006,cartesia,sonic-3.5-2026-05-04,medium_booking,80.0,800.0,0.5,True,0,0.0,0.0
cartesia-medium_booking-r006,cartesia,sonic-3.5-2026-05-04,medium_booking,80.0,800.0,0.75,True,0,0.0,0.0
cartesia-medium_booking-r006,cartesia,sonic-3.5-2026-05-04,medium_booking,80.0,1200.0,0.25,True,0,0.0,0.0
cartesia-medium_booking-r006,cartesia,sonic-3.5-2026-05-04,medium_booking,80.0,1200.0,0.5,True,0,0.0,0.0
cartesia-medium_booking-r006,cartesia,sonic-3.5-2026-05-04,medium_booking,80.0,1200.0,0.75,True,0,0.0,0.0
cartesia-medium_booking-r007,cartesia,sonic-3.5-2026-05-04,medium_booking,80.0,0.0,0.25,True,0,0.0,0.0
cartesia-medium_booking-r007,cartesia,sonic-3.5-2026-05-04,medium_booking,80.0,0.0,0.5,True,0,0.0,0.0
cartesia-medium_booking-r007,cartesia,sonic-3.5-2026-05-04,medium_booking,80.0,0.0,0.75,True,0,0.0,0.0
cartesia-medium_booking-r007,cartesia,sonic-3.5-2026-05-04,medium_booking,80.0,50.0,0.25,True,0,0.0,0.0
cartesia-medium_booking-r007,cartesia,sonic-3.5-2026-05-04,medium_booking,80.0,50.0,0.5,True,0,0.0,0.0
cartesia-medium_booking-r007,cartesia,sonic-3.5-2026-05-04,medium_booking,80.0,50.0,0.75,True,0,0.0,0.0
cartesia-medium_booking-r007,cartesia,sonic-3.5-2026-05-04,medium_booking,80.0,100.0,0.25,True,0,0.0,0.0
cartesia-medium_booking-r007,cartesia,sonic-3.5-2026-05-04,medium_booking,80.0,100.0,0.5,True,0,0.0,0.0
cartesia-medium_booking-r007,cartesia,sonic-3.5-2026-05-04,medium_booking,80.0,100.0,0.75,True,0,0.0,0.0
cartesia-medium_booking-r007,cartesia,sonic-3.5-2026-05-04,medium_booking,80.0,200.0,0.25,True,0,0.0,0.0
cartesia-medium_booking-r007,cartesia,sonic-3.5-2026-05-04,medium_booking,80.0,200.0,0.5,True,0,0.0,0.0
cartesia-medium_booking-r007,cartesia,sonic-3.5-2026-05-04,medium_booking,80.0,200.0,0.75,True,0,0.0,0.0
cartesia-medium_booking-r007,cartesia,sonic-3.5-2026-05-04,medium_booking,80.0,400.0,0.25,True,0,0.0,0.0
cartesia-medium_booking-r007,cartesia,sonic-3.5-2026-05-04,medium_booking,80.0,400.0,0.5,True,0,0.0,0.0
cartesia-medium_booking-r007,cartesia,sonic-3.5-2026-05-04,medium_booking,80.0,400.0,0.75,True,0,0.0,0.0
cartesia-medium_booking-r007,cartesia,sonic-3.5-2026-05-04,medium_booking,80.0,800.0,0.25,True,0,0.0,0.0
cartesia-medium_booking-r007,cartesia,sonic-3.5-2026-05-04,medium_booking,80.0,800.0,0.5,True,0,0.0,0.0
cartesia-medium_booking-r007,cartesia,sonic-3.5-2026-05-04,medium_booking,80.0,800.0,0.75,True,0,0.0,0.0
cartesia-medium_booking-r007,cartesia,sonic-3.5-2026-05-04,medium_booking,80.0,1200.0,0.25,True,0,0.0,0.0
cartesia-medium_booking-r007,cartesia,sonic-3.5-2026-05-04,medium_booking,80.0,1200.0,0.5,True,0,0.0,0.0
cartesia-medium_booking-r007,cartesia,sonic-3.5-2026-05-04,medium_booking,80.0,1200.0,0.75,True,0,0.0,0.0
cartesia-medium_booking-r008,cartesia,sonic-3.5-2026-05-04,medium_booking,80.0,0.0,0.25,True,0,0.0,0.0
cartesia-medium_booking-r008,cartesia,sonic-3.5-2026-05-04,medium_booking,80.0,0.0,0.5,True,0,0.0,0.0
cartesia-medium_booking-r008,cartesia,sonic-3.5-2026-05-04,medium_booking,80.0,0.0,0.75,True,0,0.0,0.0
cartesia-medium_booking-r008,cartesia,sonic-3.5-2026-05-04,medium_booking,80.0,50.0,0.25,True,0,0.0,0.0
cartesia-medium_booking-r008,cartesia,sonic-3.5-2026-05-04,medium_booking,80.0,50.0,0.5,True,0,0.0,0.0
cartesia-medium_booking-r008,cartesia,sonic-3.5-2026-05-04,medium_booking,80.0,50.0,0.75,True,0,0.0,0.0
cartesia-medium_booking-r008,cartesia,sonic-3.5-2026-05-04,medium_booking,80.0,100.0,0.25,True,0,0.0,0.0
cartesia-medium_booking-r008,cartesia,sonic-3.5-2026-05-04,medium_booking,80.0,100.0,0.5,True,0,0.0,0.0
cartesia-medium_booking-r008,cartesia,sonic-3.5-2026-05-04,medium_booking,80.0,100.0,0.75,True,0,0.0,0.0
cartesia-medium_booking-r008,cartesia,sonic-3.5-2026-05-04,medium_booking,80.0,200.0,0.25,True,0,0.0,0.0
cartesia-medium_booking-r008,cartesia,sonic-3.5-2026-05-04,medium_booking,80.0,200.0,0.5,True,0,0.0,0.0
cartesia-medium_booking-r008,cartesia,sonic-3.5-2026-05-04,medium_booking,80.0,200.0,0.75,True,0,0.0,0.0
cartesia-medium_booking-r008,cartesia,sonic-3.5-2026-05-04,medium_booking,80.0,400.0,0.25,True,0,0.0,0.0
cartesia-medium_booking-r008,cartesia,sonic-3.5-2026-05-04,medium_booking,80.0,400.0,0.5,True,0,0.0,0.0
cartesia-medium_booking-r008,cartesia,sonic-3.5-2026-05-04,medium_booking,80.0,400.0,0.75,True,0,0.0,0.0
cartesia-medium_booking-r008,cartesia,sonic-3.5-2026-05-04,medium_booking,80.0,800.0,0.25,True,0,0.0,0.0
cartesia-medium_booking-r008,cartesia,sonic-3.5-2026-05-04,medium_booking,80.0,800.0,0.5,True,0,0.0,0.0
cartesia-medium_booking-r008,cartesia,sonic-3.5-2026-05-04,medium_booking,80.0,800.0,0.75,True,0,0.0,0.0
cartesia-medium_booking-r008,cartesia,sonic-3.5-2026-05-04,medium_booking,80.0,1200.0,0.25,True,0,0.0,0.0
cartesia-medium_booking-r008,cartesia,sonic-3.5-2026-05-04,medium_booking,80.0,1200.0,0.5,True,0,0.0,0.0
cartesia-medium_booking-r008,cartesia,sonic-3.5-2026-05-04,medium_booking,80.0,1200.0,0.75,True,0,0.0,0.0
cartesia-medium_booking-r009,cartesia,sonic-3.5-2026-05-04,medium_booking,80.0,0.0,0.25,True,0,0.0,0.0
cartesia-medium_booking-r009,cartesia,sonic-3.5-2026-05-04,medium_booking,80.0,0.0,0.5,True,0,0.0,0.0
cartesia-medium_booking-r009,cartesia,sonic-3.5-2026-05-04,medium_booking,80.0,0.0,0.75,True,0,0.0,0.0
cartesia-medium_booking-r009,cartesia,sonic-3.5-2026-05-04,medium_booking,80.0,50.0,0.25,True,0,0.0,0.0
cartesia-medium_booking-r009,cartesia,sonic-3.5-2026-05-04,medium_booking,80.0,50.0,0.5,True,0,0.0,0.0
cartesia-medium_booking-r009,cartesia,sonic-3.5-2026-05-04,medium_booking,80.0,50.0,0.75,True,0,0.0,0.0
cartesia-medium_booking-r009,cartesia,sonic-3.5-2026-05-04,medium_booking,80.0,100.0,0.25,True,0,0.0,0.0
cartesia-medium_booking-r009,cartesia,sonic-3.5-2026-05-04,medium_booking,80.0,100.0,0.5,True,0,0.0,0.0
cartesia-medium_booking-r009,cartesia,sonic-3.5-2026-05-04,medium_booking,80.0,100.0,0.75,True,0,0.0,0.0
cartesia-medium_booking-r009,cartesia,sonic-3.5-2026-05-04,medium_booking,80.0,200.0,0.25,True,0,0.0,0.0
cartesia-medium_booking-r009,cartesia,sonic-3.5-2026-05-04,medium_booking,80.0,200.0,0.5,True,0,0.0,0.0
cartesia-medium_booking-r009,cartesia,sonic-3.5-2026-05-04,medium_booking,80.0,200.0,0.75,True,0,0.0,0.0
cartesia-medium_booking-r009,cartesia,sonic-3.5-2026-05-04,medium_booking,80.0,400.0,0.25,True,0,0.0,0.0
cartesia-medium_booking-r009,cartesia,sonic-3.5-2026-05-04,medium_booking,80.0,400.0,0.5,True,0,0.0,0.0
cartesia-medium_booking-r009,cartesia,sonic-3.5-2026-05-04,medium_booking,80.0,400.0,0.75,True,0,0.0,0.0
cartesia-medium_booking-r009,cartesia,sonic-3.5-2026-05-04,medium_booking,80.0,800.0,0.25,True,0,0.0,0.0
cartesia-medium_booking-r009,cartesia,sonic-3.5-2026-05-04,medium_booking,80.0,800.0,0.5,True,0,0.0,0.0
cartesia-medium_booking-r009,cartesia,sonic-3.5-2026-05-04,medium_booking,80.0,800.0,0.75,True,0,0.0,0.0
cartesia-medium_booking-r009,cartesia,sonic-3.5-2026-05-04,medium_booking,80.0,1200.0,0.25,True,0,0.0,0.0
cartesia-medium_booking-r009,cartesia,sonic-3.5-2026-05-04,medium_booking,80.0,1200.0,0.5,True,0,0.0,0.0
cartesia-medium_booking-r009,cartesia,sonic-3.5-2026-05-04,medium_booking,80.0,1200.0,0.75,True,0,0.0,0.0
cartesia-medium_booking-r010,cartesia,sonic-3.5-2026-05-04,medium_booking,80.0,0.0,0.25,True,0,0.0,0.0
cartesia-medium_booking-r010,cartesia,sonic-3.5-2026-05-04,medium_booking,80.0,0.0,0.5,True,0,0.0,0.0
cartesia-medium_booking-r010,cartesia,sonic-3.5-2026-05-04,medium_booking,80.0,0.0,0.75,True,0,0.0,0.0
cartesia-medium_booking-r010,cartesia,sonic-3.5-2026-05-04,medium_booking,80.0,50.0,0.25,True,0,0.0,0.0
cartesia-medium_booking-r010,cartesia,sonic-3.5-2026-05-04,medium_booking,80.0,50.0,0.5,True,0,0.0,0.0
cartesia-medium_booking-r010,cartesia,sonic-3.5-2026-05-04,medium_booking,80.0,50.0,0.75,True,0,0.0,0.0
cartesia-medium_booking-r010,cartesia,sonic-3.5-2026-05-04,medium_booking,80.0,100.0,0.25,True,0,0.0,0.0
cartesia-medium_booking-r010,cartesia,sonic-3.5-2026-05-04,medium_booking,80.0,100.0,0.5,True,0,0.0,0.0
cartesia-medium_booking-r010,cartesia,sonic-3.5-2026-05-04,medium_booking,80.0,100.0,0.75,True,0,0.0,0.0
cartesia-medium_booking-r010,cartesia,sonic-3.5-2026-05-04,medium_booking,80.0,200.0,0.25,True,0,0.0,0.0
cartesia-medium_booking-r010,cartesia,sonic-3.5-2026-05-04,medium_booking,80.0,200.0,0.5,True,0,0.0,0.0
cartesia-medium_booking-r010,cartesia,sonic-3.5-2026-05-04,medium_booking,80.0,200.0,0.75,True,0,0.0,0.0
cartesia-medium_booking-r010,cartesia,sonic-3.5-2026-05-04,medium_booking,80.0,400.0,0.25,True,0,0.0,0.0
cartesia-medium_booking-r010,cartesia,sonic-3.5-2026-05-04,medium_booking,80.0,400.0,0.5,True,0,0.0,0.0
cartesia-medium_booking-r010,cartesia,sonic-3.5-2026-05-04,medium_booking,80.0,400.0,0.75,True,0,0.0,0.0
cartesia-medium_booking-r010,cartesia,sonic-3.5-2026-05-04,medium_booking,80.0,800.0,0.25,True,0,0.0,0.0
cartesia-medium_booking-r010,cartesia,sonic-3.5-2026-05-04,medium_booking,80.0,800.0,0.5,True,0,0.0,0.0
cartesia-medium_booking-r010,cartesia,sonic-3.5-2026-05-04,medium_booking,80.0,800.0,0.75,True,0,0.0,0.0
cartesia-medium_booking-r010,cartesia,sonic-3.5-2026-05-04,medium_booking,80.0,1200.0,0.25,True,0,0.0,0.0
cartesia-medium_booking-r010,cartesia,sonic-3.5-2026-05-04,medium_booking,80.0,1200.0,0.5,True,0,0.0,0.0
cartesia-medium_booking-r010,cartesia,sonic-3.5-2026-05-04,medium_booking,80.0,1200.0,0.75,True,0,0.0,0.0
cartesia-medium_booking-r011,cartesia,sonic-3.5-2026-05-04,medium_booking,80.0,0.0,0.25,True,0,0.0,0.0
cartesia-medium_booking-r011,cartesia,sonic-3.5-2026-05-04,medium_booking,80.0,0.0,0.5,True,0,0.0,0.0
cartesia-medium_booking-r011,cartesia,sonic-3.5-2026-05-04,medium_booking,80.0,0.0,0.75,True,0,0.0,0.0
cartesia-medium_booking-r011,cartesia,sonic-3.5-2026-05-04,medium_booking,80.0,50.0,0.25,True,0,0.0,0.0
cartesia-medium_booking-r011,cartesia,sonic-3.5-2026-05-04,medium_booking,80.0,50.0,0.5,True,0,0.0,0.0
cartesia-medium_booking-r011,cartesia,sonic-3.5-2026-05-04,medium_booking,80.0,50.0,0.75,True,0,0.0,0.0
cartesia-medium_booking-r011,cartesia,sonic-3.5-2026-05-04,medium_booking,80.0,100.0,0.25,True,0,0.0,0.0
cartesia-medium_booking-r011,cartesia,sonic-3.5-2026-05-04,medium_booking,80.0,100.0,0.5,True,0,0.0,0.0
cartesia-medium_booking-r011,cartesia,sonic-3.5-2026-05-04,medium_booking,80.0,100.0,0.75,True,0,0.0,0.0
cartesia-medium_booking-r011,cartesia,sonic-3.5-2026-05-04,medium_booking,80.0,200.0,0.25,True,0,0.0,0.0
cartesia-medium_booking-r011,cartesia,sonic-3.5-2026-05-04,medium_booking,80.0,200.0,0.5,True,0,0.0,0.0
cartesia-medium_booking-r011,cartesia,sonic-3.5-2026-05-04,medium_booking,80.0,200.0,0.75,True,0,0.0,0.0
cartesia-medium_booking-r011,cartesia,sonic-3.5-2026-05-04,medium_booking,80.0,400.0,0.25,True,0,0.0,0.0
cartesia-medium_booking-r011,cartesia,sonic-3.5-2026-05-04,medium_booking,80.0,400.0,0.5,True,0,0.0,0.0
cartesia-medium_booking-r011,cartesia,sonic-3.5-2026-05-04,medium_booking,80.0,400.0,0.75,True,0,0.0,0.0
cartesia-medium_booking-r011,cartesia,sonic-3.5-2026-05-04,medium_booking,80.0,800.0,0.25,True,0,0.0,0.0
cartesia-medium_booking-r011,cartesia,sonic-3.5-2026-05-04,medium_booking,80.0,800.0,0.5,True,0,0.0,0.0
cartesia-medium_booking-r011,cartesia,sonic-3.5-2026-05-04,medium_booking,80.0,800.0,0.75,True,0,0.0,0.0
cartesia-medium_booking-r011,cartesia,sonic-3.5-2026-05-04,medium_booking,80.0,1200.0,0.25,True,0,0.0,0.0
cartesia-medium_booking-r011,cartesia,sonic-3.5-2026-05-04,medium_booking,80.0,1200.0,0.5,True,0,0.0,0.0
cartesia-medium_booking-r011,cartesia,sonic-3.5-2026-05-04,medium_booking,80.0,1200.0,0.75,True,0,0.0,0.0
cartesia-medium_booking-r012,cartesia,sonic-3.5-2026-05-04,medium_booking,80.0,0.0,0.25,True,0,0.0,0.0
cartesia-medium_booking-r012,cartesia,sonic-3.5-2026-05-04,medium_booking,80.0,0.0,0.5,True,0,0.0,0.0
cartesia-medium_booking-r012,cartesia,sonic-3.5-2026-05-04,medium_booking,80.0,0.0,0.75,True,0,0.0,0.0
cartesia-medium_booking-r012,cartesia,sonic-3.5-2026-05-04,medium_booking,80.0,50.0,0.25,True,0,0.0,0.0
cartesia-medium_booking-r012,cartesia,sonic-3.5-2026-05-04,medium_booking,80.0,50.0,0.5,True,0,0.0,0.0
cartesia-medium_booking-r012,cartesia,sonic-3.5-2026-05-04,medium_booking,80.0,50.0,0.75,True,0,0.0,0.0
cartesia-medium_booking-r012,cartesia,sonic-3.5-2026-05-04,medium_booking,80.0,100.0,0.25,True,0,0.0,0.0
cartesia-medium_booking-r012,cartesia,sonic-3.5-2026-05-04,medium_booking,80.0,100.0,0.5,True,0,0.0,0.0
cartesia-medium_booking-r012,cartesia,sonic-3.5-2026-05-04,medium_booking,80.0,100.0,0.75,True,0,0.0,0.0
cartesia-medium_booking-r012,cartesia,sonic-3.5-2026-05-04,medium_booking,80.0,200.0,0.25,True,0,0.0,0.0
cartesia-medium_booking-r012,cartesia,sonic-3.5-2026-05-04,medium_booking,80.0,200.0,0.5,True,0,0.0,0.0
cartesia-medium_booking-r012,cartesia,sonic-3.5-2026-05-04,medium_booking,80.0,200.0,0.75,True,0,0.0,0.0
cartesia-medium_booking-r012,cartesia,sonic-3.5-2026-05-04,medium_booking,80.0,400.0,0.25,True,0,0.0,0.0
cartesia-medium_booking-r012,cartesia,sonic-3.5-2026-05-04,medium_booking,80.0,400.0,0.5,True,0,0.0,0.0
cartesia-medium_booking-r012,cartesia,sonic-3.5-2026-05-04,medium_booking,80.0,400.0,0.75,True,0,0.0,0.0
cartesia-medium_booking-r012,cartesia,sonic-3.5-2026-05-04,medium_booking,80.0,800.0,0.25,True,0,0.0,0.0
cartesia-medium_booking-r012,cartesia,sonic-3.5-2026-05-04,medium_booking,80.0,800.0,0.5,True,0,0.0,0.0
cartesia-medium_booking-r012,cartesia,sonic-3.5-2026-05-04,medium_booking,80.0,800.0,0.75,True,0,0.0,0.0
cartesia-medium_booking-r012,cartesia,sonic-3.5-2026-05-04,medium_booking,80.0,1200.0,0.25,False,1,1.5355000034903696,1.5355000034903696
cartesia-medium_booking-r012,cartesia,sonic-3.5-2026-05-04,medium_booking,80.0,1200.0,0.5,True,0,0.0,0.0
cartesia-medium_booking-r012,cartesia,sonic-3.5-2026-05-04,medium_booking,80.0,1200.0,0.75,True,0,0.0,0.0
cartesia-medium_booking-r013,cartesia,sonic-3.5-2026-05-04,medium_booking,80.0,0.0,0.25,True,0,0.0,0.0
cartesia-medium_booking-r013,cartesia,sonic-3.5-2026-05-04,medium_booking,80.0,0.0,0.5,True,0,0.0,0.0
cartesia-medium_booking-r013,cartesia,sonic-3.5-2026-05-04,medium_booking,80.0,0.0,0.75,True,0,0.0,0.0
cartesia-medium_booking-r013,cartesia,sonic-3.5-2026-05-04,medium_booking,80.0,50.0,0.25,True,0,0.0,0.0
cartesia-medium_booking-r013,cartesia,sonic-3.5-2026-05-04,medium_booking,80.0,50.0,0.5,True,0,0.0,0.0
cartesia-medium_booking-r013,cartesia,sonic-3.5-2026-05-04,medium_booking,80.0,50.0,0.75,True,0,0.0,0.0
cartesia-medium_booking-r013,cartesia,sonic-3.5-2026-05-04,medium_booking,80.0,100.0,0.25,True,0,0.0,0.0
cartesia-medium_booking-r013,cartesia,sonic-3.5-2026-05-04,medium_booking,80.0,100.0,0.5,True,0,0.0,0.0
cartesia-medium_booking-r013,cartesia,sonic-3.5-2026-05-04,medium_booking,80.0,100.0,0.75,True,0,0.0,0.0
cartesia-medium_booking-r013,cartesia,sonic-3.5-2026-05-04,medium_booking,80.0,200.0,0.25,True,0,0.0,0.0
cartesia-medium_booking-r013,cartesia,sonic-3.5-2026-05-04,medium_booking,80.0,200.0,0.5,True,0,0.0,0.0
cartesia-medium_booking-r013,cartesia,sonic-3.5-2026-05-04,medium_booking,80.0,200.0,0.75,True,0,0.0,0.0
cartesia-medium_booking-r013,cartesia,sonic-3.5-2026-05-04,medium_booking,80.0,400.0,0.25,True,0,0.0,0.0
cartesia-medium_booking-r013,cartesia,sonic-3.5-2026-05-04,medium_booking,80.0,400.0,0.5,True,0,0.0,0.0
cartesia-medium_booking-r013,cartesia,sonic-3.5-2026-05-04,medium_booking,80.0,400.0,0.75,True,0,0.0,0.0
cartesia-medium_booking-r013,cartesia,sonic-3.5-2026-05-04,medium_booking,80.0,800.0,0.25,True,0,0.0,0.0
cartesia-medium_booking-r013,cartesia,sonic-3.5-2026-05-04,medium_booking,80.0,800.0,0.5,True,0,0.0,0.0
cartesia-medium_booking-r013,cartesia,sonic-3.5-2026-05-04,medium_booking,80.0,800.0,0.75,True,0,0.0,0.0
cartesia-medium_booking-r013,cartesia,sonic-3.5-2026-05-04,medium_booking,80.0,1200.0,0.25,True,0,0.0,0.0
cartesia-medium_booking-r013,cartesia,sonic-3.5-2026-05-04,medium_booking,80.0,1200.0,0.5,True,0,0.0,0.0
cartesia-medium_booking-r013,cartesia,sonic-3.5-2026-05-04,medium_booking,80.0,1200.0,0.75,True,0,0.0,0.0
cartesia-medium_booking-r014,cartesia,sonic-3.5-2026-05-04,medium_booking,80.0,0.0,0.25,True,0,0.0,0.0
cartesia-medium_booking-r014,cartesia,sonic-3.5-2026-05-04,medium_booking,80.0,0.0,0.5,True,0,0.0,0.0
cartesia-medium_booking-r014,cartesia,sonic-3.5-2026-05-04,medium_booking,80.0,0.0,0.75,True,0,0.0,0.0
cartesia-medium_booking-r014,cartesia,sonic-3.5-2026-05-04,medium_booking,80.0,50.0,0.25,True,0,0.0,0.0
cartesia-medium_booking-r014,cartesia,sonic-3.5-2026-05-04,medium_booking,80.0,50.0,0.5,True,0,0.0,0.0
cartesia-medium_booking-r014,cartesia,sonic-3.5-2026-05-04,medium_booking,80.0,50.0,0.75,True,0,0.0,0.0
cartesia-medium_booking-r014,cartesia,sonic-3.5-2026-05-04,medium_booking,80.0,100.0,0.25,True,0,0.0,0.0
cartesia-medium_booking-r014,cartesia,sonic-3.5-2026-05-04,medium_booking,80.0,100.0,0.5,True,0,0.0,0.0
cartesia-medium_booking-r014,cartesia,sonic-3.5-2026-05-04,medium_booking,80.0,100.0,0.75,True,0,0.0,0.0
cartesia-medium_booking-r014,cartesia,sonic-3.5-2026-05-04,medium_booking,80.0,200.0,0.25,True,0,0.0,0.0
cartesia-medium_booking-r014,cartesia,sonic-3.5-2026-05-04,medium_booking,80.0,200.0,0.5,True,0,0.0,0.0
cartesia-medium_booking-r014,cartesia,sonic-3.5-2026-05-04,medium_booking,80.0,200.0,0.75,True,0,0.0,0.0
cartesia-medium_booking-r014,cartesia,sonic-3.5-2026-05-04,medium_booking,80.0,400.0,0.25,True,0,0.0,0.0
cartesia-medium_booking-r014,cartesia,sonic-3.5-2026-05-04,medium_booking,80.0,400.0,0.5,True,0,0.0,0.0
cartesia-medium_booking-r014,cartesia,sonic-3.5-2026-05-04,medium_booking,80.0,400.0,0.75,True,0,0.0,0.0
cartesia-medium_booking-r014,cartesia,sonic-3.5-2026-05-04,medium_booking,80.0,800.0,0.25,True,0,0.0,0.0
cartesia-medium_booking-r014,cartesia,sonic-3.5-2026-05-04,medium_booking,80.0,800.0,0.5,True,0,0.0,0.0
cartesia-medium_booking-r014,cartesia,sonic-3.5-2026-05-04,medium_booking,80.0,800.0,0.75,True,0,0.0,0.0
cartesia-medium_booking-r014,cartesia,sonic-3.5-2026-05-04,medium_booking,80.0,1200.0,0.25,True,0,0.0,0.0
cartesia-medium_booking-r014,cartesia,sonic-3.5-2026-05-04,medium_booking,80.0,1200.0,0.5,True,0,0.0,0.0
cartesia-medium_booking-r014,cartesia,sonic-3.5-2026-05-04,medium_booking,80.0,1200.0,0.75,True,0,0.0,0.0
cartesia-medium_booking-r015,cartesia,sonic-3.5-2026-05-04,medium_booking,80.0,0.0,0.25,True,0,0.0,0.0
cartesia-medium_booking-r015,cartesia,sonic-3.5-2026-05-04,medium_booking,80.0,0.0,0.5,True,0,0.0,0.0
cartesia-medium_booking-r015,cartesia,sonic-3.5-2026-05-04,medium_booking,80.0,0.0,0.75,True,0,0.0,0.0
cartesia-medium_booking-r015,cartesia,sonic-3.5-2026-05-04,medium_booking,80.0,50.0,0.25,True,0,0.0,0.0
cartesia-medium_booking-r015,cartesia,sonic-3.5-2026-05-04,medium_booking,80.0,50.0,0.5,True,0,0.0,0.0
cartesia-medium_booking-r015,cartesia,sonic-3.5-2026-05-04,medium_booking,80.0,50.0,0.75,True,0,0.0,0.0
cartesia-medium_booking-r015,cartesia,sonic-3.5-2026-05-04,medium_booking,80.0,100.0,0.25,True,0,0.0,0.0
cartesia-medium_booking-r015,cartesia,sonic-3.5-2026-05-04,medium_booking,80.0,100.0,0.5,True,0,0.0,0.0
cartesia-medium_booking-r015,cartesia,sonic-3.5-2026-05-04,medium_booking,80.0,100.0,0.75,True,0,0.0,0.0
cartesia-medium_booking-r015,cartesia,sonic-3.5-2026-05-04,medium_booking,80.0,200.0,0.25,True,0,0.0,0.0
cartesia-medium_booking-r015,cartesia,sonic-3.5-2026-05-04,medium_booking,80.0,200.0,0.5,True,0,0.0,0.0
cartesia-medium_booking-r015,cartesia,sonic-3.5-2026-05-04,medium_booking,80.0,200.0,0.75,True,0,0.0,0.0
cartesia-medium_booking-r015,cartesia,sonic-3.5-2026-05-04,medium_booking,80.0,400.0,0.25,True,0,0.0,0.0
cartesia-medium_booking-r015,cartesia,sonic-3.5-2026-05-04,medium_booking,80.0,400.0,0.5,True,0,0.0,0.0
cartesia-medium_booking-r015,cartesia,sonic-3.5-2026-05-04,medium_booking,80.0,400.0,0.75,True,0,0.0,0.0
cartesia-medium_booking-r015,cartesia,sonic-3.5-2026-05-04,medium_booking,80.0,800.0,0.25,True,0,0.0,0.0
cartesia-medium_booking-r015,cartesia,sonic-3.5-2026-05-04,medium_booking,80.0,800.0,0.5,True,0,0.0,0.0
cartesia-medium_booking-r015,cartesia,sonic-3.5-2026-05-04,medium_booking,80.0,800.0,0.75,True,0,0.0,0.0
cartesia-medium_booking-r015,cartesia,sonic-3.5-2026-05-04,medium_booking,80.0,1200.0,0.25,True,0,0.0,0.0
cartesia-medium_booking-r015,cartesia,sonic-3.5-2026-05-04,medium_booking,80.0,1200.0,0.5,True,0,0.0,0.0
cartesia-medium_booking-r015,cartesia,sonic-3.5-2026-05-04,medium_booking,80.0,1200.0,0.75,True,0,0.0,0.0
cartesia-medium_booking-r016,cartesia,sonic-3.5-2026-05-04,medium_booking,80.0,0.0,0.25,True,0,0.0,0.0
cartesia-medium_booking-r016,cartesia,sonic-3.5-2026-05-04,medium_booking,80.0,0.0,0.5,True,0,0.0,0.0
cartesia-medium_booking-r016,cartesia,sonic-3.5-2026-05-04,medium_booking,80.0,0.0,0.75,True,0,0.0,0.0
cartesia-medium_booking-r016,cartesia,sonic-3.5-2026-05-04,medium_booking,80.0,50.0,0.25,True,0,0.0,0.0
cartesia-medium_booking-r016,cartesia,sonic-3.5-2026-05-04,medium_booking,80.0,50.0,0.5,True,0,0.0,0.0
cartesia-medium_booking-r016,cartesia,sonic-3.5-2026-05-04,medium_booking,80.0,50.0,0.75,True,0,0.0,0.0
cartesia-medium_booking-r016,cartesia,sonic-3.5-2026-05-04,medium_booking,80.0,100.0,0.25,True,0,0.0,0.0
cartesia-medium_booking-r016,cartesia,sonic-3.5-2026-05-04,medium_booking,80.0,100.0,0.5,True,0,0.0,0.0
cartesia-medium_booking-r016,cartesia,sonic-3.5-2026-05-04,medium_booking,80.0,100.0,0.75,True,0,0.0,0.0
cartesia-medium_booking-r016,cartesia,sonic-3.5-2026-05-04,medium_booking,80.0,200.0,0.25,True,0,0.0,0.0
cartesia-medium_booking-r016,cartesia,sonic-3.5-2026-05-04,medium_booking,80.0,200.0,0.5,True,0,0.0,0.0
cartesia-medium_booking-r016,cartesia,sonic-3.5-2026-05-04,medium_booking,80.0,200.0,0.75,True,0,0.0,0.0
cartesia-medium_booking-r016,cartesia,sonic-3.5-2026-05-04,medium_booking,80.0,400.0,0.25,True,0,0.0,0.0
cartesia-medium_booking-r016,cartesia,sonic-3.5-2026-05-04,medium_booking,80.0,400.0,0.5,True,0,0.0,0.0
cartesia-medium_booking-r016,cartesia,sonic-3.5-2026-05-04,medium_booking,80.0,400.0,0.75,True,0,0.0,0.0
cartesia-medium_booking-r016,cartesia,sonic-3.5-2026-05-04,medium_booking,80.0,800.0,0.25,True,0,0.0,0.0
cartesia-medium_booking-r016,cartesia,sonic-3.5-2026-05-04,medium_booking,80.0,800.0,0.5,True,0,0.0,0.0
cartesia-medium_booking-r016,cartesia,sonic-3.5-2026-05-04,medium_booking,80.0,800.0,0.75,True,0,0.0,0.0
cartesia-medium_booking-r016,cartesia,sonic-3.5-2026-05-04,medium_booking,80.0,1200.0,0.25,True,0,0.0,0.0
cartesia-medium_booking-r016,cartesia,sonic-3.5-2026-05-04,medium_booking,80.0,1200.0,0.5,True,0,0.0,0.0
cartesia-medium_booking-r016,cartesia,sonic-3.5-2026-05-04,medium_booking,80.0,1200.0,0.75,True,0,0.0,0.0
cartesia-medium_booking-r017,cartesia,sonic-3.5-2026-05-04,medium_booking,80.0,0.0,0.25,True,0,0.0,0.0
cartesia-medium_booking-r017,cartesia,sonic-3.5-2026-05-04,medium_booking,80.0,0.0,0.5,True,0,0.0,0.0
cartesia-medium_booking-r017,cartesia,sonic-3.5-2026-05-04,medium_booking,80.0,0.0,0.75,True,0,0.0,0.0
cartesia-medium_booking-r017,cartesia,sonic-3.5-2026-05-04,medium_booking,80.0,50.0,0.25,True,0,0.0,0.0
cartesia-medium_booking-r017,cartesia,sonic-3.5-2026-05-04,medium_booking,80.0,50.0,0.5,True,0,0.0,0.0
cartesia-medium_booking-r017,cartesia,sonic-3.5-2026-05-04,medium_booking,80.0,50.0,0.75,True,0,0.0,0.0
cartesia-medium_booking-r017,cartesia,sonic-3.5-2026-05-04,medium_booking,80.0,100.0,0.25,True,0,0.0,0.0
cartesia-medium_booking-r017,cartesia,sonic-3.5-2026-05-04,medium_booking,80.0,100.0,0.5,True,0,0.0,0.0
cartesia-medium_booking-r017,cartesia,sonic-3.5-2026-05-04,medium_booking,80.0,100.0,0.75,True,0,0.0,0.0
cartesia-medium_booking-r017,cartesia,sonic-3.5-2026-05-04,medium_booking,80.0,200.0,0.25,True,0,0.0,0.0
cartesia-medium_booking-r017,cartesia,sonic-3.5-2026-05-04,medium_booking,80.0,200.0,0.5,True,0,0.0,0.0
cartesia-medium_booking-r017,cartesia,sonic-3.5-2026-05-04,medium_booking,80.0,200.0,0.75,True,0,0.0,0.0
cartesia-medium_booking-r017,cartesia,sonic-3.5-2026-05-04,medium_booking,80.0,400.0,0.25,True,0,0.0,0.0
cartesia-medium_booking-r017,cartesia,sonic-3.5-2026-05-04,medium_booking,80.0,400.0,0.5,True,0,0.0,0.0
cartesia-medium_booking-r017,cartesia,sonic-3.5-2026-05-04,medium_booking,80.0,400.0,0.75,True,0,0.0,0.0
cartesia-medium_booking-r017,cartesia,sonic-3.5-2026-05-04,medium_booking,80.0,800.0,0.25,True,0,0.0,0.0
cartesia-medium_booking-r017,cartesia,sonic-3.5-2026-05-04,medium_booking,80.0,800.0,0.5,True,0,0.0,0.0
cartesia-medium_booking-r017,cartesia,sonic-3.5-2026-05-04,medium_booking,80.0,800.0,0.75,True,0,0.0,0.0
cartesia-medium_booking-r017,cartesia,sonic-3.5-2026-05-04,medium_booking,80.0,1200.0,0.25,True,0,0.0,0.0
cartesia-medium_booking-r017,cartesia,sonic-3.5-2026-05-04,medium_booking,80.0,1200.0,0.5,True,0,0.0,0.0
cartesia-medium_booking-r017,cartesia,sonic-3.5-2026-05-04,medium_booking,80.0,1200.0,0.75,True,0,0.0,0.0
cartesia-medium_booking-r018,cartesia,sonic-3.5-2026-05-04,medium_booking,80.0,0.0,0.25,True,0,0.0,0.0
cartesia-medium_booking-r018,cartesia,sonic-3.5-2026-05-04,medium_booking,80.0,0.0,0.5,True,0,0.0,0.0
cartesia-medium_booking-r018,cartesia,sonic-3.5-2026-05-04,medium_booking,80.0,0.0,0.75,True,0,0.0,0.0
cartesia-medium_booking-r018,cartesia,sonic-3.5-2026-05-04,medium_booking,80.0,50.0,0.25,True,0,0.0,0.0
cartesia-medium_booking-r018,cartesia,sonic-3.5-2026-05-04,medium_booking,80.0,50.0,0.5,True,0,0.0,0.0
cartesia-medium_booking-r018,cartesia,sonic-3.5-2026-05-04,medium_booking,80.0,50.0,0.75,True,0,0.0,0.0
cartesia-medium_booking-r018,cartesia,sonic-3.5-2026-05-04,medium_booking,80.0,100.0,0.25,True,0,0.0,0.0
cartesia-medium_booking-r018,cartesia,sonic-3.5-2026-05-04,medium_booking,80.0,100.0,0.5,True,0,0.0,0.0
cartesia-medium_booking-r018,cartesia,sonic-3.5-2026-05-04,medium_booking,80.0,100.0,0.75,True,0,0.0,0.0
cartesia-medium_booking-r018,cartesia,sonic-3.5-2026-05-04,medium_booking,80.0,200.0,0.25,True,0,0.0,0.0
cartesia-medium_booking-r018,cartesia,sonic-3.5-2026-05-04,medium_booking,80.0,200.0,0.5,True,0,0.0,0.0
cartesia-medium_booking-r018,cartesia,sonic-3.5-2026-05-04,medium_booking,80.0,200.0,0.75,True,0,0.0,0.0
cartesia-medium_booking-r018,cartesia,sonic-3.5-2026-05-04,medium_booking,80.0,400.0,0.25,True,0,0.0,0.0
cartesia-medium_booking-r018,cartesia,sonic-3.5-2026-05-04,medium_booking,80.0,400.0,0.5,True,0,0.0,0.0
cartesia-medium_booking-r018,cartesia,sonic-3.5-2026-05-04,medium_booking,80.0,400.0,0.75,True,0,0.0,0.0
cartesia-medium_booking-r018,cartesia,sonic-3.5-2026-05-04,medium_booking,80.0,800.0,0.25,True,0,0.0,0.0
cartesia-medium_booking-r018,cartesia,sonic-3.5-2026-05-04,medium_booking,80.0,800.0,0.5,True,0,0.0,0.0
cartesia-medium_booking-r018,cartesia,sonic-3.5-2026-05-04,medium_booking,80.0,800.0,0.75,True,0,0.0,0.0
cartesia-medium_booking-r018,cartesia,sonic-3.5-2026-05-04,medium_booking,80.0,1200.0,0.25,True,0,0.0,0.0
cartesia-medium_booking-r018,cartesia,sonic-3.5-2026-05-04,medium_booking,80.0,1200.0,0.5,True,0,0.0,0.0
cartesia-medium_booking-r018,cartesia,sonic-3.5-2026-05-04,medium_booking,80.0,1200.0,0.75,True,0,0.0,0.0
cartesia-medium_booking-r019,cartesia,sonic-3.5-2026-05-04,medium_booking,80.0,0.0,0.25,True,0,0.0,0.0
cartesia-medium_booking-r019,cartesia,sonic-3.5-2026-05-04,medium_booking,80.0,0.0,0.5,True,0,0.0,0.0
cartesia-medium_booking-r019,cartesia,sonic-3.5-2026-05-04,medium_booking,80.0,0.0,0.75,True,0,0.0,0.0
cartesia-medium_booking-r019,cartesia,sonic-3.5-2026-05-04,medium_booking,80.0,50.0,0.25,True,0,0.0,0.0
cartesia-medium_booking-r019,cartesia,sonic-3.5-2026-05-04,medium_booking,80.0,50.0,0.5,True,0,0.0,0.0
cartesia-medium_booking-r019,cartesia,sonic-3.5-2026-05-04,medium_booking,80.0,50.0,0.75,True,0,0.0,0.0
cartesia-medium_booking-r019,cartesia,sonic-3.5-2026-05-04,medium_booking,80.0,100.0,0.25,True,0,0.0,0.0
cartesia-medium_booking-r019,cartesia,sonic-3.5-2026-05-04,medium_booking,80.0,100.0,0.5,True,0,0.0,0.0
cartesia-medium_booking-r019,cartesia,sonic-3.5-2026-05-04,medium_booking,80.0,100.0,0.75,True,0,0.0,0.0
cartesia-medium_booking-r019,cartesia,sonic-3.5-2026-05-04,medium_booking,80.0,200.0,0.25,True,0,0.0,0.0
cartesia-medium_booking-r019,cartesia,sonic-3.5-2026-05-04,medium_booking,80.0,200.0,0.5,True,0,0.0,0.0
cartesia-medium_booking-r019,cartesia,sonic-3.5-2026-05-04,medium_booking,80.0,200.0,0.75,True,0,0.0,0.0
cartesia-medium_booking-r019,cartesia,sonic-3.5-2026-05-04,medium_booking,80.0,400.0,0.25,True,0,0.0,0.0
cartesia-medium_booking-r019,cartesia,sonic-3.5-2026-05-04,medium_booking,80.0,400.0,0.5,True,0,0.0,0.0
cartesia-medium_booking-r019,cartesia,sonic-3.5-2026-05-04,medium_booking,80.0,400.0,0.75,True,0,0.0,0.0
cartesia-medium_booking-r019,cartesia,sonic-3.5-2026-05-04,medium_booking,80.0,800.0,0.25,True,0,0.0,0.0
cartesia-medium_booking-r019,cartesia,sonic-3.5-2026-05-04,medium_booking,80.0,800.0,0.5,True,0,0.0,0.0
cartesia-medium_booking-r019,cartesia,sonic-3.5-2026-05-04,medium_booking,80.0,800.0,0.75,True,0,0.0,0.0
cartesia-medium_booking-r019,cartesia,sonic-3.5-2026-05-04,medium_booking,80.0,1200.0,0.25,True,0,0.0,0.0
cartesia-medium_booking-r019,cartesia,sonic-3.5-2026-05-04,medium_booking,80.0,1200.0,0.5,True,0,0.0,0.0
cartesia-medium_booking-r019,cartesia,sonic-3.5-2026-05-04,medium_booking,80.0,1200.0,0.75,True,0,0.0,0.0
cartesia-medium_support-r000,cartesia,sonic-3.5-2026-05-04,medium_support,80.0,0.0,0.25,True,0,0.0,0.0
cartesia-medium_support-r000,cartesia,sonic-3.5-2026-05-04,medium_support,80.0,0.0,0.5,True,0,0.0,0.0
cartesia-medium_support-r000,cartesia,sonic-3.5-2026-05-04,medium_support,80.0,0.0,0.75,True,0,0.0,0.0
cartesia-medium_support-r000,cartesia,sonic-3.5-2026-05-04,medium_support,80.0,50.0,0.25,True,0,0.0,0.0
cartesia-medium_support-r000,cartesia,sonic-3.5-2026-05-04,medium_support,80.0,50.0,0.5,True,0,0.0,0.0
cartesia-medium_support-r000,cartesia,sonic-3.5-2026-05-04,medium_support,80.0,50.0,0.75,True,0,0.0,0.0
cartesia-medium_support-r000,cartesia,sonic-3.5-2026-05-04,medium_support,80.0,100.0,0.25,True,0,0.0,0.0
cartesia-medium_support-r000,cartesia,sonic-3.5-2026-05-04,medium_support,80.0,100.0,0.5,True,0,0.0,0.0
cartesia-medium_support-r000,cartesia,sonic-3.5-2026-05-04,medium_support,80.0,100.0,0.75,True,0,0.0,0.0
cartesia-medium_support-r000,cartesia,sonic-3.5-2026-05-04,medium_support,80.0,200.0,0.25,True,0,0.0,0.0
cartesia-medium_support-r000,cartesia,sonic-3.5-2026-05-04,medium_support,80.0,200.0,0.5,True,0,0.0,0.0
cartesia-medium_support-r000,cartesia,sonic-3.5-2026-05-04,medium_support,80.0,200.0,0.75,True,0,0.0,0.0
cartesia-medium_support-r000,cartesia,sonic-3.5-2026-05-04,medium_support,80.0,400.0,0.25,True,0,0.0,0.0
cartesia-medium_support-r000,cartesia,sonic-3.5-2026-05-04,medium_support,80.0,400.0,0.5,True,0,0.0,0.0
cartesia-medium_support-r000,cartesia,sonic-3.5-2026-05-04,medium_support,80.0,400.0,0.75,True,0,0.0,0.0
cartesia-medium_support-r000,cartesia,sonic-3.5-2026-05-04,medium_support,80.0,800.0,0.25,True,0,0.0,0.0
cartesia-medium_support-r000,cartesia,sonic-3.5-2026-05-04,medium_support,80.0,800.0,0.5,True,0,0.0,0.0
cartesia-medium_support-r000,cartesia,sonic-3.5-2026-05-04,medium_support,80.0,800.0,0.75,True,0,0.0,0.0
cartesia-medium_support-r000,cartesia,sonic-3.5-2026-05-04,medium_support,80.0,1200.0,0.25,True,0,0.0,0.0
cartesia-medium_support-r000,cartesia,sonic-3.5-2026-05-04,medium_support,80.0,1200.0,0.5,True,0,0.0,0.0
cartesia-medium_support-r000,cartesia,sonic-3.5-2026-05-04,medium_support,80.0,1200.0,0.75,True,0,0.0,0.0
cartesia-medium_support-r001,cartesia,sonic-3.5-2026-05-04,medium_support,80.0,0.0,0.25,True,0,0.0,0.0
cartesia-medium_support-r001,cartesia,sonic-3.5-2026-05-04,medium_support,80.0,0.0,0.5,True,0,0.0,0.0
cartesia-medium_support-r001,cartesia,sonic-3.5-2026-05-04,medium_support,80.0,0.0,0.75,True,0,0.0,0.0
cartesia-medium_support-r001,cartesia,sonic-3.5-2026-05-04,medium_support,80.0,50.0,0.25,True,0,0.0,0.0
cartesia-medium_support-r001,cartesia,sonic-3.5-2026-05-04,medium_support,80.0,50.0,0.5,True,0,0.0,0.0
cartesia-medium_support-r001,cartesia,sonic-3.5-2026-05-04,medium_support,80.0,50.0,0.75,True,0,0.0,0.0
cartesia-medium_support-r001,cartesia,sonic-3.5-2026-05-04,medium_support,80.0,100.0,0.25,True,0,0.0,0.0
cartesia-medium_support-r001,cartesia,sonic-3.5-2026-05-04,medium_support,80.0,100.0,0.5,True,0,0.0,0.0
cartesia-medium_support-r001,cartesia,sonic-3.5-2026-05-04,medium_support,80.0,100.0,0.75,True,0,0.0,0.0
cartesia-medium_support-r001,cartesia,sonic-3.5-2026-05-04,medium_support,80.0,200.0,0.25,True,0,0.0,0.0
cartesia-medium_support-r001,cartesia,sonic-3.5-2026-05-04,medium_support,80.0,200.0,0.5,True,0,0.0,0.0
cartesia-medium_support-r001,cartesia,sonic-3.5-2026-05-04,medium_support,80.0,200.0,0.75,True,0,0.0,0.0
cartesia-medium_support-r001,cartesia,sonic-3.5-2026-05-04,medium_support,80.0,400.0,0.25,True,0,0.0,0.0
cartesia-medium_support-r001,cartesia,sonic-3.5-2026-05-04,medium_support,80.0,400.0,0.5,True,0,0.0,0.0
cartesia-medium_support-r001,cartesia,sonic-3.5-2026-05-04,medium_support,80.0,400.0,0.75,True,0,0.0,0.0
cartesia-medium_support-r001,cartesia,sonic-3.5-2026-05-04,medium_support,80.0,800.0,0.25,True,0,0.0,0.0
cartesia-medium_support-r001,cartesia,sonic-3.5-2026-05-04,medium_support,80.0,800.0,0.5,True,0,0.0,0.0
cartesia-medium_support-r001,cartesia,sonic-3.5-2026-05-04,medium_support,80.0,800.0,0.75,True,0,0.0,0.0
cartesia-medium_support-r001,cartesia,sonic-3.5-2026-05-04,medium_support,80.0,1200.0,0.25,True,0,0.0,0.0
cartesia-medium_support-r001,cartesia,sonic-3.5-2026-05-04,medium_support,80.0,1200.0,0.5,True,0,0.0,0.0
cartesia-medium_support-r001,cartesia,sonic-3.5-2026-05-04,medium_support,80.0,1200.0,0.75,True,0,0.0,0.0
cartesia-medium_support-r002,cartesia,sonic-3.5-2026-05-04,medium_support,80.0,0.0,0.25,True,0,0.0,0.0
cartesia-medium_support-r002,cartesia,sonic-3.5-2026-05-04,medium_support,80.0,0.0,0.5,True,0,0.0,0.0
cartesia-medium_support-r002,cartesia,sonic-3.5-2026-05-04,medium_support,80.0,0.0,0.75,True,0,0.0,0.0
cartesia-medium_support-r002,cartesia,sonic-3.5-2026-05-04,medium_support,80.0,50.0,0.25,True,0,0.0,0.0
cartesia-medium_support-r002,cartesia,sonic-3.5-2026-05-04,medium_support,80.0,50.0,0.5,True,0,0.0,0.0
cartesia-medium_support-r002,cartesia,sonic-3.5-2026-05-04,medium_support,80.0,50.0,0.75,True,0,0.0,0.0
cartesia-medium_support-r002,cartesia,sonic-3.5-2026-05-04,medium_support,80.0,100.0,0.25,True,0,0.0,0.0
cartesia-medium_support-r002,cartesia,sonic-3.5-2026-05-04,medium_support,80.0,100.0,0.5,True,0,0.0,0.0
cartesia-medium_support-r002,cartesia,sonic-3.5-2026-05-04,medium_support,80.0,100.0,0.75,True,0,0.0,0.0
cartesia-medium_support-r002,cartesia,sonic-3.5-2026-05-04,medium_support,80.0,200.0,0.25,True,0,0.0,0.0
cartesia-medium_support-r002,cartesia,sonic-3.5-2026-05-04,medium_support,80.0,200.0,0.5,True,0,0.0,0.0
cartesia-medium_support-r002,cartesia,sonic-3.5-2026-05-04,medium_support,80.0,200.0,0.75,True,0,0.0,0.0
cartesia-medium_support-r002,cartesia,sonic-3.5-2026-05-04,medium_support,80.0,400.0,0.25,True,0,0.0,0.0
cartesia-medium_support-r002,cartesia,sonic-3.5-2026-05-04,medium_support,80.0,400.0,0.5,True,0,0.0,0.0
cartesia-medium_support-r002,cartesia,sonic-3.5-2026-05-04,medium_support,80.0,400.0,0.75,True,0,0.0,0.0
cartesia-medium_support-r002,cartesia,sonic-3.5-2026-05-04,medium_support,80.0,800.0,0.25,True,0,0.0,0.0
cartesia-medium_support-r002,cartesia,sonic-3.5-2026-05-04,medium_support,80.0,800.0,0.5,True,0,0.0,0.0
cartesia-medium_support-r002,cartesia,sonic-3.5-2026-05-04,medium_support,80.0,800.0,0.75,True,0,0.0,0.0
cartesia-medium_support-r002,cartesia,sonic-3.5-2026-05-04,medium_support,80.0,1200.0,0.25,True,0,0.0,0.0
cartesia-medium_support-r002,cartesia,sonic-3.5-2026-05-04,medium_support,80.0,1200.0,0.5,True,0,0.0,0.0
cartesia-medium_support-r002,cartesia,sonic-3.5-2026-05-04,medium_support,80.0,1200.0,0.75,True,0,0.0,0.0
cartesia-medium_support-r003,cartesia,sonic-3.5-2026-05-04,medium_support,80.0,0.0,0.25,True,0,0.0,0.0
cartesia-medium_support-r003,cartesia,sonic-3.5-2026-05-04,medium_support,80.0,0.0,0.5,True,0,0.0,0.0
cartesia-medium_support-r003,cartesia,sonic-3.5-2026-05-04,medium_support,80.0,0.0,0.75,True,0,0.0,0.0
cartesia-medium_support-r003,cartesia,sonic-3.5-2026-05-04,medium_support,80.0,50.0,0.25,True,0,0.0,0.0
cartesia-medium_support-r003,cartesia,sonic-3.5-2026-05-04,medium_support,80.0,50.0,0.5,True,0,0.0,0.0
cartesia-medium_support-r003,cartesia,sonic-3.5-2026-05-04,medium_support,80.0,50.0,0.75,True,0,0.0,0.0
cartesia-medium_support-r003,cartesia,sonic-3.5-2026-05-04,medium_support,80.0,100.0,0.25,True,0,0.0,0.0
cartesia-medium_support-r003,cartesia,sonic-3.5-2026-05-04,medium_support,80.0,100.0,0.5,True,0,0.0,0.0
cartesia-medium_support-r003,cartesia,sonic-3.5-2026-05-04,medium_support,80.0,100.0,0.75,True,0,0.0,0.0
cartesia-medium_support-r003,cartesia,sonic-3.5-2026-05-04,medium_support,80.0,200.0,0.25,True,0,0.0,0.0
cartesia-medium_support-r003,cartesia,sonic-3.5-2026-05-04,medium_support,80.0,200.0,0.5,True,0,0.0,0.0
cartesia-medium_support-r003,cartesia,sonic-3.5-2026-05-04,medium_support,80.0,200.0,0.75,True,0,0.0,0.0
cartesia-medium_support-r003,cartesia,sonic-3.5-2026-05-04,medium_support,80.0,400.0,0.25,True,0,0.0,0.0
cartesia-medium_support-r003,cartesia,sonic-3.5-2026-05-04,medium_support,80.0,400.0,0.5,True,0,0.0,0.0
cartesia-medium_support-r003,cartesia,sonic-3.5-2026-05-04,medium_support,80.0,400.0,0.75,True,0,0.0,0.0
cartesia-medium_support-r003,cartesia,sonic-3.5-2026-05-04,medium_support,80.0,800.0,0.25,True,0,0.0,0.0
cartesia-medium_support-r003,cartesia,sonic-3.5-2026-05-04,medium_support,80.0,800.0,0.5,True,0,0.0,0.0
cartesia-medium_support-r003,cartesia,sonic-3.5-2026-05-04,medium_support,80.0,800.0,0.75,True,0,0.0,0.0
cartesia-medium_support-r003,cartesia,sonic-3.5-2026-05-04,medium_support,80.0,1200.0,0.25,True,0,0.0,0.0
cartesia-medium_support-r003,cartesia,sonic-3.5-2026-05-04,medium_support,80.0,1200.0,0.5,True,0,0.0,0.0
cartesia-medium_support-r003,cartesia,sonic-3.5-2026-05-04,medium_support,80.0,1200.0,0.75,True,0,0.0,0.0
cartesia-medium_support-r004,cartesia,sonic-3.5-2026-05-04,medium_support,80.0,0.0,0.25,True,0,0.0,0.0
cartesia-medium_support-r004,cartesia,sonic-3.5-2026-05-04,medium_support,80.0,0.0,0.5,True,0,0.0,0.0
cartesia-medium_support-r004,cartesia,sonic-3.5-2026-05-04,medium_support,80.0,0.0,0.75,True,0,0.0,0.0
cartesia-medium_support-r004,cartesia,sonic-3.5-2026-05-04,medium_support,80.0,50.0,0.25,True,0,0.0,0.0
cartesia-medium_support-r004,cartesia,sonic-3.5-2026-05-04,medium_support,80.0,50.0,0.5,True,0,0.0,0.0
cartesia-medium_support-r004,cartesia,sonic-3.5-2026-05-04,medium_support,80.0,50.0,0.75,True,0,0.0,0.0
cartesia-medium_support-r004,cartesia,sonic-3.5-2026-05-04,medium_support,80.0,100.0,0.25,True,0,0.0,0.0
cartesia-medium_support-r004,cartesia,sonic-3.5-2026-05-04,medium_support,80.0,100.0,0.5,True,0,0.0,0.0
cartesia-medium_support-r004,cartesia,sonic-3.5-2026-05-04,medium_support,80.0,100.0,0.75,True,0,0.0,0.0
cartesia-medium_support-r004,cartesia,sonic-3.5-2026-05-04,medium_support,80.0,200.0,0.25,True,0,0.0,0.0
cartesia-medium_support-r004,cartesia,sonic-3.5-2026-05-04,medium_support,80.0,200.0,0.5,True,0,0.0,0.0
cartesia-medium_support-r004,cartesia,sonic-3.5-2026-05-04,medium_support,80.0,200.0,0.75,True,0,0.0,0.0
cartesia-medium_support-r004,cartesia,sonic-3.5-2026-05-04,medium_support,80.0,400.0,0.25,True,0,0.0,0.0
cartesia-medium_support-r004,cartesia,sonic-3.5-2026-05-04,medium_support,80.0,400.0,0.5,True,0,0.0,0.0
cartesia-medium_support-r004,cartesia,sonic-3.5-2026-05-04,medium_support,80.0,400.0,0.75,True,0,0.0,0.0
cartesia-medium_support-r004,cartesia,sonic-3.5-2026-05-04,medium_support,80.0,800.0,0.25,True,0,0.0,0.0
cartesia-medium_support-r004,cartesia,sonic-3.5-2026-05-04,medium_support,80.0,800.0,0.5,True,0,0.0,0.0
cartesia-medium_support-r004,cartesia,sonic-3.5-2026-05-04,medium_support,80.0,800.0,0.75,True,0,0.0,0.0
cartesia-medium_support-r004,cartesia,sonic-3.5-2026-05-04,medium_support,80.0,1200.0,0.25,True,0,0.0,0.0
cartesia-medium_support-r004,cartesia,sonic-3.5-2026-05-04,medium_support,80.0,1200.0,0.5,True,0,0.0,0.0
cartesia-medium_support-r004,cartesia,sonic-3.5-2026-05-04,medium_support,80.0,1200.0,0.75,True,0,0.0,0.0
cartesia-medium_support-r005,cartesia,sonic-3.5-2026-05-04,medium_support,80.0,0.0,0.25,True,0,0.0,0.0
cartesia-medium_support-r005,cartesia,sonic-3.5-2026-05-04,medium_support,80.0,0.0,0.5,True,0,0.0,0.0
cartesia-medium_support-r005,cartesia,sonic-3.5-2026-05-04,medium_support,80.0,0.0,0.75,True,0,0.0,0.0
cartesia-medium_support-r005,cartesia,sonic-3.5-2026-05-04,medium_support,80.0,50.0,0.25,True,0,0.0,0.0
cartesia-medium_support-r005,cartesia,sonic-3.5-2026-05-04,medium_support,80.0,50.0,0.5,True,0,0.0,0.0
cartesia-medium_support-r005,cartesia,sonic-3.5-2026-05-04,medium_support,80.0,50.0,0.75,True,0,0.0,0.0
cartesia-medium_support-r005,cartesia,sonic-3.5-2026-05-04,medium_support,80.0,100.0,0.25,True,0,0.0,0.0
cartesia-medium_support-r005,cartesia,sonic-3.5-2026-05-04,medium_support,80.0,100.0,0.5,True,0,0.0,0.0
cartesia-medium_support-r005,cartesia,sonic-3.5-2026-05-04,medium_support,80.0,100.0,0.75,True,0,0.0,0.0
cartesia-medium_support-r005,cartesia,sonic-3.5-2026-05-04,medium_support,80.0,200.0,0.25,True,0,0.0,0.0
cartesia-medium_support-r005,cartesia,sonic-3.5-2026-05-04,medium_support,80.0,200.0,0.5,True,0,0.0,0.0
cartesia-medium_support-r005,cartesia,sonic-3.5-2026-05-04,medium_support,80.0,200.0,0.75,True,0,0.0,0.0
cartesia-medium_support-r005,cartesia,sonic-3.5-2026-05-04,medium_support,80.0,400.0,0.25,True,0,0.0,0.0
cartesia-medium_support-r005,cartesia,sonic-3.5-2026-05-04,medium_support,80.0,400.0,0.5,True,0,0.0,0.0
cartesia-medium_support-r005,cartesia,sonic-3.5-2026-05-04,medium_support,80.0,400.0,0.75,True,0,0.0,0.0
cartesia-medium_support-r005,cartesia,sonic-3.5-2026-05-04,medium_support,80.0,800.0,0.25,True,0,0.0,0.0
cartesia-medium_support-r005,cartesia,sonic-3.5-2026-05-04,medium_support,80.0,800.0,0.5,True,0,0.0,0.0
cartesia-medium_support-r005,cartesia,sonic-3.5-2026-05-04,medium_support,80.0,800.0,0.75,True,0,0.0,0.0
cartesia-medium_support-r005,cartesia,sonic-3.5-2026-05-04,medium_support,80.0,1200.0,0.25,True,0,0.0,0.0
cartesia-medium_support-r005,cartesia,sonic-3.5-2026-05-04,medium_support,80.0,1200.0,0.5,True,0,0.0,0.0
cartesia-medium_support-r005,cartesia,sonic-3.5-2026-05-04,medium_support,80.0,1200.0,0.75,True,0,0.0,0.0
cartesia-medium_support-r006,cartesia,sonic-3.5-2026-05-04,medium_support,80.0,0.0,0.25,True,0,0.0,0.0
cartesia-medium_support-r006,cartesia,sonic-3.5-2026-05-04,medium_support,80.0,0.0,0.5,True,0,0.0,0.0
cartesia-medium_support-r006,cartesia,sonic-3.5-2026-05-04,medium_support,80.0,0.0,0.75,True,0,0.0,0.0
cartesia-medium_support-r006,cartesia,sonic-3.5-2026-05-04,medium_support,80.0,50.0,0.25,True,0,0.0,0.0
cartesia-medium_support-r006,cartesia,sonic-3.5-2026-05-04,medium_support,80.0,50.0,0.5,True,0,0.0,0.0
cartesia-medium_support-r006,cartesia,sonic-3.5-2026-05-04,medium_support,80.0,50.0,0.75,True,0,0.0,0.0
cartesia-medium_support-r006,cartesia,sonic-3.5-2026-05-04,medium_support,80.0,100.0,0.25,True,0,0.0,0.0
cartesia-medium_support-r006,cartesia,sonic-3.5-2026-05-04,medium_support,80.0,100.0,0.5,True,0,0.0,0.0
cartesia-medium_support-r006,cartesia,sonic-3.5-2026-05-04,medium_support,80.0,100.0,0.75,True,0,0.0,0.0
cartesia-medium_support-r006,cartesia,sonic-3.5-2026-05-04,medium_support,80.0,200.0,0.25,True,0,0.0,0.0
cartesia-medium_support-r006,cartesia,sonic-3.5-2026-05-04,medium_support,80.0,200.0,0.5,True,0,0.0,0.0
cartesia-medium_support-r006,cartesia,sonic-3.5-2026-05-04,medium_support,80.0,200.0,0.75,True,0,0.0,0.0
cartesia-medium_support-r006,cartesia,sonic-3.5-2026-05-04,medium_support,80.0,400.0,0.25,True,0,0.0,0.0
cartesia-medium_support-r006,cartesia,sonic-3.5-2026-05-04,medium_support,80.0,400.0,0.5,True,0,0.0,0.0
cartesia-medium_support-r006,cartesia,sonic-3.5-2026-05-04,medium_support,80.0,400.0,0.75,True,0,0.0,0.0
cartesia-medium_support-r006,cartesia,sonic-3.5-2026-05-04,medium_support,80.0,800.0,0.25,True,0,0.0,0.0
cartesia-medium_support-r006,cartesia,sonic-3.5-2026-05-04,medium_support,80.0,800.0,0.5,True,0,0.0,0.0
cartesia-medium_support-r006,cartesia,sonic-3.5-2026-05-04,medium_support,80.0,800.0,0.75,True,0,0.0,0.0
cartesia-medium_support-r006,cartesia,sonic-3.5-2026-05-04,medium_support,80.0,1200.0,0.25,True,0,0.0,0.0
cartesia-medium_support-r006,cartesia,sonic-3.5-2026-05-04,medium_support,80.0,1200.0,0.5,True,0,0.0,0.0
cartesia-medium_support-r006,cartesia,sonic-3.5-2026-05-04,medium_support,80.0,1200.0,0.75,True,0,0.0,0.0
cartesia-medium_support-r007,cartesia,sonic-3.5-2026-05-04,medium_support,80.0,0.0,0.25,True,0,0.0,0.0
cartesia-medium_support-r007,cartesia,sonic-3.5-2026-05-04,medium_support,80.0,0.0,0.5,True,0,0.0,0.0
cartesia-medium_support-r007,cartesia,sonic-3.5-2026-05-04,medium_support,80.0,0.0,0.75,True,0,0.0,0.0
cartesia-medium_support-r007,cartesia,sonic-3.5-2026-05-04,medium_support,80.0,50.0,0.25,True,0,0.0,0.0
cartesia-medium_support-r007,cartesia,sonic-3.5-2026-05-04,medium_support,80.0,50.0,0.5,True,0,0.0,0.0
cartesia-medium_support-r007,cartesia,sonic-3.5-2026-05-04,medium_support,80.0,50.0,0.75,True,0,0.0,0.0
cartesia-medium_support-r007,cartesia,sonic-3.5-2026-05-04,medium_support,80.0,100.0,0.25,True,0,0.0,0.0
cartesia-medium_support-r007,cartesia,sonic-3.5-2026-05-04,medium_support,80.0,100.0,0.5,True,0,0.0,0.0
cartesia-medium_support-r007,cartesia,sonic-3.5-2026-05-04,medium_support,80.0,100.0,0.75,True,0,0.0,0.0
cartesia-medium_support-r007,cartesia,sonic-3.5-2026-05-04,medium_support,80.0,200.0,0.25,True,0,0.0,0.0
cartesia-medium_support-r007,cartesia,sonic-3.5-2026-05-04,medium_support,80.0,200.0,0.5,True,0,0.0,0.0
cartesia-medium_support-r007,cartesia,sonic-3.5-2026-05-04,medium_support,80.0,200.0,0.75,True,0,0.0,0.0
cartesia-medium_support-r007,cartesia,sonic-3.5-2026-05-04,medium_support,80.0,400.0,0.25,True,0,0.0,0.0
cartesia-medium_support-r007,cartesia,sonic-3.5-2026-05-04,medium_support,80.0,400.0,0.5,True,0,0.0,0.0
cartesia-medium_support-r007,cartesia,sonic-3.5-2026-05-04,medium_support,80.0,400.0,0.75,True,0,0.0,0.0
cartesia-medium_support-r007,cartesia,sonic-3.5-2026-05-04,medium_support,80.0,800.0,0.25,True,0,0.0,0.0
cartesia-medium_support-r007,cartesia,sonic-3.5-2026-05-04,medium_support,80.0,800.0,0.5,True,0,0.0,0.0
cartesia-medium_support-r007,cartesia,sonic-3.5-2026-05-04,medium_support,80.0,800.0,0.75,True,0,0.0,0.0
cartesia-medium_support-r007,cartesia,sonic-3.5-2026-05-04,medium_support,80.0,1200.0,0.25,True,0,0.0,0.0
cartesia-medium_support-r007,cartesia,sonic-3.5-2026-05-04,medium_support,80.0,1200.0,0.5,True,0,0.0,0.0
cartesia-medium_support-r007,cartesia,sonic-3.5-2026-05-04,medium_support,80.0,1200.0,0.75,True,0,0.0,0.0
cartesia-medium_support-r008,cartesia,sonic-3.5-2026-05-04,medium_support,80.0,0.0,0.25,True,0,0.0,0.0
cartesia-medium_support-r008,cartesia,sonic-3.5-2026-05-04,medium_support,80.0,0.0,0.5,True,0,0.0,0.0
cartesia-medium_support-r008,cartesia,sonic-3.5-2026-05-04,medium_support,80.0,0.0,0.75,True,0,0.0,0.0
cartesia-medium_support-r008,cartesia,sonic-3.5-2026-05-04,medium_support,80.0,50.0,0.25,True,0,0.0,0.0
cartesia-medium_support-r008,cartesia,sonic-3.5-2026-05-04,medium_support,80.0,50.0,0.5,True,0,0.0,0.0
cartesia-medium_support-r008,cartesia,sonic-3.5-2026-05-04,medium_support,80.0,50.0,0.75,True,0,0.0,0.0
cartesia-medium_support-r008,cartesia,sonic-3.5-2026-05-04,medium_support,80.0,100.0,0.25,True,0,0.0,0.0
cartesia-medium_support-r008,cartesia,sonic-3.5-2026-05-04,medium_support,80.0,100.0,0.5,True,0,0.0,0.0
cartesia-medium_support-r008,cartesia,sonic-3.5-2026-05-04,medium_support,80.0,100.0,0.75,True,0,0.0,0.0
cartesia-medium_support-r008,cartesia,sonic-3.5-2026-05-04,medium_support,80.0,200.0,0.25,True,0,0.0,0.0
cartesia-medium_support-r008,cartesia,sonic-3.5-2026-05-04,medium_support,80.0,200.0,0.5,True,0,0.0,0.0
cartesia-medium_support-r008,cartesia,sonic-3.5-2026-05-04,medium_support,80.0,200.0,0.75,True,0,0.0,0.0
cartesia-medium_support-r008,cartesia,sonic-3.5-2026-05-04,medium_support,80.0,400.0,0.25,True,0,0.0,0.0
cartesia-medium_support-r008,cartesia,sonic-3.5-2026-05-04,medium_support,80.0,400.0,0.5,True,0,0.0,0.0
cartesia-medium_support-r008,cartesia,sonic-3.5-2026-05-04,medium_support,80.0,400.0,0.75,True,0,0.0,0.0
cartesia-medium_support-r008,cartesia,sonic-3.5-2026-05-04,medium_support,80.0,800.0,0.25,True,0,0.0,0.0
cartesia-medium_support-r008,cartesia,sonic-3.5-2026-05-04,medium_support,80.0,800.0,0.5,True,0,0.0,0.0
cartesia-medium_support-r008,cartesia,sonic-3.5-2026-05-04,medium_support,80.0,800.0,0.75,True,0,0.0,0.0
cartesia-medium_support-r008,cartesia,sonic-3.5-2026-05-04,medium_support,80.0,1200.0,0.25,True,0,0.0,0.0
cartesia-medium_support-r008,cartesia,sonic-3.5-2026-05-04,medium_support,80.0,1200.0,0.5,True,0,0.0,0.0
cartesia-medium_support-r008,cartesia,sonic-3.5-2026-05-04,medium_support,80.0,1200.0,0.75,True,0,0.0,0.0
cartesia-medium_support-r009,cartesia,sonic-3.5-2026-05-04,medium_support,80.0,0.0,0.25,True,0,0.0,0.0
cartesia-medium_support-r009,cartesia,sonic-3.5-2026-05-04,medium_support,80.0,0.0,0.5,True,0,0.0,0.0
cartesia-medium_support-r009,cartesia,sonic-3.5-2026-05-04,medium_support,80.0,0.0,0.75,True,0,0.0,0.0
cartesia-medium_support-r009,cartesia,sonic-3.5-2026-05-04,medium_support,80.0,50.0,0.25,True,0,0.0,0.0
cartesia-medium_support-r009,cartesia,sonic-3.5-2026-05-04,medium_support,80.0,50.0,0.5,True,0,0.0,0.0
cartesia-medium_support-r009,cartesia,sonic-3.5-2026-05-04,medium_support,80.0,50.0,0.75,True,0,0.0,0.0
cartesia-medium_support-r009,cartesia,sonic-3.5-2026-05-04,medium_support,80.0,100.0,0.25,True,0,0.0,0.0
cartesia-medium_support-r009,cartesia,sonic-3.5-2026-05-04,medium_support,80.0,100.0,0.5,True,0,0.0,0.0
cartesia-medium_support-r009,cartesia,sonic-3.5-2026-05-04,medium_support,80.0,100.0,0.75,True,0,0.0,0.0
cartesia-medium_support-r009,cartesia,sonic-3.5-2026-05-04,medium_support,80.0,200.0,0.25,True,0,0.0,0.0
cartesia-medium_support-r009,cartesia,sonic-3.5-2026-05-04,medium_support,80.0,200.0,0.5,True,0,0.0,0.0
cartesia-medium_support-r009,cartesia,sonic-3.5-2026-05-04,medium_support,80.0,200.0,0.75,True,0,0.0,0.0
cartesia-medium_support-r009,cartesia,sonic-3.5-2026-05-04,medium_support,80.0,400.0,0.25,True,0,0.0,0.0
cartesia-medium_support-r009,cartesia,sonic-3.5-2026-05-04,medium_support,80.0,400.0,0.5,True,0,0.0,0.0
cartesia-medium_support-r009,cartesia,sonic-3.5-2026-05-04,medium_support,80.0,400.0,0.75,True,0,0.0,0.0
cartesia-medium_support-r009,cartesia,sonic-3.5-2026-05-04,medium_support,80.0,800.0,0.25,True,0,0.0,0.0
cartesia-medium_support-r009,cartesia,sonic-3.5-2026-05-04,medium_support,80.0,800.0,0.5,True,0,0.0,0.0
cartesia-medium_support-r009,cartesia,sonic-3.5-2026-05-04,medium_support,80.0,800.0,0.75,True,0,0.0,0.0
cartesia-medium_support-r009,cartesia,sonic-3.5-2026-05-04,medium_support,80.0,1200.0,0.25,True,0,0.0,0.0
cartesia-medium_support-r009,cartesia,sonic-3.5-2026-05-04,medium_support,80.0,1200.0,0.5,True,0,0.0,0.0
cartesia-medium_support-r009,cartesia,sonic-3.5-2026-05-04,medium_support,80.0,1200.0,0.75,True,0,0.0,0.0
cartesia-medium_support-r010,cartesia,sonic-3.5-2026-05-04,medium_support,80.0,0.0,0.25,True,0,0.0,0.0
cartesia-medium_support-r010,cartesia,sonic-3.5-2026-05-04,medium_support,80.0,0.0,0.5,True,0,0.0,0.0
cartesia-medium_support-r010,cartesia,sonic-3.5-2026-05-04,medium_support,80.0,0.0,0.75,True,0,0.0,0.0
cartesia-medium_support-r010,cartesia,sonic-3.5-2026-05-04,medium_support,80.0,50.0,0.25,True,0,0.0,0.0
cartesia-medium_support-r010,cartesia,sonic-3.5-2026-05-04,medium_support,80.0,50.0,0.5,True,0,0.0,0.0
cartesia-medium_support-r010,cartesia,sonic-3.5-2026-05-04,medium_support,80.0,50.0,0.75,True,0,0.0,0.0
cartesia-medium_support-r010,cartesia,sonic-3.5-2026-05-04,medium_support,80.0,100.0,0.25,True,0,0.0,0.0
cartesia-medium_support-r010,cartesia,sonic-3.5-2026-05-04,medium_support,80.0,100.0,0.5,True,0,0.0,0.0
cartesia-medium_support-r010,cartesia,sonic-3.5-2026-05-04,medium_support,80.0,100.0,0.75,True,0,0.0,0.0
cartesia-medium_support-r010,cartesia,sonic-3.5-2026-05-04,medium_support,80.0,200.0,0.25,True,0,0.0,0.0
cartesia-medium_support-r010,cartesia,sonic-3.5-2026-05-04,medium_support,80.0,200.0,0.5,True,0,0.0,0.0
cartesia-medium_support-r010,cartesia,sonic-3.5-2026-05-04,medium_support,80.0,200.0,0.75,True,0,0.0,0.0
cartesia-medium_support-r010,cartesia,sonic-3.5-2026-05-04,medium_support,80.0,400.0,0.25,True,0,0.0,0.0
cartesia-medium_support-r010,cartesia,sonic-3.5-2026-05-04,medium_support,80.0,400.0,0.5,True,0,0.0,0.0
cartesia-medium_support-r010,cartesia,sonic-3.5-2026-05-04,medium_support,80.0,400.0,0.75,True,0,0.0,0.0
cartesia-medium_support-r010,cartesia,sonic-3.5-2026-05-04,medium_support,80.0,800.0,0.25,True,0,0.0,0.0
cartesia-medium_support-r010,cartesia,sonic-3.5-2026-05-04,medium_support,80.0,800.0,0.5,True,0,0.0,0.0
cartesia-medium_support-r010,cartesia,sonic-3.5-2026-05-04,medium_support,80.0,800.0,0.75,True,0,0.0,0.0
cartesia-medium_support-r010,cartesia,sonic-3.5-2026-05-04,medium_support,80.0,1200.0,0.25,True,0,0.0,0.0
cartesia-medium_support-r010,cartesia,sonic-3.5-2026-05-04,medium_support,80.0,1200.0,0.5,True,0,0.0,0.0
cartesia-medium_support-r010,cartesia,sonic-3.5-2026-05-04,medium_support,80.0,1200.0,0.75,True,0,0.0,0.0
cartesia-medium_support-r011,cartesia,sonic-3.5-2026-05-04,medium_support,80.0,0.0,0.25,True,0,0.0,0.0
cartesia-medium_support-r011,cartesia,sonic-3.5-2026-05-04,medium_support,80.0,0.0,0.5,True,0,0.0,0.0
cartesia-medium_support-r011,cartesia,sonic-3.5-2026-05-04,medium_support,80.0,0.0,0.75,True,0,0.0,0.0
cartesia-medium_support-r011,cartesia,sonic-3.5-2026-05-04,medium_support,80.0,50.0,0.25,True,0,0.0,0.0
cartesia-medium_support-r011,cartesia,sonic-3.5-2026-05-04,medium_support,80.0,50.0,0.5,True,0,0.0,0.0
cartesia-medium_support-r011,cartesia,sonic-3.5-2026-05-04,medium_support,80.0,50.0,0.75,True,0,0.0,0.0
cartesia-medium_support-r011,cartesia,sonic-3.5-2026-05-04,medium_support,80.0,100.0,0.25,True,0,0.0,0.0
cartesia-medium_support-r011,cartesia,sonic-3.5-2026-05-04,medium_support,80.0,100.0,0.5,True,0,0.0,0.0
cartesia-medium_support-r011,cartesia,sonic-3.5-2026-05-04,medium_support,80.0,100.0,0.75,True,0,0.0,0.0
cartesia-medium_support-r011,cartesia,sonic-3.5-2026-05-04,medium_support,80.0,200.0,0.25,True,0,0.0,0.0
cartesia-medium_support-r011,cartesia,sonic-3.5-2026-05-04,medium_support,80.0,200.0,0.5,True,0,0.0,0.0
cartesia-medium_support-r011,cartesia,sonic-3.5-2026-05-04,medium_support,80.0,200.0,0.75,True,0,0.0,0.0
cartesia-medium_support-r011,cartesia,sonic-3.5-2026-05-04,medium_support,80.0,400.0,0.25,True,0,0.0,0.0
cartesia-medium_support-r011,cartesia,sonic-3.5-2026-05-04,medium_support,80.0,400.0,0.5,True,0,0.0,0.0
cartesia-medium_support-r011,cartesia,sonic-3.5-2026-05-04,medium_support,80.0,400.0,0.75,True,0,0.0,0.0
cartesia-medium_support-r011,cartesia,sonic-3.5-2026-05-04,medium_support,80.0,800.0,0.25,True,0,0.0,0.0
cartesia-medium_support-r011,cartesia,sonic-3.5-2026-05-04,medium_support,80.0,800.0,0.5,True,0,0.0,0.0
cartesia-medium_support-r011,cartesia,sonic-3.5-2026-05-04,medium_support,80.0,800.0,0.75,True,0,0.0,0.0
cartesia-medium_support-r011,cartesia,sonic-3.5-2026-05-04,medium_support,80.0,1200.0,0.25,True,0,0.0,0.0
cartesia-medium_support-r011,cartesia,sonic-3.5-2026-05-04,medium_support,80.0,1200.0,0.5,True,0,0.0,0.0
cartesia-medium_support-r011,cartesia,sonic-3.5-2026-05-04,medium_support,80.0,1200.0,0.75,True,0,0.0,0.0
cartesia-medium_support-r012,cartesia,sonic-3.5-2026-05-04,medium_support,80.0,0.0,0.25,True,0,0.0,0.0
cartesia-medium_support-r012,cartesia,sonic-3.5-2026-05-04,medium_support,80.0,0.0,0.5,True,0,0.0,0.0
cartesia-medium_support-r012,cartesia,sonic-3.5-2026-05-04,medium_support,80.0,0.0,0.75,True,0,0.0,0.0
cartesia-medium_support-r012,cartesia,sonic-3.5-2026-05-04,medium_support,80.0,50.0,0.25,True,0,0.0,0.0
cartesia-medium_support-r012,cartesia,sonic-3.5-2026-05-04,medium_support,80.0,50.0,0.5,True,0,0.0,0.0
cartesia-medium_support-r012,cartesia,sonic-3.5-2026-05-04,medium_support,80.0,50.0,0.75,True,0,0.0,0.0
cartesia-medium_support-r012,cartesia,sonic-3.5-2026-05-04,medium_support,80.0,100.0,0.25,True,0,0.0,0.0
cartesia-medium_support-r012,cartesia,sonic-3.5-2026-05-04,medium_support,80.0,100.0,0.5,True,0,0.0,0.0
cartesia-medium_support-r012,cartesia,sonic-3.5-2026-05-04,medium_support,80.0,100.0,0.75,True,0,0.0,0.0
cartesia-medium_support-r012,cartesia,sonic-3.5-2026-05-04,medium_support,80.0,200.0,0.25,True,0,0.0,0.0
cartesia-medium_support-r012,cartesia,sonic-3.5-2026-05-04,medium_support,80.0,200.0,0.5,True,0,0.0,0.0
cartesia-medium_support-r012,cartesia,sonic-3.5-2026-05-04,medium_support,80.0,200.0,0.75,True,0,0.0,0.0
cartesia-medium_support-r012,cartesia,sonic-3.5-2026-05-04,medium_support,80.0,400.0,0.25,True,0,0.0,0.0
cartesia-medium_support-r012,cartesia,sonic-3.5-2026-05-04,medium_support,80.0,400.0,0.5,True,0,0.0,0.0
cartesia-medium_support-r012,cartesia,sonic-3.5-2026-05-04,medium_support,80.0,400.0,0.75,True,0,0.0,0.0
cartesia-medium_support-r012,cartesia,sonic-3.5-2026-05-04,medium_support,80.0,800.0,0.25,True,0,0.0,0.0
cartesia-medium_support-r012,cartesia,sonic-3.5-2026-05-04,medium_support,80.0,800.0,0.5,True,0,0.0,0.0
cartesia-medium_support-r012,cartesia,sonic-3.5-2026-05-04,medium_support,80.0,800.0,0.75,True,0,0.0,0.0
cartesia-medium_support-r012,cartesia,sonic-3.5-2026-05-04,medium_support,80.0,1200.0,0.25,True,0,0.0,0.0
cartesia-medium_support-r012,cartesia,sonic-3.5-2026-05-04,medium_support,80.0,1200.0,0.5,True,0,0.0,0.0
cartesia-medium_support-r012,cartesia,sonic-3.5-2026-05-04,medium_support,80.0,1200.0,0.75,True,0,0.0,0.0
cartesia-medium_support-r013,cartesia,sonic-3.5-2026-05-04,medium_support,80.0,0.0,0.25,True,0,0.0,0.0
cartesia-medium_support-r013,cartesia,sonic-3.5-2026-05-04,medium_support,80.0,0.0,0.5,True,0,0.0,0.0
cartesia-medium_support-r013,cartesia,sonic-3.5-2026-05-04,medium_support,80.0,0.0,0.75,True,0,0.0,0.0
cartesia-medium_support-r013,cartesia,sonic-3.5-2026-05-04,medium_support,80.0,50.0,0.25,True,0,0.0,0.0
cartesia-medium_support-r013,cartesia,sonic-3.5-2026-05-04,medium_support,80.0,50.0,0.5,True,0,0.0,0.0
cartesia-medium_support-r013,cartesia,sonic-3.5-2026-05-04,medium_support,80.0,50.0,0.75,True,0,0.0,0.0
cartesia-medium_support-r013,cartesia,sonic-3.5-2026-05-04,medium_support,80.0,100.0,0.25,True,0,0.0,0.0
cartesia-medium_support-r013,cartesia,sonic-3.5-2026-05-04,medium_support,80.0,100.0,0.5,True,0,0.0,0.0
cartesia-medium_support-r013,cartesia,sonic-3.5-2026-05-04,medium_support,80.0,100.0,0.75,True,0,0.0,0.0
cartesia-medium_support-r013,cartesia,sonic-3.5-2026-05-04,medium_support,80.0,200.0,0.25,True,0,0.0,0.0
cartesia-medium_support-r013,cartesia,sonic-3.5-2026-05-04,medium_support,80.0,200.0,0.5,True,0,0.0,0.0
cartesia-medium_support-r013,cartesia,sonic-3.5-2026-05-04,medium_support,80.0,200.0,0.75,True,0,0.0,0.0
cartesia-medium_support-r013,cartesia,sonic-3.5-2026-05-04,medium_support,80.0,400.0,0.25,True,0,0.0,0.0
cartesia-medium_support-r013,cartesia,sonic-3.5-2026-05-04,medium_support,80.0,400.0,0.5,True,0,0.0,0.0
cartesia-medium_support-r013,cartesia,sonic-3.5-2026-05-04,medium_support,80.0,400.0,0.75,True,0,0.0,0.0
cartesia-medium_support-r013,cartesia,sonic-3.5-2026-05-04,medium_support,80.0,800.0,0.25,True,0,0.0,0.0
cartesia-medium_support-r013,cartesia,sonic-3.5-2026-05-04,medium_support,80.0,800.0,0.5,True,0,0.0,0.0
cartesia-medium_support-r013,cartesia,sonic-3.5-2026-05-04,medium_support,80.0,800.0,0.75,True,0,0.0,0.0
cartesia-medium_support-r013,cartesia,sonic-3.5-2026-05-04,medium_support,80.0,1200.0,0.25,True,0,0.0,0.0
cartesia-medium_support-r013,cartesia,sonic-3.5-2026-05-04,medium_support,80.0,1200.0,0.5,True,0,0.0,0.0
cartesia-medium_support-r013,cartesia,sonic-3.5-2026-05-04,medium_support,80.0,1200.0,0.75,True,0,0.0,0.0
cartesia-medium_support-r014,cartesia,sonic-3.5-2026-05-04,medium_support,80.0,0.0,0.25,True,0,0.0,0.0
cartesia-medium_support-r014,cartesia,sonic-3.5-2026-05-04,medium_support,80.0,0.0,0.5,True,0,0.0,0.0
cartesia-medium_support-r014,cartesia,sonic-3.5-2026-05-04,medium_support,80.0,0.0,0.75,True,0,0.0,0.0
cartesia-medium_support-r014,cartesia,sonic-3.5-2026-05-04,medium_support,80.0,50.0,0.25,True,0,0.0,0.0
cartesia-medium_support-r014,cartesia,sonic-3.5-2026-05-04,medium_support,80.0,50.0,0.5,True,0,0.0,0.0
cartesia-medium_support-r014,cartesia,sonic-3.5-2026-05-04,medium_support,80.0,50.0,0.75,True,0,0.0,0.0
cartesia-medium_support-r014,cartesia,sonic-3.5-2026-05-04,medium_support,80.0,100.0,0.25,True,0,0.0,0.0
cartesia-medium_support-r014,cartesia,sonic-3.5-2026-05-04,medium_support,80.0,100.0,0.5,True,0,0.0,0.0
cartesia-medium_support-r014,cartesia,sonic-3.5-2026-05-04,medium_support,80.0,100.0,0.75,True,0,0.0,0.0
cartesia-medium_support-r014,cartesia,sonic-3.5-2026-05-04,medium_support,80.0,200.0,0.25,True,0,0.0,0.0
cartesia-medium_support-r014,cartesia,sonic-3.5-2026-05-04,medium_support,80.0,200.0,0.5,True,0,0.0,0.0
cartesia-medium_support-r014,cartesia,sonic-3.5-2026-05-04,medium_support,80.0,200.0,0.75,True,0,0.0,0.0
cartesia-medium_support-r014,cartesia,sonic-3.5-2026-05-04,medium_support,80.0,400.0,0.25,True,0,0.0,0.0
cartesia-medium_support-r014,cartesia,sonic-3.5-2026-05-04,medium_support,80.0,400.0,0.5,True,0,0.0,0.0
cartesia-medium_support-r014,cartesia,sonic-3.5-2026-05-04,medium_support,80.0,400.0,0.75,True,0,0.0,0.0
cartesia-medium_support-r014,cartesia,sonic-3.5-2026-05-04,medium_support,80.0,800.0,0.25,True,0,0.0,0.0
cartesia-medium_support-r014,cartesia,sonic-3.5-2026-05-04,medium_support,80.0,800.0,0.5,True,0,0.0,0.0
cartesia-medium_support-r014,cartesia,sonic-3.5-2026-05-04,medium_support,80.0,800.0,0.75,True,0,0.0,0.0
cartesia-medium_support-r014,cartesia,sonic-3.5-2026-05-04,medium_support,80.0,1200.0,0.25,True,0,0.0,0.0
cartesia-medium_support-r014,cartesia,sonic-3.5-2026-05-04,medium_support,80.0,1200.0,0.5,True,0,0.0,0.0
cartesia-medium_support-r014,cartesia,sonic-3.5-2026-05-04,medium_support,80.0,1200.0,0.75,True,0,0.0,0.0
cartesia-medium_support-r015,cartesia,sonic-3.5-2026-05-04,medium_support,80.0,0.0,0.25,True,0,0.0,0.0
cartesia-medium_support-r015,cartesia,sonic-3.5-2026-05-04,medium_support,80.0,0.0,0.5,True,0,0.0,0.0
cartesia-medium_support-r015,cartesia,sonic-3.5-2026-05-04,medium_support,80.0,0.0,0.75,True,0,0.0,0.0
cartesia-medium_support-r015,cartesia,sonic-3.5-2026-05-04,medium_support,80.0,50.0,0.25,True,0,0.0,0.0
cartesia-medium_support-r015,cartesia,sonic-3.5-2026-05-04,medium_support,80.0,50.0,0.5,True,0,0.0,0.0
cartesia-medium_support-r015,cartesia,sonic-3.5-2026-05-04,medium_support,80.0,50.0,0.75,True,0,0.0,0.0
cartesia-medium_support-r015,cartesia,sonic-3.5-2026-05-04,medium_support,80.0,100.0,0.25,True,0,0.0,0.0
cartesia-medium_support-r015,cartesia,sonic-3.5-2026-05-04,medium_support,80.0,100.0,0.5,True,0,0.0,0.0
cartesia-medium_support-r015,cartesia,sonic-3.5-2026-05-04,medium_support,80.0,100.0,0.75,True,0,0.0,0.0
cartesia-medium_support-r015,cartesia,sonic-3.5-2026-05-04,medium_support,80.0,200.0,0.25,True,0,0.0,0.0
cartesia-medium_support-r015,cartesia,sonic-3.5-2026-05-04,medium_support,80.0,200.0,0.5,True,0,0.0,0.0
cartesia-medium_support-r015,cartesia,sonic-3.5-2026-05-04,medium_support,80.0,200.0,0.75,True,0,0.0,0.0
cartesia-medium_support-r015,cartesia,sonic-3.5-2026-05-04,medium_support,80.0,400.0,0.25,True,0,0.0,0.0
cartesia-medium_support-r015,cartesia,sonic-3.5-2026-05-04,medium_support,80.0,400.0,0.5,True,0,0.0,0.0
cartesia-medium_support-r015,cartesia,sonic-3.5-2026-05-04,medium_support,80.0,400.0,0.75,True,0,0.0,0.0
cartesia-medium_support-r015,cartesia,sonic-3.5-2026-05-04,medium_support,80.0,800.0,0.25,True,0,0.0,0.0
cartesia-medium_support-r015,cartesia,sonic-3.5-2026-05-04,medium_support,80.0,800.0,0.5,True,0,0.0,0.0
cartesia-medium_support-r015,cartesia,sonic-3.5-2026-05-04,medium_support,80.0,800.0,0.75,True,0,0.0,0.0
cartesia-medium_support-r015,cartesia,sonic-3.5-2026-05-04,medium_support,80.0,1200.0,0.25,True,0,0.0,0.0
cartesia-medium_support-r015,cartesia,sonic-3.5-2026-05-04,medium_support,80.0,1200.0,0.5,True,0,0.0,0.0
cartesia-medium_support-r015,cartesia,sonic-3.5-2026-05-04,medium_support,80.0,1200.0,0.75,True,0,0.0,0.0
cartesia-medium_support-r016,cartesia,sonic-3.5-2026-05-04,medium_support,80.0,0.0,0.25,True,0,0.0,0.0
cartesia-medium_support-r016,cartesia,sonic-3.5-2026-05-04,medium_support,80.0,0.0,0.5,True,0,0.0,0.0
cartesia-medium_support-r016,cartesia,sonic-3.5-2026-05-04,medium_support,80.0,0.0,0.75,True,0,0.0,0.0
cartesia-medium_support-r016,cartesia,sonic-3.5-2026-05-04,medium_support,80.0,50.0,0.25,True,0,0.0,0.0
cartesia-medium_support-r016,cartesia,sonic-3.5-2026-05-04,medium_support,80.0,50.0,0.5,True,0,0.0,0.0
cartesia-medium_support-r016,cartesia,sonic-3.5-2026-05-04,medium_support,80.0,50.0,0.75,True,0,0.0,0.0
cartesia-medium_support-r016,cartesia,sonic-3.5-2026-05-04,medium_support,80.0,100.0,0.25,True,0,0.0,0.0
cartesia-medium_support-r016,cartesia,sonic-3.5-2026-05-04,medium_support,80.0,100.0,0.5,True,0,0.0,0.0
cartesia-medium_support-r016,cartesia,sonic-3.5-2026-05-04,medium_support,80.0,100.0,0.75,True,0,0.0,0.0
cartesia-medium_support-r016,cartesia,sonic-3.5-2026-05-04,medium_support,80.0,200.0,0.25,True,0,0.0,0.0
cartesia-medium_support-r016,cartesia,sonic-3.5-2026-05-04,medium_support,80.0,200.0,0.5,True,0,0.0,0.0
cartesia-medium_support-r016,cartesia,sonic-3.5-2026-05-04,medium_support,80.0,200.0,0.75,True,0,0.0,0.0
cartesia-medium_support-r016,cartesia,sonic-3.5-2026-05-04,medium_support,80.0,400.0,0.25,True,0,0.0,0.0
cartesia-medium_support-r016,cartesia,sonic-3.5-2026-05-04,medium_support,80.0,400.0,0.5,True,0,0.0,0.0
cartesia-medium_support-r016,cartesia,sonic-3.5-2026-05-04,medium_support,80.0,400.0,0.75,True,0,0.0,0.0
cartesia-medium_support-r016,cartesia,sonic-3.5-2026-05-04,medium_support,80.0,800.0,0.25,True,0,0.0,0.0
cartesia-medium_support-r016,cartesia,sonic-3.5-2026-05-04,medium_support,80.0,800.0,0.5,True,0,0.0,0.0
cartesia-medium_support-r016,cartesia,sonic-3.5-2026-05-04,medium_support,80.0,800.0,0.75,True,0,0.0,0.0
cartesia-medium_support-r016,cartesia,sonic-3.5-2026-05-04,medium_support,80.0,1200.0,0.25,True,0,0.0,0.0
cartesia-medium_support-r016,cartesia,sonic-3.5-2026-05-04,medium_support,80.0,1200.0,0.5,True,0,0.0,0.0
cartesia-medium_support-r016,cartesia,sonic-3.5-2026-05-04,medium_support,80.0,1200.0,0.75,True,0,0.0,0.0
cartesia-medium_support-r017,cartesia,sonic-3.5-2026-05-04,medium_support,80.0,0.0,0.25,True,0,0.0,0.0
cartesia-medium_support-r017,cartesia,sonic-3.5-2026-05-04,medium_support,80.0,0.0,0.5,True,0,0.0,0.0
cartesia-medium_support-r017,cartesia,sonic-3.5-2026-05-04,medium_support,80.0,0.0,0.75,True,0,0.0,0.0
cartesia-medium_support-r017,cartesia,sonic-3.5-2026-05-04,medium_support,80.0,50.0,0.25,True,0,0.0,0.0
cartesia-medium_support-r017,cartesia,sonic-3.5-2026-05-04,medium_support,80.0,50.0,0.5,True,0,0.0,0.0
cartesia-medium_support-r017,cartesia,sonic-3.5-2026-05-04,medium_support,80.0,50.0,0.75,True,0,0.0,0.0
cartesia-medium_support-r017,cartesia,sonic-3.5-2026-05-04,medium_support,80.0,100.0,0.25,True,0,0.0,0.0
cartesia-medium_support-r017,cartesia,sonic-3.5-2026-05-04,medium_support,80.0,100.0,0.5,True,0,0.0,0.0
cartesia-medium_support-r017,cartesia,sonic-3.5-2026-05-04,medium_support,80.0,100.0,0.75,True,0,0.0,0.0
cartesia-medium_support-r017,cartesia,sonic-3.5-2026-05-04,medium_support,80.0,200.0,0.25,True,0,0.0,0.0
cartesia-medium_support-r017,cartesia,sonic-3.5-2026-05-04,medium_support,80.0,200.0,0.5,True,0,0.0,0.0
cartesia-medium_support-r017,cartesia,sonic-3.5-2026-05-04,medium_support,80.0,200.0,0.75,True,0,0.0,0.0
cartesia-medium_support-r017,cartesia,sonic-3.5-2026-05-04,medium_support,80.0,400.0,0.25,True,0,0.0,0.0
cartesia-medium_support-r017,cartesia,sonic-3.5-2026-05-04,medium_support,80.0,400.0,0.5,True,0,0.0,0.0
cartesia-medium_support-r017,cartesia,sonic-3.5-2026-05-04,medium_support,80.0,400.0,0.75,True,0,0.0,0.0
cartesia-medium_support-r017,cartesia,sonic-3.5-2026-05-04,medium_support,80.0,800.0,0.25,True,0,0.0,0.0
cartesia-medium_support-r017,cartesia,sonic-3.5-2026-05-04,medium_support,80.0,800.0,0.5,True,0,0.0,0.0
cartesia-medium_support-r017,cartesia,sonic-3.5-2026-05-04,medium_support,80.0,800.0,0.75,True,0,0.0,0.0
cartesia-medium_support-r017,cartesia,sonic-3.5-2026-05-04,medium_support,80.0,1200.0,0.25,True,0,0.0,0.0
cartesia-medium_support-r017,cartesia,sonic-3.5-2026-05-04,medium_support,80.0,1200.0,0.5,True,0,0.0,0.0
cartesia-medium_support-r017,cartesia,sonic-3.5-2026-05-04,medium_support,80.0,1200.0,0.75,True,0,0.0,0.0
cartesia-medium_support-r018,cartesia,sonic-3.5-2026-05-04,medium_support,80.0,0.0,0.25,True,0,0.0,0.0
cartesia-medium_support-r018,cartesia,sonic-3.5-2026-05-04,medium_support,80.0,0.0,0.5,True,0,0.0,0.0
cartesia-medium_support-r018,cartesia,sonic-3.5-2026-05-04,medium_support,80.0,0.0,0.75,True,0,0.0,0.0
cartesia-medium_support-r018,cartesia,sonic-3.5-2026-05-04,medium_support,80.0,50.0,0.25,True,0,0.0,0.0
cartesia-medium_support-r018,cartesia,sonic-3.5-2026-05-04,medium_support,80.0,50.0,0.5,True,0,0.0,0.0
cartesia-medium_support-r018,cartesia,sonic-3.5-2026-05-04,medium_support,80.0,50.0,0.75,True,0,0.0,0.0
cartesia-medium_support-r018,cartesia,sonic-3.5-2026-05-04,medium_support,80.0,100.0,0.25,True,0,0.0,0.0
cartesia-medium_support-r018,cartesia,sonic-3.5-2026-05-04,medium_support,80.0,100.0,0.5,True,0,0.0,0.0
cartesia-medium_support-r018,cartesia,sonic-3.5-2026-05-04,medium_support,80.0,100.0,0.75,True,0,0.0,0.0
cartesia-medium_support-r018,cartesia,sonic-3.5-2026-05-04,medium_support,80.0,200.0,0.25,True,0,0.0,0.0
cartesia-medium_support-r018,cartesia,sonic-3.5-2026-05-04,medium_support,80.0,200.0,0.5,True,0,0.0,0.0
cartesia-medium_support-r018,cartesia,sonic-3.5-2026-05-04,medium_support,80.0,200.0,0.75,True,0,0.0,0.0
cartesia-medium_support-r018,cartesia,sonic-3.5-2026-05-04,medium_support,80.0,400.0,0.25,True,0,0.0,0.0
cartesia-medium_support-r018,cartesia,sonic-3.5-2026-05-04,medium_support,80.0,400.0,0.5,True,0,0.0,0.0
cartesia-medium_support-r018,cartesia,sonic-3.5-2026-05-04,medium_support,80.0,400.0,0.75,True,0,0.0,0.0
cartesia-medium_support-r018,cartesia,sonic-3.5-2026-05-04,medium_support,80.0,800.0,0.25,True,0,0.0,0.0
cartesia-medium_support-r018,cartesia,sonic-3.5-2026-05-04,medium_support,80.0,800.0,0.5,True,0,0.0,0.0
cartesia-medium_support-r018,cartesia,sonic-3.5-2026-05-04,medium_support,80.0,800.0,0.75,True,0,0.0,0.0
cartesia-medium_support-r018,cartesia,sonic-3.5-2026-05-04,medium_support,80.0,1200.0,0.25,True,0,0.0,0.0
cartesia-medium_support-r018,cartesia,sonic-3.5-2026-05-04,medium_support,80.0,1200.0,0.5,True,0,0.0,0.0
cartesia-medium_support-r018,cartesia,sonic-3.5-2026-05-04,medium_support,80.0,1200.0,0.75,True,0,0.0,0.0
cartesia-medium_support-r019,cartesia,sonic-3.5-2026-05-04,medium_support,80.0,0.0,0.25,True,0,0.0,0.0
cartesia-medium_support-r019,cartesia,sonic-3.5-2026-05-04,medium_support,80.0,0.0,0.5,True,0,0.0,0.0
cartesia-medium_support-r019,cartesia,sonic-3.5-2026-05-04,medium_support,80.0,0.0,0.75,True,0,0.0,0.0
cartesia-medium_support-r019,cartesia,sonic-3.5-2026-05-04,medium_support,80.0,50.0,0.25,True,0,0.0,0.0
cartesia-medium_support-r019,cartesia,sonic-3.5-2026-05-04,medium_support,80.0,50.0,0.5,True,0,0.0,0.0
cartesia-medium_support-r019,cartesia,sonic-3.5-2026-05-04,medium_support,80.0,50.0,0.75,True,0,0.0,0.0
cartesia-medium_support-r019,cartesia,sonic-3.5-2026-05-04,medium_support,80.0,100.0,0.25,True,0,0.0,0.0
cartesia-medium_support-r019,cartesia,sonic-3.5-2026-05-04,medium_support,80.0,100.0,0.5,True,0,0.0,0.0
cartesia-medium_support-r019,cartesia,sonic-3.5-2026-05-04,medium_support,80.0,100.0,0.75,True,0,0.0,0.0
cartesia-medium_support-r019,cartesia,sonic-3.5-2026-05-04,medium_support,80.0,200.0,0.25,True,0,0.0,0.0
cartesia-medium_support-r019,cartesia,sonic-3.5-2026-05-04,medium_support,80.0,200.0,0.5,True,0,0.0,0.0
cartesia-medium_support-r019,cartesia,sonic-3.5-2026-05-04,medium_support,80.0,200.0,0.75,True,0,0.0,0.0
cartesia-medium_support-r019,cartesia,sonic-3.5-2026-05-04,medium_support,80.0,400.0,0.25,True,0,0.0,0.0
cartesia-medium_support-r019,cartesia,sonic-3.5-2026-05-04,medium_support,80.0,400.0,0.5,True,0,0.0,0.0
cartesia-medium_support-r019,cartesia,sonic-3.5-2026-05-04,medium_support,80.0,400.0,0.75,True,0,0.0,0.0
cartesia-medium_support-r019,cartesia,sonic-3.5-2026-05-04,medium_support,80.0,800.0,0.25,True,0,0.0,0.0
cartesia-medium_support-r019,cartesia,sonic-3.5-2026-05-04,medium_support,80.0,800.0,0.5,True,0,0.0,0.0
cartesia-medium_support-r019,cartesia,sonic-3.5-2026-05-04,medium_support,80.0,800.0,0.75,True,0,0.0,0.0
cartesia-medium_support-r019,cartesia,sonic-3.5-2026-05-04,medium_support,80.0,1200.0,0.25,True,0,0.0,0.0
cartesia-medium_support-r019,cartesia,sonic-3.5-2026-05-04,medium_support,80.0,1200.0,0.5,True,0,0.0,0.0
cartesia-medium_support-r019,cartesia,sonic-3.5-2026-05-04,medium_support,80.0,1200.0,0.75,True,0,0.0,0.0
cartesia-short_ack-r000,cartesia,sonic-3.5-2026-05-04,short_ack,80.0,0.0,0.25,True,0,0.0,0.0
cartesia-short_ack-r000,cartesia,sonic-3.5-2026-05-04,short_ack,80.0,0.0,0.5,True,0,0.0,0.0
cartesia-short_ack-r000,cartesia,sonic-3.5-2026-05-04,short_ack,80.0,0.0,0.75,True,0,0.0,0.0
cartesia-short_ack-r000,cartesia,sonic-3.5-2026-05-04,short_ack,80.0,50.0,0.25,True,0,0.0,0.0
cartesia-short_ack-r000,cartesia,sonic-3.5-2026-05-04,short_ack,80.0,50.0,0.5,True,0,0.0,0.0
cartesia-short_ack-r000,cartesia,sonic-3.5-2026-05-04,short_ack,80.0,50.0,0.75,True,0,0.0,0.0
cartesia-short_ack-r000,cartesia,sonic-3.5-2026-05-04,short_ack,80.0,100.0,0.25,True,0,0.0,0.0
cartesia-short_ack-r000,cartesia,sonic-3.5-2026-05-04,short_ack,80.0,100.0,0.5,True,0,0.0,0.0
cartesia-short_ack-r000,cartesia,sonic-3.5-2026-05-04,short_ack,80.0,100.0,0.75,True,0,0.0,0.0
cartesia-short_ack-r000,cartesia,sonic-3.5-2026-05-04,short_ack,80.0,200.0,0.25,True,0,0.0,0.0
cartesia-short_ack-r000,cartesia,sonic-3.5-2026-05-04,short_ack,80.0,200.0,0.5,True,0,0.0,0.0
cartesia-short_ack-r000,cartesia,sonic-3.5-2026-05-04,short_ack,80.0,200.0,0.75,True,0,0.0,0.0
cartesia-short_ack-r000,cartesia,sonic-3.5-2026-05-04,short_ack,80.0,400.0,0.25,True,0,0.0,0.0
cartesia-short_ack-r000,cartesia,sonic-3.5-2026-05-04,short_ack,80.0,400.0,0.5,True,0,0.0,0.0
cartesia-short_ack-r000,cartesia,sonic-3.5-2026-05-04,short_ack,80.0,400.0,0.75,True,0,0.0,0.0
cartesia-short_ack-r000,cartesia,sonic-3.5-2026-05-04,short_ack,80.0,800.0,0.25,False,1,312.63329200819135,312.63329200819135
cartesia-short_ack-r000,cartesia,sonic-3.5-2026-05-04,short_ack,80.0,800.0,0.5,True,0,0.0,0.0
cartesia-short_ack-r000,cartesia,sonic-3.5-2026-05-04,short_ack,80.0,800.0,0.75,True,0,0.0,0.0
cartesia-short_ack-r000,cartesia,sonic-3.5-2026-05-04,short_ack,80.0,1200.0,0.25,False,1,712.6332920081913,712.6332920081913
cartesia-short_ack-r000,cartesia,sonic-3.5-2026-05-04,short_ack,80.0,1200.0,0.5,True,0,0.0,0.0
cartesia-short_ack-r000,cartesia,sonic-3.5-2026-05-04,short_ack,80.0,1200.0,0.75,True,0,0.0,0.0
cartesia-short_ack-r001,cartesia,sonic-3.5-2026-05-04,short_ack,80.0,0.0,0.25,True,0,0.0,0.0
cartesia-short_ack-r001,cartesia,sonic-3.5-2026-05-04,short_ack,80.0,0.0,0.5,True,0,0.0,0.0
cartesia-short_ack-r001,cartesia,sonic-3.5-2026-05-04,short_ack,80.0,0.0,0.75,True,0,0.0,0.0
cartesia-short_ack-r001,cartesia,sonic-3.5-2026-05-04,short_ack,80.0,50.0,0.25,True,0,0.0,0.0
cartesia-short_ack-r001,cartesia,sonic-3.5-2026-05-04,short_ack,80.0,50.0,0.5,True,0,0.0,0.0
cartesia-short_ack-r001,cartesia,sonic-3.5-2026-05-04,short_ack,80.0,50.0,0.75,True,0,0.0,0.0
cartesia-short_ack-r001,cartesia,sonic-3.5-2026-05-04,short_ack,80.0,100.0,0.25,True,0,0.0,0.0
cartesia-short_ack-r001,cartesia,sonic-3.5-2026-05-04,short_ack,80.0,100.0,0.5,True,0,0.0,0.0
cartesia-short_ack-r001,cartesia,sonic-3.5-2026-05-04,short_ack,80.0,100.0,0.75,True,0,0.0,0.0
cartesia-short_ack-r001,cartesia,sonic-3.5-2026-05-04,short_ack,80.0,200.0,0.25,True,0,0.0,0.0
cartesia-short_ack-r001,cartesia,sonic-3.5-2026-05-04,short_ack,80.0,200.0,0.5,True,0,0.0,0.0
cartesia-short_ack-r001,cartesia,sonic-3.5-2026-05-04,short_ack,80.0,200.0,0.75,True,0,0.0,0.0
cartesia-short_ack-r001,cartesia,sonic-3.5-2026-05-04,short_ack,80.0,400.0,0.25,True,0,0.0,0.0
cartesia-short_ack-r001,cartesia,sonic-3.5-2026-05-04,short_ack,80.0,400.0,0.5,True,0,0.0,0.0
cartesia-short_ack-r001,cartesia,sonic-3.5-2026-05-04,short_ack,80.0,400.0,0.75,True,0,0.0,0.0
cartesia-short_ack-r001,cartesia,sonic-3.5-2026-05-04,short_ack,80.0,800.0,0.25,False,1,314.36579204536974,314.36579204536974
cartesia-short_ack-r001,cartesia,sonic-3.5-2026-05-04,short_ack,80.0,800.0,0.5,True,0,0.0,0.0
cartesia-short_ack-r001,cartesia,sonic-3.5-2026-05-04,short_ack,80.0,800.0,0.75,True,0,0.0,0.0
cartesia-short_ack-r001,cartesia,sonic-3.5-2026-05-04,short_ack,80.0,1200.0,0.25,False,1,714.3657920453697,714.3657920453697
cartesia-short_ack-r001,cartesia,sonic-3.5-2026-05-04,short_ack,80.0,1200.0,0.5,False,1,205.0293333747736,205.0293333747736
cartesia-short_ack-r001,cartesia,sonic-3.5-2026-05-04,short_ack,80.0,1200.0,0.75,True,0,0.0,0.0
cartesia-short_ack-r002,cartesia,sonic-3.5-2026-05-04,short_ack,80.0,0.0,0.25,True,0,0.0,0.0
cartesia-short_ack-r002,cartesia,sonic-3.5-2026-05-04,short_ack,80.0,0.0,0.5,True,0,0.0,0.0
cartesia-short_ack-r002,cartesia,sonic-3.5-2026-05-04,short_ack,80.0,0.0,0.75,True,0,0.0,0.0
cartesia-short_ack-r002,cartesia,sonic-3.5-2026-05-04,short_ack,80.0,50.0,0.25,True,0,0.0,0.0
cartesia-short_ack-r002,cartesia,sonic-3.5-2026-05-04,short_ack,80.0,50.0,0.5,True,0,0.0,0.0
cartesia-short_ack-r002,cartesia,sonic-3.5-2026-05-04,short_ack,80.0,50.0,0.75,True,0,0.0,0.0
cartesia-short_ack-r002,cartesia,sonic-3.5-2026-05-04,short_ack,80.0,100.0,0.25,True,0,0.0,0.0
cartesia-short_ack-r002,cartesia,sonic-3.5-2026-05-04,short_ack,80.0,100.0,0.5,True,0,0.0,0.0
cartesia-short_ack-r002,cartesia,sonic-3.5-2026-05-04,short_ack,80.0,100.0,0.75,True,0,0.0,0.0
cartesia-short_ack-r002,cartesia,sonic-3.5-2026-05-04,short_ack,80.0,200.0,0.25,True,0,0.0,0.0
cartesia-short_ack-r002,cartesia,sonic-3.5-2026-05-04,short_ack,80.0,200.0,0.5,True,0,0.0,0.0
cartesia-short_ack-r002,cartesia,sonic-3.5-2026-05-04,short_ack,80.0,200.0,0.75,True,0,0.0,0.0
cartesia-short_ack-r002,cartesia,sonic-3.5-2026-05-04,short_ack,80.0,400.0,0.25,True,0,0.0,0.0
cartesia-short_ack-r002,cartesia,sonic-3.5-2026-05-04,short_ack,80.0,400.0,0.5,True,0,0.0,0.0
cartesia-short_ack-r002,cartesia,sonic-3.5-2026-05-04,short_ack,80.0,400.0,0.75,True,0,0.0,0.0
cartesia-short_ack-r002,cartesia,sonic-3.5-2026-05-04,short_ack,80.0,800.0,0.25,False,1,315.8137499857694,315.8137499857694
cartesia-short_ack-r002,cartesia,sonic-3.5-2026-05-04,short_ack,80.0,800.0,0.5,True,0,0.0,0.0
cartesia-short_ack-r002,cartesia,sonic-3.5-2026-05-04,short_ack,80.0,800.0,0.75,True,0,0.0,0.0
cartesia-short_ack-r002,cartesia,sonic-3.5-2026-05-04,short_ack,80.0,1200.0,0.25,False,1,715.8137499857694,715.8137499857694
cartesia-short_ack-r002,cartesia,sonic-3.5-2026-05-04,short_ack,80.0,1200.0,0.5,False,1,198.98200030795624,198.98200030795624
cartesia-short_ack-r002,cartesia,sonic-3.5-2026-05-04,short_ack,80.0,1200.0,0.75,True,0,0.0,0.0
cartesia-short_ack-r003,cartesia,sonic-3.5-2026-05-04,short_ack,80.0,0.0,0.25,True,0,0.0,0.0
cartesia-short_ack-r003,cartesia,sonic-3.5-2026-05-04,short_ack,80.0,0.0,0.5,True,0,0.0,0.0
cartesia-short_ack-r003,cartesia,sonic-3.5-2026-05-04,short_ack,80.0,0.0,0.75,True,0,0.0,0.0
cartesia-short_ack-r003,cartesia,sonic-3.5-2026-05-04,short_ack,80.0,50.0,0.25,True,0,0.0,0.0
cartesia-short_ack-r003,cartesia,sonic-3.5-2026-05-04,short_ack,80.0,50.0,0.5,True,0,0.0,0.0
cartesia-short_ack-r003,cartesia,sonic-3.5-2026-05-04,short_ack,80.0,50.0,0.75,True,0,0.0,0.0
cartesia-short_ack-r003,cartesia,sonic-3.5-2026-05-04,short_ack,80.0,100.0,0.25,True,0,0.0,0.0
cartesia-short_ack-r003,cartesia,sonic-3.5-2026-05-04,short_ack,80.0,100.0,0.5,True,0,0.0,0.0
cartesia-short_ack-r003,cartesia,sonic-3.5-2026-05-04,short_ack,80.0,100.0,0.75,True,0,0.0,0.0
cartesia-short_ack-r003,cartesia,sonic-3.5-2026-05-04,short_ack,80.0,200.0,0.25,True,0,0.0,0.0
cartesia-short_ack-r003,cartesia,sonic-3.5-2026-05-04,short_ack,80.0,200.0,0.5,True,0,0.0,0.0
cartesia-short_ack-r003,cartesia,sonic-3.5-2026-05-04,short_ack,80.0,200.0,0.75,True,0,0.0,0.0
cartesia-short_ack-r003,cartesia,sonic-3.5-2026-05-04,short_ack,80.0,400.0,0.25,True,0,0.0,0.0
cartesia-short_ack-r003,cartesia,sonic-3.5-2026-05-04,short_ack,80.0,400.0,0.5,True,0,0.0,0.0
cartesia-short_ack-r003,cartesia,sonic-3.5-2026-05-04,short_ack,80.0,400.0,0.75,True,0,0.0,0.0
cartesia-short_ack-r003,cartesia,sonic-3.5-2026-05-04,short_ack,80.0,800.0,0.25,False,1,312.92020897753537,312.92020897753537
cartesia-short_ack-r003,cartesia,sonic-3.5-2026-05-04,short_ack,80.0,800.0,0.5,True,0,0.0,0.0
cartesia-short_ack-r003,cartesia,sonic-3.5-2026-05-04,short_ack,80.0,800.0,0.75,True,0,0.0,0.0
cartesia-short_ack-r003,cartesia,sonic-3.5-2026-05-04,short_ack,80.0,1200.0,0.25,False,1,712.9202089775354,712.9202089775354
cartesia-short_ack-r003,cartesia,sonic-3.5-2026-05-04,short_ack,80.0,1200.0,0.5,False,1,205.26787529590865,205.26787529590865
cartesia-short_ack-r003,cartesia,sonic-3.5-2026-05-04,short_ack,80.0,1200.0,0.75,True,0,0.0,0.0
cartesia-short_ack-r004,cartesia,sonic-3.5-2026-05-04,short_ack,80.0,0.0,0.25,True,0,0.0,0.0
cartesia-short_ack-r004,cartesia,sonic-3.5-2026-05-04,short_ack,80.0,0.0,0.5,True,0,0.0,0.0
cartesia-short_ack-r004,cartesia,sonic-3.5-2026-05-04,short_ack,80.0,0.0,0.75,True,0,0.0,0.0
cartesia-short_ack-r004,cartesia,sonic-3.5-2026-05-04,short_ack,80.0,50.0,0.25,True,0,0.0,0.0
cartesia-short_ack-r004,cartesia,sonic-3.5-2026-05-04,short_ack,80.0,50.0,0.5,True,0,0.0,0.0
cartesia-short_ack-r004,cartesia,sonic-3.5-2026-05-04,short_ack,80.0,50.0,0.75,True,0,0.0,0.0
cartesia-short_ack-r004,cartesia,sonic-3.5-2026-05-04,short_ack,80.0,100.0,0.25,True,0,0.0,0.0
cartesia-short_ack-r004,cartesia,sonic-3.5-2026-05-04,short_ack,80.0,100.0,0.5,True,0,0.0,0.0
cartesia-short_ack-r004,cartesia,sonic-3.5-2026-05-04,short_ack,80.0,100.0,0.75,True,0,0.0,0.0
cartesia-short_ack-r004,cartesia,sonic-3.5-2026-05-04,short_ack,80.0,200.0,0.25,True,0,0.0,0.0
cartesia-short_ack-r004,cartesia,sonic-3.5-2026-05-04,short_ack,80.0,200.0,0.5,True,0,0.0,0.0
cartesia-short_ack-r004,cartesia,sonic-3.5-2026-05-04,short_ack,80.0,200.0,0.75,True,0,0.0,0.0
cartesia-short_ack-r004,cartesia,sonic-3.5-2026-05-04,short_ack,80.0,400.0,0.25,True,0,0.0,0.0
cartesia-short_ack-r004,cartesia,sonic-3.5-2026-05-04,short_ack,80.0,400.0,0.5,True,0,0.0,0.0
cartesia-short_ack-r004,cartesia,sonic-3.5-2026-05-04,short_ack,80.0,400.0,0.75,True,0,0.0,0.0
cartesia-short_ack-r004,cartesia,sonic-3.5-2026-05-04,short_ack,80.0,800.0,0.25,False,1,312.2790419883095,312.2790419883095
cartesia-short_ack-r004,cartesia,sonic-3.5-2026-05-04,short_ack,80.0,800.0,0.5,True,0,0.0,0.0
cartesia-short_ack-r004,cartesia,sonic-3.5-2026-05-04,short_ack,80.0,800.0,0.75,True,0,0.0,0.0
cartesia-short_ack-r004,cartesia,sonic-3.5-2026-05-04,short_ack,80.0,1200.0,0.25,False,1,712.2790419883095,712.2790419883095
cartesia-short_ack-r004,cartesia,sonic-3.5-2026-05-04,short_ack,80.0,1200.0,0.5,False,1,76.954292286498,76.954292286498
cartesia-short_ack-r004,cartesia,sonic-3.5-2026-05-04,short_ack,80.0,1200.0,0.75,True,0,0.0,0.0
cartesia-short_ack-r005,cartesia,sonic-3.5-2026-05-04,short_ack,80.0,0.0,0.25,True,0,0.0,0.0
cartesia-short_ack-r005,cartesia,sonic-3.5-2026-05-04,short_ack,80.0,0.0,0.5,True,0,0.0,0.0
cartesia-short_ack-r005,cartesia,sonic-3.5-2026-05-04,short_ack,80.0,0.0,0.75,True,0,0.0,0.0
cartesia-short_ack-r005,cartesia,sonic-3.5-2026-05-04,short_ack,80.0,50.0,0.25,True,0,0.0,0.0
cartesia-short_ack-r005,cartesia,sonic-3.5-2026-05-04,short_ack,80.0,50.0,0.5,True,0,0.0,0.0
cartesia-short_ack-r005,cartesia,sonic-3.5-2026-05-04,short_ack,80.0,50.0,0.75,True,0,0.0,0.0
cartesia-short_ack-r005,cartesia,sonic-3.5-2026-05-04,short_ack,80.0,100.0,0.25,True,0,0.0,0.0
cartesia-short_ack-r005,cartesia,sonic-3.5-2026-05-04,short_ack,80.0,100.0,0.5,True,0,0.0,0.0
cartesia-short_ack-r005,cartesia,sonic-3.5-2026-05-04,short_ack,80.0,100.0,0.75,True,0,0.0,0.0
cartesia-short_ack-r005,cartesia,sonic-3.5-2026-05-04,short_ack,80.0,200.0,0.25,True,0,0.0,0.0
cartesia-short_ack-r005,cartesia,sonic-3.5-2026-05-04,short_ack,80.0,200.0,0.5,True,0,0.0,0.0
cartesia-short_ack-r005,cartesia,sonic-3.5-2026-05-04,short_ack,80.0,200.0,0.75,True,0,0.0,0.0
cartesia-short_ack-r005,cartesia,sonic-3.5-2026-05-04,short_ack,80.0,400.0,0.25,True,0,0.0,0.0
cartesia-short_ack-r005,cartesia,sonic-3.5-2026-05-04,short_ack,80.0,400.0,0.5,True,0,0.0,0.0
cartesia-short_ack-r005,cartesia,sonic-3.5-2026-05-04,short_ack,80.0,400.0,0.75,True,0,0.0,0.0
cartesia-short_ack-r005,cartesia,sonic-3.5-2026-05-04,short_ack,80.0,800.0,0.25,False,1,326.86216663538164,326.86216663538164
cartesia-short_ack-r005,cartesia,sonic-3.5-2026-05-04,short_ack,80.0,800.0,0.5,True,0,0.0,0.0
cartesia-short_ack-r005,cartesia,sonic-3.5-2026-05-04,short_ack,80.0,800.0,0.75,True,0,0.0,0.0
cartesia-short_ack-r005,cartesia,sonic-3.5-2026-05-04,short_ack,80.0,1200.0,0.25,False,1,726.8621666353816,726.8621666353816
cartesia-short_ack-r005,cartesia,sonic-3.5-2026-05-04,short_ack,80.0,1200.0,0.5,False,1,127.1133756494769,127.1133756494769
cartesia-short_ack-r005,cartesia,sonic-3.5-2026-05-04,short_ack,80.0,1200.0,0.75,True,0,0.0,0.0
cartesia-short_ack-r006,cartesia,sonic-3.5-2026-05-04,short_ack,80.0,0.0,0.25,True,0,0.0,0.0
cartesia-short_ack-r006,cartesia,sonic-3.5-2026-05-04,short_ack,80.0,0.0,0.5,True,0,0.0,0.0
cartesia-short_ack-r006,cartesia,sonic-3.5-2026-05-04,short_ack,80.0,0.0,0.75,True,0,0.0,0.0
cartesia-short_ack-r006,cartesia,sonic-3.5-2026-05-04,short_ack,80.0,50.0,0.25,True,0,0.0,0.0
cartesia-short_ack-r006,cartesia,sonic-3.5-2026-05-04,short_ack,80.0,50.0,0.5,True,0,0.0,0.0
cartesia-short_ack-r006,cartesia,sonic-3.5-2026-05-04,short_ack,80.0,50.0,0.75,True,0,0.0,0.0
cartesia-short_ack-r006,cartesia,sonic-3.5-2026-05-04,short_ack,80.0,100.0,0.25,True,0,0.0,0.0
cartesia-short_ack-r006,cartesia,sonic-3.5-2026-05-04,short_ack,80.0,100.0,0.5,True,0,0.0,0.0
cartesia-short_ack-r006,cartesia,sonic-3.5-2026-05-04,short_ack,80.0,100.0,0.75,True,0,0.0,0.0
cartesia-short_ack-r006,cartesia,sonic-3.5-2026-05-04,short_ack,80.0,200.0,0.25,True,0,0.0,0.0
cartesia-short_ack-r006,cartesia,sonic-3.5-2026-05-04,short_ack,80.0,200.0,0.5,True,0,0.0,0.0
cartesia-short_ack-r006,cartesia,sonic-3.5-2026-05-04,short_ack,80.0,200.0,0.75,True,0,0.0,0.0
cartesia-short_ack-r006,cartesia,sonic-3.5-2026-05-04,short_ack,80.0,400.0,0.25,True,0,0.0,0.0
cartesia-short_ack-r006,cartesia,sonic-3.5-2026-05-04,short_ack,80.0,400.0,0.5,True,0,0.0,0.0
cartesia-short_ack-r006,cartesia,sonic-3.5-2026-05-04,short_ack,80.0,400.0,0.75,True,0,0.0,0.0
cartesia-short_ack-r006,cartesia,sonic-3.5-2026-05-04,short_ack,80.0,800.0,0.25,False,1,313.8055829484947,313.8055829484947
cartesia-short_ack-r006,cartesia,sonic-3.5-2026-05-04,short_ack,80.0,800.0,0.5,True,0,0.0,0.0
cartesia-short_ack-r006,cartesia,sonic-3.5-2026-05-04,short_ack,80.0,800.0,0.75,True,0,0.0,0.0
cartesia-short_ack-r006,cartesia,sonic-3.5-2026-05-04,short_ack,80.0,1200.0,0.25,False,1,713.8055829484947,713.8055829484947
cartesia-short_ack-r006,cartesia,sonic-3.5-2026-05-04,short_ack,80.0,1200.0,0.5,False,1,203.38329133003344,203.38329133003344
cartesia-short_ack-r006,cartesia,sonic-3.5-2026-05-04,short_ack,80.0,1200.0,0.75,True,0,0.0,0.0
cartesia-short_ack-r007,cartesia,sonic-3.5-2026-05-04,short_ack,80.0,0.0,0.25,True,0,0.0,0.0
cartesia-short_ack-r007,cartesia,sonic-3.5-2026-05-04,short_ack,80.0,0.0,0.5,True,0,0.0,0.0
cartesia-short_ack-r007,cartesia,sonic-3.5-2026-05-04,short_ack,80.0,0.0,0.75,True,0,0.0,0.0
cartesia-short_ack-r007,cartesia,sonic-3.5-2026-05-04,short_ack,80.0,50.0,0.25,True,0,0.0,0.0
cartesia-short_ack-r007,cartesia,sonic-3.5-2026-05-04,short_ack,80.0,50.0,0.5,True,0,0.0,0.0
cartesia-short_ack-r007,cartesia,sonic-3.5-2026-05-04,short_ack,80.0,50.0,0.75,True,0,0.0,0.0
cartesia-short_ack-r007,cartesia,sonic-3.5-2026-05-04,short_ack,80.0,100.0,0.25,True,0,0.0,0.0
cartesia-short_ack-r007,cartesia,sonic-3.5-2026-05-04,short_ack,80.0,100.0,0.5,True,0,0.0,0.0
cartesia-short_ack-r007,cartesia,sonic-3.5-2026-05-04,short_ack,80.0,100.0,0.75,True,0,0.0,0.0
cartesia-short_ack-r007,cartesia,sonic-3.5-2026-05-04,short_ack,80.0,200.0,0.25,True,0,0.0,0.0
cartesia-short_ack-r007,cartesia,sonic-3.5-2026-05-04,short_ack,80.0,200.0,0.5,True,0,0.0,0.0
cartesia-short_ack-r007,cartesia,sonic-3.5-2026-05-04,short_ack,80.0,200.0,0.75,True,0,0.0,0.0
cartesia-short_ack-r007,cartesia,sonic-3.5-2026-05-04,short_ack,80.0,400.0,0.25,True,0,0.0,0.0
cartesia-short_ack-r007,cartesia,sonic-3.5-2026-05-04,short_ack,80.0,400.0,0.5,True,0,0.0,0.0
cartesia-short_ack-r007,cartesia,sonic-3.5-2026-05-04,short_ack,80.0,400.0,0.75,True,0,0.0,0.0
cartesia-short_ack-r007,cartesia,sonic-3.5-2026-05-04,short_ack,80.0,800.0,0.25,False,1,309.17158398451284,309.17158398451284
cartesia-short_ack-r007,cartesia,sonic-3.5-2026-05-04,short_ack,80.0,800.0,0.5,True,0,0.0,0.0
cartesia-short_ack-r007,cartesia,sonic-3.5-2026-05-04,short_ack,80.0,800.0,0.75,True,0,0.0,0.0
cartesia-short_ack-r007,cartesia,sonic-3.5-2026-05-04,short_ack,80.0,1200.0,0.25,False,1,709.1715839845128,709.1715839845128
cartesia-short_ack-r007,cartesia,sonic-3.5-2026-05-04,short_ack,80.0,1200.0,0.5,False,1,266.51075036668544,266.51075036668544
cartesia-short_ack-r007,cartesia,sonic-3.5-2026-05-04,short_ack,80.0,1200.0,0.75,True,0,0.0,0.0
cartesia-short_ack-r008,cartesia,sonic-3.5-2026-05-04,short_ack,80.0,0.0,0.25,True,0,0.0,0.0
cartesia-short_ack-r008,cartesia,sonic-3.5-2026-05-04,short_ack,80.0,0.0,0.5,True,0,0.0,0.0
cartesia-short_ack-r008,cartesia,sonic-3.5-2026-05-04,short_ack,80.0,0.0,0.75,True,0,0.0,0.0
cartesia-short_ack-r008,cartesia,sonic-3.5-2026-05-04,short_ack,80.0,50.0,0.25,True,0,0.0,0.0
cartesia-short_ack-r008,cartesia,sonic-3.5-2026-05-04,short_ack,80.0,50.0,0.5,True,0,0.0,0.0
cartesia-short_ack-r008,cartesia,sonic-3.5-2026-05-04,short_ack,80.0,50.0,0.75,True,0,0.0,0.0
cartesia-short_ack-r008,cartesia,sonic-3.5-2026-05-04,short_ack,80.0,100.0,0.25,True,0,0.0,0.0
cartesia-short_ack-r008,cartesia,sonic-3.5-2026-05-04,short_ack,80.0,100.0,0.5,True,0,0.0,0.0
cartesia-short_ack-r008,cartesia,sonic-3.5-2026-05-04,short_ack,80.0,100.0,0.75,True,0,0.0,0.0
cartesia-short_ack-r008,cartesia,sonic-3.5-2026-05-04,short_ack,80.0,200.0,0.25,True,0,0.0,0.0
cartesia-short_ack-r008,cartesia,sonic-3.5-2026-05-04,short_ack,80.0,200.0,0.5,True,0,0.0,0.0
cartesia-short_ack-r008,cartesia,sonic-3.5-2026-05-04,short_ack,80.0,200.0,0.75,True,0,0.0,0.0
cartesia-short_ack-r008,cartesia,sonic-3.5-2026-05-04,short_ack,80.0,400.0,0.25,True,0,0.0,0.0
cartesia-short_ack-r008,cartesia,sonic-3.5-2026-05-04,short_ack,80.0,400.0,0.5,True,0,0.0,0.0
cartesia-short_ack-r008,cartesia,sonic-3.5-2026-05-04,short_ack,80.0,400.0,0.75,True,0,0.0,0.0
cartesia-short_ack-r008,cartesia,sonic-3.5-2026-05-04,short_ack,80.0,800.0,0.25,False,1,307.2901250133291,307.2901250133291
cartesia-short_ack-r008,cartesia,sonic-3.5-2026-05-04,short_ack,80.0,800.0,0.5,True,0,0.0,0.0
cartesia-short_ack-r008,cartesia,sonic-3.5-2026-05-04,short_ack,80.0,800.0,0.75,True,0,0.0,0.0
cartesia-short_ack-r008,cartesia,sonic-3.5-2026-05-04,short_ack,80.0,1200.0,0.25,False,1,707.2901250133291,707.2901250133291
cartesia-short_ack-r008,cartesia,sonic-3.5-2026-05-04,short_ack,80.0,1200.0,0.5,False,1,81.74983334199851,81.74983334199851
cartesia-short_ack-r008,cartesia,sonic-3.5-2026-05-04,short_ack,80.0,1200.0,0.75,True,0,0.0,0.0
cartesia-short_ack-r009,cartesia,sonic-3.5-2026-05-04,short_ack,80.0,0.0,0.25,True,0,0.0,0.0
cartesia-short_ack-r009,cartesia,sonic-3.5-2026-05-04,short_ack,80.0,0.0,0.5,True,0,0.0,0.0
cartesia-short_ack-r009,cartesia,sonic-3.5-2026-05-04,short_ack,80.0,0.0,0.75,True,0,0.0,0.0
cartesia-short_ack-r009,cartesia,sonic-3.5-2026-05-04,short_ack,80.0,50.0,0.25,True,0,0.0,0.0
cartesia-short_ack-r009,cartesia,sonic-3.5-2026-05-04,short_ack,80.0,50.0,0.5,True,0,0.0,0.0
cartesia-short_ack-r009,cartesia,sonic-3.5-2026-05-04,short_ack,80.0,50.0,0.75,True,0,0.0,0.0
cartesia-short_ack-r009,cartesia,sonic-3.5-2026-05-04,short_ack,80.0,100.0,0.25,True,0,0.0,0.0
cartesia-short_ack-r009,cartesia,sonic-3.5-2026-05-04,short_ack,80.0,100.0,0.5,True,0,0.0,0.0
cartesia-short_ack-r009,cartesia,sonic-3.5-2026-05-04,short_ack,80.0,100.0,0.75,True,0,0.0,0.0
cartesia-short_ack-r009,cartesia,sonic-3.5-2026-05-04,short_ack,80.0,200.0,0.25,True,0,0.0,0.0
cartesia-short_ack-r009,cartesia,sonic-3.5-2026-05-04,short_ack,80.0,200.0,0.5,True,0,0.0,0.0
cartesia-short_ack-r009,cartesia,sonic-3.5-2026-05-04,short_ack,80.0,200.0,0.75,True,0,0.0,0.0
cartesia-short_ack-r009,cartesia,sonic-3.5-2026-05-04,short_ack,80.0,400.0,0.25,True,0,0.0,0.0
cartesia-short_ack-r009,cartesia,sonic-3.5-2026-05-04,short_ack,80.0,400.0,0.5,True,0,0.0,0.0
cartesia-short_ack-r009,cartesia,sonic-3.5-2026-05-04,short_ack,80.0,400.0,0.75,True,0,0.0,0.0
cartesia-short_ack-r009,cartesia,sonic-3.5-2026-05-04,short_ack,80.0,800.0,0.25,False,1,308.8910409868695,308.8910409868695
cartesia-short_ack-r009,cartesia,sonic-3.5-2026-05-04,short_ack,80.0,800.0,0.5,True,0,0.0,0.0
cartesia-short_ack-r009,cartesia,sonic-3.5-2026-05-04,short_ack,80.0,800.0,0.75,True,0,0.0,0.0
cartesia-short_ack-r009,cartesia,sonic-3.5-2026-05-04,short_ack,80.0,1200.0,0.25,False,1,708.8910409868695,708.8910409868695
cartesia-short_ack-r009,cartesia,sonic-3.5-2026-05-04,short_ack,80.0,1200.0,0.5,False,1,276.8343333404823,276.8343333404823
cartesia-short_ack-r009,cartesia,sonic-3.5-2026-05-04,short_ack,80.0,1200.0,0.75,True,0,0.0,0.0
cartesia-short_ack-r010,cartesia,sonic-3.5-2026-05-04,short_ack,80.0,0.0,0.25,True,0,0.0,0.0
cartesia-short_ack-r010,cartesia,sonic-3.5-2026-05-04,short_ack,80.0,0.0,0.5,True,0,0.0,0.0
cartesia-short_ack-r010,cartesia,sonic-3.5-2026-05-04,short_ack,80.0,0.0,0.75,True,0,0.0,0.0
cartesia-short_ack-r010,cartesia,sonic-3.5-2026-05-04,short_ack,80.0,50.0,0.25,True,0,0.0,0.0
cartesia-short_ack-r010,cartesia,sonic-3.5-2026-05-04,short_ack,80.0,50.0,0.5,True,0,0.0,0.0
cartesia-short_ack-r010,cartesia,sonic-3.5-2026-05-04,short_ack,80.0,50.0,0.75,True,0,0.0,0.0
cartesia-short_ack-r010,cartesia,sonic-3.5-2026-05-04,short_ack,80.0,100.0,0.25,True,0,0.0,0.0
cartesia-short_ack-r010,cartesia,sonic-3.5-2026-05-04,short_ack,80.0,100.0,0.5,True,0,0.0,0.0
cartesia-short_ack-r010,cartesia,sonic-3.5-2026-05-04,short_ack,80.0,100.0,0.75,True,0,0.0,0.0
cartesia-short_ack-r010,cartesia,sonic-3.5-2026-05-04,short_ack,80.0,200.0,0.25,True,0,0.0,0.0
cartesia-short_ack-r010,cartesia,sonic-3.5-2026-05-04,short_ack,80.0,200.0,0.5,True,0,0.0,0.0
cartesia-short_ack-r010,cartesia,sonic-3.5-2026-05-04,short_ack,80.0,200.0,0.75,True,0,0.0,0.0
cartesia-short_ack-r010,cartesia,sonic-3.5-2026-05-04,short_ack,80.0,400.0,0.25,True,0,0.0,0.0
cartesia-short_ack-r010,cartesia,sonic-3.5-2026-05-04,short_ack,80.0,400.0,0.5,True,0,0.0,0.0
cartesia-short_ack-r010,cartesia,sonic-3.5-2026-05-04,short_ack,80.0,400.0,0.75,True,0,0.0,0.0
cartesia-short_ack-r010,cartesia,sonic-3.5-2026-05-04,short_ack,80.0,800.0,0.25,False,1,312.3333749980666,312.3333749980666
cartesia-short_ack-r010,cartesia,sonic-3.5-2026-05-04,short_ack,80.0,800.0,0.5,True,0,0.0,0.0
cartesia-short_ack-r010,cartesia,sonic-3.5-2026-05-04,short_ack,80.0,800.0,0.75,True,0,0.0,0.0
cartesia-short_ack-r010,cartesia,sonic-3.5-2026-05-04,short_ack,80.0,1200.0,0.25,False,1,712.3333749980666,712.3333749980666
cartesia-short_ack-r010,cartesia,sonic-3.5-2026-05-04,short_ack,80.0,1200.0,0.5,False,1,195.6849583809576,195.6849583809576
cartesia-short_ack-r010,cartesia,sonic-3.5-2026-05-04,short_ack,80.0,1200.0,0.75,True,0,0.0,0.0
cartesia-short_ack-r011,cartesia,sonic-3.5-2026-05-04,short_ack,80.0,0.0,0.25,True,0,0.0,0.0
cartesia-short_ack-r011,cartesia,sonic-3.5-2026-05-04,short_ack,80.0,0.0,0.5,True,0,0.0,0.0
cartesia-short_ack-r011,cartesia,sonic-3.5-2026-05-04,short_ack,80.0,0.0,0.75,True,0,0.0,0.0
cartesia-short_ack-r011,cartesia,sonic-3.5-2026-05-04,short_ack,80.0,50.0,0.25,True,0,0.0,0.0
cartesia-short_ack-r011,cartesia,sonic-3.5-2026-05-04,short_ack,80.0,50.0,0.5,True,0,0.0,0.0
cartesia-short_ack-r011,cartesia,sonic-3.5-2026-05-04,short_ack,80.0,50.0,0.75,True,0,0.0,0.0
cartesia-short_ack-r011,cartesia,sonic-3.5-2026-05-04,short_ack,80.0,100.0,0.25,True,0,0.0,0.0
cartesia-short_ack-r011,cartesia,sonic-3.5-2026-05-04,short_ack,80.0,100.0,0.5,True,0,0.0,0.0
cartesia-short_ack-r011,cartesia,sonic-3.5-2026-05-04,short_ack,80.0,100.0,0.75,True,0,0.0,0.0
cartesia-short_ack-r011,cartesia,sonic-3.5-2026-05-04,short_ack,80.0,200.0,0.25,True,0,0.0,0.0
cartesia-short_ack-r011,cartesia,sonic-3.5-2026-05-04,short_ack,80.0,200.0,0.5,True,0,0.0,0.0
cartesia-short_ack-r011,cartesia,sonic-3.5-2026-05-04,short_ack,80.0,200.0,0.75,True,0,0.0,0.0
cartesia-short_ack-r011,cartesia,sonic-3.5-2026-05-04,short_ack,80.0,400.0,0.25,True,0,0.0,0.0
cartesia-short_ack-r011,cartesia,sonic-3.5-2026-05-04,short_ack,80.0,400.0,0.5,True,0,0.0,0.0
cartesia-short_ack-r011,cartesia,sonic-3.5-2026-05-04,short_ack,80.0,400.0,0.75,True,0,0.0,0.0
cartesia-short_ack-r011,cartesia,sonic-3.5-2026-05-04,short_ack,80.0,800.0,0.25,False,1,311.70295902201906,311.70295902201906
cartesia-short_ack-r011,cartesia,sonic-3.5-2026-05-04,short_ack,80.0,800.0,0.5,True,0,0.0,0.0
cartesia-short_ack-r011,cartesia,sonic-3.5-2026-05-04,short_ack,80.0,800.0,0.75,True,0,0.0,0.0
cartesia-short_ack-r011,cartesia,sonic-3.5-2026-05-04,short_ack,80.0,1200.0,0.25,False,1,711.7029590220191,711.7029590220191
cartesia-short_ack-r011,cartesia,sonic-3.5-2026-05-04,short_ack,80.0,1200.0,0.5,False,1,204.78937537766387,204.78937537766387
cartesia-short_ack-r011,cartesia,sonic-3.5-2026-05-04,short_ack,80.0,1200.0,0.75,True,0,0.0,0.0
cartesia-short_ack-r012,cartesia,sonic-3.5-2026-05-04,short_ack,80.0,0.0,0.25,True,0,0.0,0.0
cartesia-short_ack-r012,cartesia,sonic-3.5-2026-05-04,short_ack,80.0,0.0,0.5,True,0,0.0,0.0
cartesia-short_ack-r012,cartesia,sonic-3.5-2026-05-04,short_ack,80.0,0.0,0.75,True,0,0.0,0.0
cartesia-short_ack-r012,cartesia,sonic-3.5-2026-05-04,short_ack,80.0,50.0,0.25,True,0,0.0,0.0
cartesia-short_ack-r012,cartesia,sonic-3.5-2026-05-04,short_ack,80.0,50.0,0.5,True,0,0.0,0.0
cartesia-short_ack-r012,cartesia,sonic-3.5-2026-05-04,short_ack,80.0,50.0,0.75,True,0,0.0,0.0
cartesia-short_ack-r012,cartesia,sonic-3.5-2026-05-04,short_ack,80.0,100.0,0.25,True,0,0.0,0.0
cartesia-short_ack-r012,cartesia,sonic-3.5-2026-05-04,short_ack,80.0,100.0,0.5,True,0,0.0,0.0
cartesia-short_ack-r012,cartesia,sonic-3.5-2026-05-04,short_ack,80.0,100.0,0.75,True,0,0.0,0.0
cartesia-short_ack-r012,cartesia,sonic-3.5-2026-05-04,short_ack,80.0,200.0,0.25,True,0,0.0,0.0
cartesia-short_ack-r012,cartesia,sonic-3.5-2026-05-04,short_ack,80.0,200.0,0.5,True,0,0.0,0.0
cartesia-short_ack-r012,cartesia,sonic-3.5-2026-05-04,short_ack,80.0,200.0,0.75,True,0,0.0,0.0
cartesia-short_ack-r012,cartesia,sonic-3.5-2026-05-04,short_ack,80.0,400.0,0.25,True,0,0.0,0.0
cartesia-short_ack-r012,cartesia,sonic-3.5-2026-05-04,short_ack,80.0,400.0,0.5,True,0,0.0,0.0
cartesia-short_ack-r012,cartesia,sonic-3.5-2026-05-04,short_ack,80.0,400.0,0.75,True,0,0.0,0.0
cartesia-short_ack-r012,cartesia,sonic-3.5-2026-05-04,short_ack,80.0,800.0,0.25,False,1,316.3837919863872,316.3837919863872
cartesia-short_ack-r012,cartesia,sonic-3.5-2026-05-04,short_ack,80.0,800.0,0.5,True,0,0.0,0.0
cartesia-short_ack-r012,cartesia,sonic-3.5-2026-05-04,short_ack,80.0,800.0,0.75,True,0,0.0,0.0
cartesia-short_ack-r012,cartesia,sonic-3.5-2026-05-04,short_ack,80.0,1200.0,0.25,False,1,716.3837919863872,716.3837919863872
cartesia-short_ack-r012,cartesia,sonic-3.5-2026-05-04,short_ack,80.0,1200.0,0.5,False,1,122.62120898393937,122.62120898393937
cartesia-short_ack-r012,cartesia,sonic-3.5-2026-05-04,short_ack,80.0,1200.0,0.75,True,0,0.0,0.0
cartesia-short_ack-r013,cartesia,sonic-3.5-2026-05-04,short_ack,80.0,0.0,0.25,True,0,0.0,0.0
cartesia-short_ack-r013,cartesia,sonic-3.5-2026-05-04,short_ack,80.0,0.0,0.5,True,0,0.0,0.0
cartesia-short_ack-r013,cartesia,sonic-3.5-2026-05-04,short_ack,80.0,0.0,0.75,True,0,0.0,0.0
cartesia-short_ack-r013,cartesia,sonic-3.5-2026-05-04,short_ack,80.0,50.0,0.25,True,0,0.0,0.0
cartesia-short_ack-r013,cartesia,sonic-3.5-2026-05-04,short_ack,80.0,50.0,0.5,True,0,0.0,0.0
cartesia-short_ack-r013,cartesia,sonic-3.5-2026-05-04,short_ack,80.0,50.0,0.75,True,0,0.0,0.0
cartesia-short_ack-r013,cartesia,sonic-3.5-2026-05-04,short_ack,80.0,100.0,0.25,True,0,0.0,0.0
cartesia-short_ack-r013,cartesia,sonic-3.5-2026-05-04,short_ack,80.0,100.0,0.5,True,0,0.0,0.0
cartesia-short_ack-r013,cartesia,sonic-3.5-2026-05-04,short_ack,80.0,100.0,0.75,True,0,0.0,0.0
cartesia-short_ack-r013,cartesia,sonic-3.5-2026-05-04,short_ack,80.0,200.0,0.25,True,0,0.0,0.0
cartesia-short_ack-r013,cartesia,sonic-3.5-2026-05-04,short_ack,80.0,200.0,0.5,True,0,0.0,0.0
cartesia-short_ack-r013,cartesia,sonic-3.5-2026-05-04,short_ack,80.0,200.0,0.75,True,0,0.0,0.0
cartesia-short_ack-r013,cartesia,sonic-3.5-2026-05-04,short_ack,80.0,400.0,0.25,True,0,0.0,0.0
cartesia-short_ack-r013,cartesia,sonic-3.5-2026-05-04,short_ack,80.0,400.0,0.5,True,0,0.0,0.0
cartesia-short_ack-r013,cartesia,sonic-3.5-2026-05-04,short_ack,80.0,400.0,0.75,True,0,0.0,0.0
cartesia-short_ack-r013,cartesia,sonic-3.5-2026-05-04,short_ack,80.0,800.0,0.25,False,1,321.46758296666667,321.46758296666667
cartesia-short_ack-r013,cartesia,sonic-3.5-2026-05-04,short_ack,80.0,800.0,0.5,True,0,0.0,0.0
cartesia-short_ack-r013,cartesia,sonic-3.5-2026-05-04,short_ack,80.0,800.0,0.75,True,0,0.0,0.0
cartesia-short_ack-r013,cartesia,sonic-3.5-2026-05-04,short_ack,80.0,1200.0,0.25,False,1,721.4675829666667,721.4675829666667
cartesia-short_ack-r013,cartesia,sonic-3.5-2026-05-04,short_ack,80.0,1200.0,0.5,False,1,199.647666319584,199.647666319584
cartesia-short_ack-r013,cartesia,sonic-3.5-2026-05-04,short_ack,80.0,1200.0,0.75,True,0,0.0,0.0
cartesia-short_ack-r014,cartesia,sonic-3.5-2026-05-04,short_ack,80.0,0.0,0.25,True,0,0.0,0.0
cartesia-short_ack-r014,cartesia,sonic-3.5-2026-05-04,short_ack,80.0,0.0,0.5,True,0,0.0,0.0
cartesia-short_ack-r014,cartesia,sonic-3.5-2026-05-04,short_ack,80.0,0.0,0.75,True,0,0.0,0.0
cartesia-short_ack-r014,cartesia,sonic-3.5-2026-05-04,short_ack,80.0,50.0,0.25,True,0,0.0,0.0
cartesia-short_ack-r014,cartesia,sonic-3.5-2026-05-04,short_ack,80.0,50.0,0.5,True,0,0.0,0.0
cartesia-short_ack-r014,cartesia,sonic-3.5-2026-05-04,short_ack,80.0,50.0,0.75,True,0,0.0,0.0
cartesia-short_ack-r014,cartesia,sonic-3.5-2026-05-04,short_ack,80.0,100.0,0.25,True,0,0.0,0.0
cartesia-short_ack-r014,cartesia,sonic-3.5-2026-05-04,short_ack,80.0,100.0,0.5,True,0,0.0,0.0
cartesia-short_ack-r014,cartesia,sonic-3.5-2026-05-04,short_ack,80.0,100.0,0.75,True,0,0.0,0.0
cartesia-short_ack-r014,cartesia,sonic-3.5-2026-05-04,short_ack,80.0,200.0,0.25,True,0,0.0,0.0
cartesia-short_ack-r014,cartesia,sonic-3.5-2026-05-04,short_ack,80.0,200.0,0.5,True,0,0.0,0.0
cartesia-short_ack-r014,cartesia,sonic-3.5-2026-05-04,short_ack,80.0,200.0,0.75,True,0,0.0,0.0
cartesia-short_ack-r014,cartesia,sonic-3.5-2026-05-04,short_ack,80.0,400.0,0.25,True,0,0.0,0.0
cartesia-short_ack-r014,cartesia,sonic-3.5-2026-05-04,short_ack,80.0,400.0,0.5,True,0,0.0,0.0
cartesia-short_ack-r014,cartesia,sonic-3.5-2026-05-04,short_ack,80.0,400.0,0.75,True,0,0.0,0.0
cartesia-short_ack-r014,cartesia,sonic-3.5-2026-05-04,short_ack,80.0,800.0,0.25,False,1,319.558125004638,319.558125004638
cartesia-short_ack-r014,cartesia,sonic-3.5-2026-05-04,short_ack,80.0,800.0,0.5,True,0,0.0,0.0
cartesia-short_ack-r014,cartesia,sonic-3.5-2026-05-04,short_ack,80.0,800.0,0.75,True,0,0.0,0.0
cartesia-short_ack-r014,cartesia,sonic-3.5-2026-05-04,short_ack,80.0,1200.0,0.25,False,1,719.558125004638,719.558125004638
cartesia-short_ack-r014,cartesia,sonic-3.5-2026-05-04,short_ack,80.0,1200.0,0.5,False,1,203.02916732973745,203.02916732973745
cartesia-short_ack-r014,cartesia,sonic-3.5-2026-05-04,short_ack,80.0,1200.0,0.75,True,0,0.0,0.0
cartesia-short_ack-r015,cartesia,sonic-3.5-2026-05-04,short_ack,80.0,0.0,0.25,True,0,0.0,0.0
cartesia-short_ack-r015,cartesia,sonic-3.5-2026-05-04,short_ack,80.0,0.0,0.5,True,0,0.0,0.0
cartesia-short_ack-r015,cartesia,sonic-3.5-2026-05-04,short_ack,80.0,0.0,0.75,True,0,0.0,0.0
cartesia-short_ack-r015,cartesia,sonic-3.5-2026-05-04,short_ack,80.0,50.0,0.25,True,0,0.0,0.0
cartesia-short_ack-r015,cartesia,sonic-3.5-2026-05-04,short_ack,80.0,50.0,0.5,True,0,0.0,0.0
cartesia-short_ack-r015,cartesia,sonic-3.5-2026-05-04,short_ack,80.0,50.0,0.75,True,0,0.0,0.0
cartesia-short_ack-r015,cartesia,sonic-3.5-2026-05-04,short_ack,80.0,100.0,0.25,True,0,0.0,0.0
cartesia-short_ack-r015,cartesia,sonic-3.5-2026-05-04,short_ack,80.0,100.0,0.5,True,0,0.0,0.0
cartesia-short_ack-r015,cartesia,sonic-3.5-2026-05-04,short_ack,80.0,100.0,0.75,True,0,0.0,0.0
cartesia-short_ack-r015,cartesia,sonic-3.5-2026-05-04,short_ack,80.0,200.0,0.25,True,0,0.0,0.0
cartesia-short_ack-r015,cartesia,sonic-3.5-2026-05-04,short_ack,80.0,200.0,0.5,True,0,0.0,0.0
cartesia-short_ack-r015,cartesia,sonic-3.5-2026-05-04,short_ack,80.0,200.0,0.75,True,0,0.0,0.0
cartesia-short_ack-r015,cartesia,sonic-3.5-2026-05-04,short_ack,80.0,400.0,0.25,True,0,0.0,0.0
cartesia-short_ack-r015,cartesia,sonic-3.5-2026-05-04,short_ack,80.0,400.0,0.5,True,0,0.0,0.0
cartesia-short_ack-r015,cartesia,sonic-3.5-2026-05-04,short_ack,80.0,400.0,0.75,True,0,0.0,0.0
cartesia-short_ack-r015,cartesia,sonic-3.5-2026-05-04,short_ack,80.0,800.0,0.25,False,1,312.42195797758177,312.42195797758177
cartesia-short_ack-r015,cartesia,sonic-3.5-2026-05-04,short_ack,80.0,800.0,0.5,True,0,0.0,0.0
cartesia-short_ack-r015,cartesia,sonic-3.5-2026-05-04,short_ack,80.0,800.0,0.75,True,0,0.0,0.0
cartesia-short_ack-r015,cartesia,sonic-3.5-2026-05-04,short_ack,80.0,1200.0,0.25,False,1,712.4219579775818,712.4219579775818
cartesia-short_ack-r015,cartesia,sonic-3.5-2026-05-04,short_ack,80.0,1200.0,0.5,False,1,202.8746663279212,202.8746663279212
cartesia-short_ack-r015,cartesia,sonic-3.5-2026-05-04,short_ack,80.0,1200.0,0.75,True,0,0.0,0.0
cartesia-short_ack-r016,cartesia,sonic-3.5-2026-05-04,short_ack,80.0,0.0,0.25,True,0,0.0,0.0
cartesia-short_ack-r016,cartesia,sonic-3.5-2026-05-04,short_ack,80.0,0.0,0.5,True,0,0.0,0.0
cartesia-short_ack-r016,cartesia,sonic-3.5-2026-05-04,short_ack,80.0,0.0,0.75,True,0,0.0,0.0
cartesia-short_ack-r016,cartesia,sonic-3.5-2026-05-04,short_ack,80.0,50.0,0.25,True,0,0.0,0.0
cartesia-short_ack-r016,cartesia,sonic-3.5-2026-05-04,short_ack,80.0,50.0,0.5,True,0,0.0,0.0
cartesia-short_ack-r016,cartesia,sonic-3.5-2026-05-04,short_ack,80.0,50.0,0.75,True,0,0.0,0.0
cartesia-short_ack-r016,cartesia,sonic-3.5-2026-05-04,short_ack,80.0,100.0,0.25,True,0,0.0,0.0
cartesia-short_ack-r016,cartesia,sonic-3.5-2026-05-04,short_ack,80.0,100.0,0.5,True,0,0.0,0.0
cartesia-short_ack-r016,cartesia,sonic-3.5-2026-05-04,short_ack,80.0,100.0,0.75,True,0,0.0,0.0
cartesia-short_ack-r016,cartesia,sonic-3.5-2026-05-04,short_ack,80.0,200.0,0.25,True,0,0.0,0.0
cartesia-short_ack-r016,cartesia,sonic-3.5-2026-05-04,short_ack,80.0,200.0,0.5,True,0,0.0,0.0
cartesia-short_ack-r016,cartesia,sonic-3.5-2026-05-04,short_ack,80.0,200.0,0.75,True,0,0.0,0.0
cartesia-short_ack-r016,cartesia,sonic-3.5-2026-05-04,short_ack,80.0,400.0,0.25,True,0,0.0,0.0
cartesia-short_ack-r016,cartesia,sonic-3.5-2026-05-04,short_ack,80.0,400.0,0.5,True,0,0.0,0.0
cartesia-short_ack-r016,cartesia,sonic-3.5-2026-05-04,short_ack,80.0,400.0,0.75,True,0,0.0,0.0
cartesia-short_ack-r016,cartesia,sonic-3.5-2026-05-04,short_ack,80.0,800.0,0.25,False,1,263.83545897342265,263.83545897342265
cartesia-short_ack-r016,cartesia,sonic-3.5-2026-05-04,short_ack,80.0,800.0,0.5,True,0,0.0,0.0
cartesia-short_ack-r016,cartesia,sonic-3.5-2026-05-04,short_ack,80.0,800.0,0.75,True,0,0.0,0.0
cartesia-short_ack-r016,cartesia,sonic-3.5-2026-05-04,short_ack,80.0,1200.0,0.25,False,1,663.8354589734226,663.8354589734226
cartesia-short_ack-r016,cartesia,sonic-3.5-2026-05-04,short_ack,80.0,1200.0,0.5,False,1,154.77350029752915,154.77350029752915
cartesia-short_ack-r016,cartesia,sonic-3.5-2026-05-04,short_ack,80.0,1200.0,0.75,True,0,0.0,0.0
cartesia-short_ack-r017,cartesia,sonic-3.5-2026-05-04,short_ack,80.0,0.0,0.25,True,0,0.0,0.0
cartesia-short_ack-r017,cartesia,sonic-3.5-2026-05-04,short_ack,80.0,0.0,0.5,True,0,0.0,0.0
cartesia-short_ack-r017,cartesia,sonic-3.5-2026-05-04,short_ack,80.0,0.0,0.75,True,0,0.0,0.0
cartesia-short_ack-r017,cartesia,sonic-3.5-2026-05-04,short_ack,80.0,50.0,0.25,True,0,0.0,0.0
cartesia-short_ack-r017,cartesia,sonic-3.5-2026-05-04,short_ack,80.0,50.0,0.5,True,0,0.0,0.0
cartesia-short_ack-r017,cartesia,sonic-3.5-2026-05-04,short_ack,80.0,50.0,0.75,True,0,0.0,0.0
cartesia-short_ack-r017,cartesia,sonic-3.5-2026-05-04,short_ack,80.0,100.0,0.25,True,0,0.0,0.0
cartesia-short_ack-r017,cartesia,sonic-3.5-2026-05-04,short_ack,80.0,100.0,0.5,True,0,0.0,0.0
cartesia-short_ack-r017,cartesia,sonic-3.5-2026-05-04,short_ack,80.0,100.0,0.75,True,0,0.0,0.0
cartesia-short_ack-r017,cartesia,sonic-3.5-2026-05-04,short_ack,80.0,200.0,0.25,True,0,0.0,0.0
cartesia-short_ack-r017,cartesia,sonic-3.5-2026-05-04,short_ack,80.0,200.0,0.5,True,0,0.0,0.0
cartesia-short_ack-r017,cartesia,sonic-3.5-2026-05-04,short_ack,80.0,200.0,0.75,True,0,0.0,0.0
cartesia-short_ack-r017,cartesia,sonic-3.5-2026-05-04,short_ack,80.0,400.0,0.25,True,0,0.0,0.0
cartesia-short_ack-r017,cartesia,sonic-3.5-2026-05-04,short_ack,80.0,400.0,0.5,True,0,0.0,0.0
cartesia-short_ack-r017,cartesia,sonic-3.5-2026-05-04,short_ack,80.0,400.0,0.75,True,0,0.0,0.0
cartesia-short_ack-r017,cartesia,sonic-3.5-2026-05-04,short_ack,80.0,800.0,0.25,False,1,312.4300420321524,312.4300420321524
cartesia-short_ack-r017,cartesia,sonic-3.5-2026-05-04,short_ack,80.0,800.0,0.5,True,0,0.0,0.0
cartesia-short_ack-r017,cartesia,sonic-3.5-2026-05-04,short_ack,80.0,800.0,0.75,True,0,0.0,0.0
cartesia-short_ack-r017,cartesia,sonic-3.5-2026-05-04,short_ack,80.0,1200.0,0.25,False,1,712.4300420321524,712.4300420321524
cartesia-short_ack-r017,cartesia,sonic-3.5-2026-05-04,short_ack,80.0,1200.0,0.5,False,1,196.96641738185053,196.96641738185053
cartesia-short_ack-r017,cartesia,sonic-3.5-2026-05-04,short_ack,80.0,1200.0,0.75,True,0,0.0,0.0
cartesia-short_ack-r018,cartesia,sonic-3.5-2026-05-04,short_ack,80.0,0.0,0.25,True,0,0.0,0.0
cartesia-short_ack-r018,cartesia,sonic-3.5-2026-05-04,short_ack,80.0,0.0,0.5,True,0,0.0,0.0
cartesia-short_ack-r018,cartesia,sonic-3.5-2026-05-04,short_ack,80.0,0.0,0.75,True,0,0.0,0.0
cartesia-short_ack-r018,cartesia,sonic-3.5-2026-05-04,short_ack,80.0,50.0,0.25,True,0,0.0,0.0
cartesia-short_ack-r018,cartesia,sonic-3.5-2026-05-04,short_ack,80.0,50.0,0.5,True,0,0.0,0.0
cartesia-short_ack-r018,cartesia,sonic-3.5-2026-05-04,short_ack,80.0,50.0,0.75,True,0,0.0,0.0
cartesia-short_ack-r018,cartesia,sonic-3.5-2026-05-04,short_ack,80.0,100.0,0.25,True,0,0.0,0.0
cartesia-short_ack-r018,cartesia,sonic-3.5-2026-05-04,short_ack,80.0,100.0,0.5,True,0,0.0,0.0
cartesia-short_ack-r018,cartesia,sonic-3.5-2026-05-04,short_ack,80.0,100.0,0.75,True,0,0.0,0.0
cartesia-short_ack-r018,cartesia,sonic-3.5-2026-05-04,short_ack,80.0,200.0,0.25,True,0,0.0,0.0
cartesia-short_ack-r018,cartesia,sonic-3.5-2026-05-04,short_ack,80.0,200.0,0.5,True,0,0.0,0.0
cartesia-short_ack-r018,cartesia,sonic-3.5-2026-05-04,short_ack,80.0,200.0,0.75,True,0,0.0,0.0
cartesia-short_ack-r018,cartesia,sonic-3.5-2026-05-04,short_ack,80.0,400.0,0.25,True,0,0.0,0.0
cartesia-short_ack-r018,cartesia,sonic-3.5-2026-05-04,short_ack,80.0,400.0,0.5,True,0,0.0,0.0
cartesia-short_ack-r018,cartesia,sonic-3.5-2026-05-04,short_ack,80.0,400.0,0.75,True,0,0.0,0.0
cartesia-short_ack-r018,cartesia,sonic-3.5-2026-05-04,short_ack,80.0,800.0,0.25,False,1,293.0646659960039,293.0646659960039
cartesia-short_ack-r018,cartesia,sonic-3.5-2026-05-04,short_ack,80.0,800.0,0.5,True,0,0.0,0.0
cartesia-short_ack-r018,cartesia,sonic-3.5-2026-05-04,short_ack,80.0,800.0,0.75,True,0,0.0,0.0
cartesia-short_ack-r018,cartesia,sonic-3.5-2026-05-04,short_ack,80.0,1200.0,0.25,False,1,693.0646659960039,693.0646659960039
cartesia-short_ack-r018,cartesia,sonic-3.5-2026-05-04,short_ack,80.0,1200.0,0.5,False,1,49.7124583710297,49.7124583710297
cartesia-short_ack-r018,cartesia,sonic-3.5-2026-05-04,short_ack,80.0,1200.0,0.75,True,0,0.0,0.0
cartesia-short_ack-r019,cartesia,sonic-3.5-2026-05-04,short_ack,80.0,0.0,0.25,True,0,0.0,0.0
cartesia-short_ack-r019,cartesia,sonic-3.5-2026-05-04,short_ack,80.0,0.0,0.5,True,0,0.0,0.0
cartesia-short_ack-r019,cartesia,sonic-3.5-2026-05-04,short_ack,80.0,0.0,0.75,True,0,0.0,0.0
cartesia-short_ack-r019,cartesia,sonic-3.5-2026-05-04,short_ack,80.0,50.0,0.25,True,0,0.0,0.0
cartesia-short_ack-r019,cartesia,sonic-3.5-2026-05-04,short_ack,80.0,50.0,0.5,True,0,0.0,0.0
cartesia-short_ack-r019,cartesia,sonic-3.5-2026-05-04,short_ack,80.0,50.0,0.75,True,0,0.0,0.0
cartesia-short_ack-r019,cartesia,sonic-3.5-2026-05-04,short_ack,80.0,100.0,0.25,True,0,0.0,0.0
cartesia-short_ack-r019,cartesia,sonic-3.5-2026-05-04,short_ack,80.0,100.0,0.5,True,0,0.0,0.0
cartesia-short_ack-r019,cartesia,sonic-3.5-2026-05-04,short_ack,80.0,100.0,0.75,True,0,0.0,0.0
cartesia-short_ack-r019,cartesia,sonic-3.5-2026-05-04,short_ack,80.0,200.0,0.25,True,0,0.0,0.0
cartesia-short_ack-r019,cartesia,sonic-3.5-2026-05-04,short_ack,80.0,200.0,0.5,True,0,0.0,0.0
cartesia-short_ack-r019,cartesia,sonic-3.5-2026-05-04,short_ack,80.0,200.0,0.75,True,0,0.0,0.0
cartesia-short_ack-r019,cartesia,sonic-3.5-2026-05-04,short_ack,80.0,400.0,0.25,True,0,0.0,0.0
cartesia-short_ack-r019,cartesia,sonic-3.5-2026-05-04,short_ack,80.0,400.0,0.5,True,0,0.0,0.0
cartesia-short_ack-r019,cartesia,sonic-3.5-2026-05-04,short_ack,80.0,400.0,0.75,True,0,0.0,0.0
cartesia-short_ack-r019,cartesia,sonic-3.5-2026-05-04,short_ack,80.0,800.0,0.25,False,1,381.3381666645097,381.3381666645097
cartesia-short_ack-r019,cartesia,sonic-3.5-2026-05-04,short_ack,80.0,800.0,0.5,True,0,0.0,0.0
cartesia-short_ack-r019,cartesia,sonic-3.5-2026-05-04,short_ack,80.0,800.0,0.75,True,0,0.0,0.0
cartesia-short_ack-r019,cartesia,sonic-3.5-2026-05-04,short_ack,80.0,1200.0,0.25,False,1,781.3381666645097,781.3381666645097
cartesia-short_ack-r019,cartesia,sonic-3.5-2026-05-04,short_ack,80.0,1200.0,0.5,False,1,181.4749996621781,181.4749996621781
cartesia-short_ack-r019,cartesia,sonic-3.5-2026-05-04,short_ack,80.0,1200.0,0.75,True,0,0.0,0.0
cartesia-short_question-r000,cartesia,sonic-3.5-2026-05-04,short_question,80.0,0.0,0.25,True,0,0.0,0.0
cartesia-short_question-r000,cartesia,sonic-3.5-2026-05-04,short_question,80.0,0.0,0.5,True,0,0.0,0.0
cartesia-short_question-r000,cartesia,sonic-3.5-2026-05-04,short_question,80.0,0.0,0.75,True,0,0.0,0.0
cartesia-short_question-r000,cartesia,sonic-3.5-2026-05-04,short_question,80.0,50.0,0.25,True,0,0.0,0.0
cartesia-short_question-r000,cartesia,sonic-3.5-2026-05-04,short_question,80.0,50.0,0.5,True,0,0.0,0.0
cartesia-short_question-r000,cartesia,sonic-3.5-2026-05-04,short_question,80.0,50.0,0.75,True,0,0.0,0.0
cartesia-short_question-r000,cartesia,sonic-3.5-2026-05-04,short_question,80.0,100.0,0.25,True,0,0.0,0.0
cartesia-short_question-r000,cartesia,sonic-3.5-2026-05-04,short_question,80.0,100.0,0.5,True,0,0.0,0.0
cartesia-short_question-r000,cartesia,sonic-3.5-2026-05-04,short_question,80.0,100.0,0.75,True,0,0.0,0.0
cartesia-short_question-r000,cartesia,sonic-3.5-2026-05-04,short_question,80.0,200.0,0.25,True,0,0.0,0.0
cartesia-short_question-r000,cartesia,sonic-3.5-2026-05-04,short_question,80.0,200.0,0.5,True,0,0.0,0.0
cartesia-short_question-r000,cartesia,sonic-3.5-2026-05-04,short_question,80.0,200.0,0.75,True,0,0.0,0.0
cartesia-short_question-r000,cartesia,sonic-3.5-2026-05-04,short_question,80.0,400.0,0.25,False,1,123.18820899026468,123.18820899026468
cartesia-short_question-r000,cartesia,sonic-3.5-2026-05-04,short_question,80.0,400.0,0.5,True,0,0.0,0.0
cartesia-short_question-r000,cartesia,sonic-3.5-2026-05-04,short_question,80.0,400.0,0.75,True,0,0.0,0.0
cartesia-short_question-r000,cartesia,sonic-3.5-2026-05-04,short_question,80.0,800.0,0.25,False,1,523.1882089902647,523.1882089902647
cartesia-short_question-r000,cartesia,sonic-3.5-2026-05-04,short_question,80.0,800.0,0.5,True,0,0.0,0.0
cartesia-short_question-r000,cartesia,sonic-3.5-2026-05-04,short_question,80.0,800.0,0.75,True,0,0.0,0.0
cartesia-short_question-r000,cartesia,sonic-3.5-2026-05-04,short_question,80.0,1200.0,0.25,False,1,923.1882089902647,923.1882089902647
cartesia-short_question-r000,cartesia,sonic-3.5-2026-05-04,short_question,80.0,1200.0,0.5,False,1,378.86337566065276,378.86337566065276
cartesia-short_question-r000,cartesia,sonic-3.5-2026-05-04,short_question,80.0,1200.0,0.75,True,0,0.0,0.0
cartesia-short_question-r001,cartesia,sonic-3.5-2026-05-04,short_question,80.0,0.0,0.25,True,0,0.0,0.0
cartesia-short_question-r001,cartesia,sonic-3.5-2026-05-04,short_question,80.0,0.0,0.5,True,0,0.0,0.0
cartesia-short_question-r001,cartesia,sonic-3.5-2026-05-04,short_question,80.0,0.0,0.75,True,0,0.0,0.0
cartesia-short_question-r001,cartesia,sonic-3.5-2026-05-04,short_question,80.0,50.0,0.25,True,0,0.0,0.0
cartesia-short_question-r001,cartesia,sonic-3.5-2026-05-04,short_question,80.0,50.0,0.5,True,0,0.0,0.0
cartesia-short_question-r001,cartesia,sonic-3.5-2026-05-04,short_question,80.0,50.0,0.75,True,0,0.0,0.0
cartesia-short_question-r001,cartesia,sonic-3.5-2026-05-04,short_question,80.0,100.0,0.25,True,0,0.0,0.0
cartesia-short_question-r001,cartesia,sonic-3.5-2026-05-04,short_question,80.0,100.0,0.5,True,0,0.0,0.0
cartesia-short_question-r001,cartesia,sonic-3.5-2026-05-04,short_question,80.0,100.0,0.75,True,0,0.0,0.0
cartesia-short_question-r001,cartesia,sonic-3.5-2026-05-04,short_question,80.0,200.0,0.25,False,1,24.30354100232944,24.30354100232944
cartesia-short_question-r001,cartesia,sonic-3.5-2026-05-04,short_question,80.0,200.0,0.5,True,0,0.0,0.0
cartesia-short_question-r001,cartesia,sonic-3.5-2026-05-04,short_question,80.0,200.0,0.75,True,0,0.0,0.0
cartesia-short_question-r001,cartesia,sonic-3.5-2026-05-04,short_question,80.0,400.0,0.25,False,1,224.30354100232944,224.30354100232944
cartesia-short_question-r001,cartesia,sonic-3.5-2026-05-04,short_question,80.0,400.0,0.5,True,0,0.0,0.0
cartesia-short_question-r001,cartesia,sonic-3.5-2026-05-04,short_question,80.0,400.0,0.75,True,0,0.0,0.0
cartesia-short_question-r001,cartesia,sonic-3.5-2026-05-04,short_question,80.0,800.0,0.25,False,1,624.3035410023294,624.3035410023294
cartesia-short_question-r001,cartesia,sonic-3.5-2026-05-04,short_question,80.0,800.0,0.5,False,1,26.06883302377537,26.06883302377537
cartesia-short_question-r001,cartesia,sonic-3.5-2026-05-04,short_question,80.0,800.0,0.75,True,0,0.0,0.0
cartesia-short_question-r001,cartesia,sonic-3.5-2026-05-04,short_question,80.0,1200.0,0.25,False,1,1024.3035410023294,1024.3035410023294
cartesia-short_question-r001,cartesia,sonic-3.5-2026-05-04,short_question,80.0,1200.0,0.5,False,1,426.06883302377537,426.06883302377537
cartesia-short_question-r001,cartesia,sonic-3.5-2026-05-04,short_question,80.0,1200.0,0.75,False,1,107.45224938293313,107.45224938293313
cartesia-short_question-r002,cartesia,sonic-3.5-2026-05-04,short_question,80.0,0.0,0.25,True,0,0.0,0.0
cartesia-short_question-r002,cartesia,sonic-3.5-2026-05-04,short_question,80.0,0.0,0.5,True,0,0.0,0.0
cartesia-short_question-r002,cartesia,sonic-3.5-2026-05-04,short_question,80.0,0.0,0.75,True,0,0.0,0.0
cartesia-short_question-r002,cartesia,sonic-3.5-2026-05-04,short_question,80.0,50.0,0.25,True,0,0.0,0.0
cartesia-short_question-r002,cartesia,sonic-3.5-2026-05-04,short_question,80.0,50.0,0.5,True,0,0.0,0.0
cartesia-short_question-r002,cartesia,sonic-3.5-2026-05-04,short_question,80.0,50.0,0.75,True,0,0.0,0.0
cartesia-short_question-r002,cartesia,sonic-3.5-2026-05-04,short_question,80.0,100.0,0.25,True,0,0.0,0.0
cartesia-short_question-r002,cartesia,sonic-3.5-2026-05-04,short_question,80.0,100.0,0.5,True,0,0.0,0.0
cartesia-short_question-r002,cartesia,sonic-3.5-2026-05-04,short_question,80.0,100.0,0.75,True,0,0.0,0.0
cartesia-short_question-r002,cartesia,sonic-3.5-2026-05-04,short_question,80.0,200.0,0.25,True,0,0.0,0.0
cartesia-short_question-r002,cartesia,sonic-3.5-2026-05-04,short_question,80.0,200.0,0.5,True,0,0.0,0.0
cartesia-short_question-r002,cartesia,sonic-3.5-2026-05-04,short_question,80.0,200.0,0.75,True,0,0.0,0.0
cartesia-short_question-r002,cartesia,sonic-3.5-2026-05-04,short_question,80.0,400.0,0.25,True,0,0.0,0.0
cartesia-short_question-r002,cartesia,sonic-3.5-2026-05-04,short_question,80.0,400.0,0.5,True,0,0.0,0.0
cartesia-short_question-r002,cartesia,sonic-3.5-2026-05-04,short_question,80.0,400.0,0.75,True,0,0.0,0.0
cartesia-short_question-r002,cartesia,sonic-3.5-2026-05-04,short_question,80.0,800.0,0.25,False,1,321.0855830265209,321.0855830265209
cartesia-short_question-r002,cartesia,sonic-3.5-2026-05-04,short_question,80.0,800.0,0.5,True,0,0.0,0.0
cartesia-short_question-r002,cartesia,sonic-3.5-2026-05-04,short_question,80.0,800.0,0.75,True,0,0.0,0.0
cartesia-short_question-r002,cartesia,sonic-3.5-2026-05-04,short_question,80.0,1200.0,0.25,False,1,721.0855830265209,721.0855830265209
cartesia-short_question-r002,cartesia,sonic-3.5-2026-05-04,short_question,80.0,1200.0,0.5,False,1,377.8109576936499,377.8109576936499
cartesia-short_question-r002,cartesia,sonic-3.5-2026-05-04,short_question,80.0,1200.0,0.75,True,0,0.0,0.0
cartesia-short_question-r003,cartesia,sonic-3.5-2026-05-04,short_question,80.0,0.0,0.25,True,0,0.0,0.0
cartesia-short_question-r003,cartesia,sonic-3.5-2026-05-04,short_question,80.0,0.0,0.5,True,0,0.0,0.0
cartesia-short_question-r003,cartesia,sonic-3.5-2026-05-04,short_question,80.0,0.0,0.75,True,0,0.0,0.0
cartesia-short_question-r003,cartesia,sonic-3.5-2026-05-04,short_question,80.0,50.0,0.25,True,0,0.0,0.0
cartesia-short_question-r003,cartesia,sonic-3.5-2026-05-04,short_question,80.0,50.0,0.5,True,0,0.0,0.0
cartesia-short_question-r003,cartesia,sonic-3.5-2026-05-04,short_question,80.0,50.0,0.75,True,0,0.0,0.0
cartesia-short_question-r003,cartesia,sonic-3.5-2026-05-04,short_question,80.0,100.0,0.25,True,0,0.0,0.0
cartesia-short_question-r003,cartesia,sonic-3.5-2026-05-04,short_question,80.0,100.0,0.5,True,0,0.0,0.0
cartesia-short_question-r003,cartesia,sonic-3.5-2026-05-04,short_question,80.0,100.0,0.75,True,0,0.0,0.0
cartesia-short_question-r003,cartesia,sonic-3.5-2026-05-04,short_question,80.0,200.0,0.25,True,0,0.0,0.0
cartesia-short_question-r003,cartesia,sonic-3.5-2026-05-04,short_question,80.0,200.0,0.5,True,0,0.0,0.0
cartesia-short_question-r003,cartesia,sonic-3.5-2026-05-04,short_question,80.0,200.0,0.75,True,0,0.0,0.0
cartesia-short_question-r003,cartesia,sonic-3.5-2026-05-04,short_question,80.0,400.0,0.25,False,1,120.35675000306219,120.35675000306219
cartesia-short_question-r003,cartesia,sonic-3.5-2026-05-04,short_question,80.0,400.0,0.5,True,0,0.0,0.0
cartesia-short_question-r003,cartesia,sonic-3.5-2026-05-04,short_question,80.0,400.0,0.75,True,0,0.0,0.0
cartesia-short_question-r003,cartesia,sonic-3.5-2026-05-04,short_question,80.0,800.0,0.25,False,1,520.3567500030622,520.3567500030622
cartesia-short_question-r003,cartesia,sonic-3.5-2026-05-04,short_question,80.0,800.0,0.5,False,1,51.062458662005724,51.062458662005724
cartesia-short_question-r003,cartesia,sonic-3.5-2026-05-04,short_question,80.0,800.0,0.75,True,0,0.0,0.0
cartesia-short_question-r003,cartesia,sonic-3.5-2026-05-04,short_question,80.0,1200.0,0.25,False,1,920.3567500030622,920.3567500030622
cartesia-short_question-r003,cartesia,sonic-3.5-2026-05-04,short_question,80.0,1200.0,0.5,False,1,451.0624586620057,451.0624586620057
cartesia-short_question-r003,cartesia,sonic-3.5-2026-05-04,short_question,80.0,1200.0,0.75,False,1,1.1471249856983832,1.1471249856983832
cartesia-short_question-r004,cartesia,sonic-3.5-2026-05-04,short_question,80.0,0.0,0.25,True,0,0.0,0.0
cartesia-short_question-r004,cartesia,sonic-3.5-2026-05-04,short_question,80.0,0.0,0.5,True,0,0.0,0.0
cartesia-short_question-r004,cartesia,sonic-3.5-2026-05-04,short_question,80.0,0.0,0.75,True,0,0.0,0.0
cartesia-short_question-r004,cartesia,sonic-3.5-2026-05-04,short_question,80.0,50.0,0.25,True,0,0.0,0.0
cartesia-short_question-r004,cartesia,sonic-3.5-2026-05-04,short_question,80.0,50.0,0.5,True,0,0.0,0.0
cartesia-short_question-r004,cartesia,sonic-3.5-2026-05-04,short_question,80.0,50.0,0.75,True,0,0.0,0.0
cartesia-short_question-r004,cartesia,sonic-3.5-2026-05-04,short_question,80.0,100.0,0.25,True,0,0.0,0.0
cartesia-short_question-r004,cartesia,sonic-3.5-2026-05-04,short_question,80.0,100.0,0.5,True,0,0.0,0.0
cartesia-short_question-r004,cartesia,sonic-3.5-2026-05-04,short_question,80.0,100.0,0.75,True,0,0.0,0.0
cartesia-short_question-r004,cartesia,sonic-3.5-2026-05-04,short_question,80.0,200.0,0.25,True,0,0.0,0.0
cartesia-short_question-r004,cartesia,sonic-3.5-2026-05-04,short_question,80.0,200.0,0.5,True,0,0.0,0.0
cartesia-short_question-r004,cartesia,sonic-3.5-2026-05-04,short_question,80.0,200.0,0.75,True,0,0.0,0.0
cartesia-short_question-r004,cartesia,sonic-3.5-2026-05-04,short_question,80.0,400.0,0.25,True,0,0.0,0.0
cartesia-short_question-r004,cartesia,sonic-3.5-2026-05-04,short_question,80.0,400.0,0.5,True,0,0.0,0.0
cartesia-short_question-r004,cartesia,sonic-3.5-2026-05-04,short_question,80.0,400.0,0.75,True,0,0.0,0.0
cartesia-short_question-r004,cartesia,sonic-3.5-2026-05-04,short_question,80.0,800.0,0.25,False,1,319.7460830132477,319.7460830132477
cartesia-short_question-r004,cartesia,sonic-3.5-2026-05-04,short_question,80.0,800.0,0.5,True,0,0.0,0.0
cartesia-short_question-r004,cartesia,sonic-3.5-2026-05-04,short_question,80.0,800.0,0.75,True,0,0.0,0.0
cartesia-short_question-r004,cartesia,sonic-3.5-2026-05-04,short_question,80.0,1200.0,0.25,False,1,719.7460830132477,719.7460830132477
cartesia-short_question-r004,cartesia,sonic-3.5-2026-05-04,short_question,80.0,1200.0,0.5,False,1,374.44954170255596,374.44954170255596
cartesia-short_question-r004,cartesia,sonic-3.5-2026-05-04,short_question,80.0,1200.0,0.75,True,0,0.0,0.0
cartesia-short_question-r005,cartesia,sonic-3.5-2026-05-04,short_question,80.0,0.0,0.25,True,0,0.0,0.0
cartesia-short_question-r005,cartesia,sonic-3.5-2026-05-04,short_question,80.0,0.0,0.5,True,0,0.0,0.0
cartesia-short_question-r005,cartesia,sonic-3.5-2026-05-04,short_question,80.0,0.0,0.75,True,0,0.0,0.0
cartesia-short_question-r005,cartesia,sonic-3.5-2026-05-04,short_question,80.0,50.0,0.25,True,0,0.0,0.0
cartesia-short_question-r005,cartesia,sonic-3.5-2026-05-04,short_question,80.0,50.0,0.5,True,0,0.0,0.0
cartesia-short_question-r005,cartesia,sonic-3.5-2026-05-04,short_question,80.0,50.0,0.75,True,0,0.0,0.0
cartesia-short_question-r005,cartesia,sonic-3.5-2026-05-04,short_question,80.0,100.0,0.25,True,0,0.0,0.0
cartesia-short_question-r005,cartesia,sonic-3.5-2026-05-04,short_question,80.0,100.0,0.5,True,0,0.0,0.0
cartesia-short_question-r005,cartesia,sonic-3.5-2026-05-04,short_question,80.0,100.0,0.75,True,0,0.0,0.0
cartesia-short_question-r005,cartesia,sonic-3.5-2026-05-04,short_question,80.0,200.0,0.25,True,0,0.0,0.0
cartesia-short_question-r005,cartesia,sonic-3.5-2026-05-04,short_question,80.0,200.0,0.5,True,0,0.0,0.0
cartesia-short_question-r005,cartesia,sonic-3.5-2026-05-04,short_question,80.0,200.0,0.75,True,0,0.0,0.0
cartesia-short_question-r005,cartesia,sonic-3.5-2026-05-04,short_question,80.0,400.0,0.25,False,1,120.56874998752028,120.56874998752028
cartesia-short_question-r005,cartesia,sonic-3.5-2026-05-04,short_question,80.0,400.0,0.5,True,0,0.0,0.0
cartesia-short_question-r005,cartesia,sonic-3.5-2026-05-04,short_question,80.0,400.0,0.75,True,0,0.0,0.0
cartesia-short_question-r005,cartesia,sonic-3.5-2026-05-04,short_question,80.0,800.0,0.25,False,1,520.5687499875203,520.5687499875203
cartesia-short_question-r005,cartesia,sonic-3.5-2026-05-04,short_question,80.0,800.0,0.5,True,0,0.0,0.0
cartesia-short_question-r005,cartesia,sonic-3.5-2026-05-04,short_question,80.0,800.0,0.75,True,0,0.0,0.0
cartesia-short_question-r005,cartesia,sonic-3.5-2026-05-04,short_question,80.0,1200.0,0.25,False,1,920.5687499875203,920.5687499875203
cartesia-short_question-r005,cartesia,sonic-3.5-2026-05-04,short_question,80.0,1200.0,0.5,False,1,374.84866662758077,374.84866662758077
cartesia-short_question-r005,cartesia,sonic-3.5-2026-05-04,short_question,80.0,1200.0,0.75,True,0,0.0,0.0
cartesia-short_question-r006,cartesia,sonic-3.5-2026-05-04,short_question,80.0,0.0,0.25,True,0,0.0,0.0
cartesia-short_question-r006,cartesia,sonic-3.5-2026-05-04,short_question,80.0,0.0,0.5,True,0,0.0,0.0
cartesia-short_question-r006,cartesia,sonic-3.5-2026-05-04,short_question,80.0,0.0,0.75,True,0,0.0,0.0
cartesia-short_question-r006,cartesia,sonic-3.5-2026-05-04,short_question,80.0,50.0,0.25,True,0,0.0,0.0
cartesia-short_question-r006,cartesia,sonic-3.5-2026-05-04,short_question,80.0,50.0,0.5,True,0,0.0,0.0
cartesia-short_question-r006,cartesia,sonic-3.5-2026-05-04,short_question,80.0,50.0,0.75,True,0,0.0,0.0
cartesia-short_question-r006,cartesia,sonic-3.5-2026-05-04,short_question,80.0,100.0,0.25,True,0,0.0,0.0
cartesia-short_question-r006,cartesia,sonic-3.5-2026-05-04,short_question,80.0,100.0,0.5,True,0,0.0,0.0
cartesia-short_question-r006,cartesia,sonic-3.5-2026-05-04,short_question,80.0,100.0,0.75,True,0,0.0,0.0
cartesia-short_question-r006,cartesia,sonic-3.5-2026-05-04,short_question,80.0,200.0,0.25,True,0,0.0,0.0
cartesia-short_question-r006,cartesia,sonic-3.5-2026-05-04,short_question,80.0,200.0,0.5,True,0,0.0,0.0
cartesia-short_question-r006,cartesia,sonic-3.5-2026-05-04,short_question,80.0,200.0,0.75,True,0,0.0,0.0
cartesia-short_question-r006,cartesia,sonic-3.5-2026-05-04,short_question,80.0,400.0,0.25,True,0,0.0,0.0
cartesia-short_question-r006,cartesia,sonic-3.5-2026-05-04,short_question,80.0,400.0,0.5,True,0,0.0,0.0
cartesia-short_question-r006,cartesia,sonic-3.5-2026-05-04,short_question,80.0,400.0,0.75,True,0,0.0,0.0
cartesia-short_question-r006,cartesia,sonic-3.5-2026-05-04,short_question,80.0,800.0,0.25,False,1,318.597999998834,318.597999998834
cartesia-short_question-r006,cartesia,sonic-3.5-2026-05-04,short_question,80.0,800.0,0.5,True,0,0.0,0.0
cartesia-short_question-r006,cartesia,sonic-3.5-2026-05-04,short_question,80.0,800.0,0.75,True,0,0.0,0.0
cartesia-short_question-r006,cartesia,sonic-3.5-2026-05-04,short_question,80.0,1200.0,0.25,False,1,718.597999998834,718.597999998834
cartesia-short_question-r006,cartesia,sonic-3.5-2026-05-04,short_question,80.0,1200.0,0.5,False,1,381.0619996778355,381.0619996778355
cartesia-short_question-r006,cartesia,sonic-3.5-2026-05-04,short_question,80.0,1200.0,0.75,True,0,0.0,0.0
cartesia-short_question-r007,cartesia,sonic-3.5-2026-05-04,short_question,80.0,0.0,0.25,True,0,0.0,0.0
cartesia-short_question-r007,cartesia,sonic-3.5-2026-05-04,short_question,80.0,0.0,0.5,True,0,0.0,0.0
cartesia-short_question-r007,cartesia,sonic-3.5-2026-05-04,short_question,80.0,0.0,0.75,True,0,0.0,0.0
cartesia-short_question-r007,cartesia,sonic-3.5-2026-05-04,short_question,80.0,50.0,0.25,True,0,0.0,0.0
cartesia-short_question-r007,cartesia,sonic-3.5-2026-05-04,short_question,80.0,50.0,0.5,True,0,0.0,0.0
cartesia-short_question-r007,cartesia,sonic-3.5-2026-05-04,short_question,80.0,50.0,0.75,True,0,0.0,0.0
cartesia-short_question-r007,cartesia,sonic-3.5-2026-05-04,short_question,80.0,100.0,0.25,True,0,0.0,0.0
cartesia-short_question-r007,cartesia,sonic-3.5-2026-05-04,short_question,80.0,100.0,0.5,True,0,0.0,0.0
cartesia-short_question-r007,cartesia,sonic-3.5-2026-05-04,short_question,80.0,100.0,0.75,True,0,0.0,0.0
cartesia-short_question-r007,cartesia,sonic-3.5-2026-05-04,short_question,80.0,200.0,0.25,True,0,0.0,0.0
cartesia-short_question-r007,cartesia,sonic-3.5-2026-05-04,short_question,80.0,200.0,0.5,True,0,0.0,0.0
cartesia-short_question-r007,cartesia,sonic-3.5-2026-05-04,short_question,80.0,200.0,0.75,True,0,0.0,0.0
cartesia-short_question-r007,cartesia,sonic-3.5-2026-05-04,short_question,80.0,400.0,0.25,True,0,0.0,0.0
cartesia-short_question-r007,cartesia,sonic-3.5-2026-05-04,short_question,80.0,400.0,0.5,True,0,0.0,0.0
cartesia-short_question-r007,cartesia,sonic-3.5-2026-05-04,short_question,80.0,400.0,0.75,True,0,0.0,0.0
cartesia-short_question-r007,cartesia,sonic-3.5-2026-05-04,short_question,80.0,800.0,0.25,False,1,319.1993329827674,319.1993329827674
cartesia-short_question-r007,cartesia,sonic-3.5-2026-05-04,short_question,80.0,800.0,0.5,True,0,0.0,0.0
cartesia-short_question-r007,cartesia,sonic-3.5-2026-05-04,short_question,80.0,800.0,0.75,True,0,0.0,0.0
cartesia-short_question-r007,cartesia,sonic-3.5-2026-05-04,short_question,80.0,1200.0,0.25,False,1,719.1993329827674,719.1993329827674
cartesia-short_question-r007,cartesia,sonic-3.5-2026-05-04,short_question,80.0,1200.0,0.5,False,1,377.58837468332285,377.58837468332285
cartesia-short_question-r007,cartesia,sonic-3.5-2026-05-04,short_question,80.0,1200.0,0.75,True,0,0.0,0.0
cartesia-short_question-r008,cartesia,sonic-3.5-2026-05-04,short_question,80.0,0.0,0.25,True,0,0.0,0.0
cartesia-short_question-r008,cartesia,sonic-3.5-2026-05-04,short_question,80.0,0.0,0.5,True,0,0.0,0.0
cartesia-short_question-r008,cartesia,sonic-3.5-2026-05-04,short_question,80.0,0.0,0.75,True,0,0.0,0.0
cartesia-short_question-r008,cartesia,sonic-3.5-2026-05-04,short_question,80.0,50.0,0.25,True,0,0.0,0.0
cartesia-short_question-r008,cartesia,sonic-3.5-2026-05-04,short_question,80.0,50.0,0.5,True,0,0.0,0.0
cartesia-short_question-r008,cartesia,sonic-3.5-2026-05-04,short_question,80.0,50.0,0.75,True,0,0.0,0.0
cartesia-short_question-r008,cartesia,sonic-3.5-2026-05-04,short_question,80.0,100.0,0.25,True,0,0.0,0.0
cartesia-short_question-r008,cartesia,sonic-3.5-2026-05-04,short_question,80.0,100.0,0.5,True,0,0.0,0.0
cartesia-short_question-r008,cartesia,sonic-3.5-2026-05-04,short_question,80.0,100.0,0.75,True,0,0.0,0.0
cartesia-short_question-r008,cartesia,sonic-3.5-2026-05-04,short_question,80.0,200.0,0.25,True,0,0.0,0.0
cartesia-short_question-r008,cartesia,sonic-3.5-2026-05-04,short_question,80.0,200.0,0.5,True,0,0.0,0.0
cartesia-short_question-r008,cartesia,sonic-3.5-2026-05-04,short_question,80.0,200.0,0.75,True,0,0.0,0.0
cartesia-short_question-r008,cartesia,sonic-3.5-2026-05-04,short_question,80.0,400.0,0.25,True,0,0.0,0.0
cartesia-short_question-r008,cartesia,sonic-3.5-2026-05-04,short_question,80.0,400.0,0.5,True,0,0.0,0.0
cartesia-short_question-r008,cartesia,sonic-3.5-2026-05-04,short_question,80.0,400.0,0.75,True,0,0.0,0.0
cartesia-short_question-r008,cartesia,sonic-3.5-2026-05-04,short_question,80.0,800.0,0.25,False,1,316.11874997988343,316.11874997988343
cartesia-short_question-r008,cartesia,sonic-3.5-2026-05-04,short_question,80.0,800.0,0.5,True,0,0.0,0.0
cartesia-short_question-r008,cartesia,sonic-3.5-2026-05-04,short_question,80.0,800.0,0.75,True,0,0.0,0.0
cartesia-short_question-r008,cartesia,sonic-3.5-2026-05-04,short_question,80.0,1200.0,0.25,False,1,716.1187499798834,716.1187499798834
cartesia-short_question-r008,cartesia,sonic-3.5-2026-05-04,short_question,80.0,1200.0,0.5,False,1,374.21533363281424,374.21533363281424
cartesia-short_question-r008,cartesia,sonic-3.5-2026-05-04,short_question,80.0,1200.0,0.75,True,0,0.0,0.0
cartesia-short_question-r009,cartesia,sonic-3.5-2026-05-04,short_question,80.0,0.0,0.25,True,0,0.0,0.0
cartesia-short_question-r009,cartesia,sonic-3.5-2026-05-04,short_question,80.0,0.0,0.5,True,0,0.0,0.0
cartesia-short_question-r009,cartesia,sonic-3.5-2026-05-04,short_question,80.0,0.0,0.75,True,0,0.0,0.0
cartesia-short_question-r009,cartesia,sonic-3.5-2026-05-04,short_question,80.0,50.0,0.25,True,0,0.0,0.0
cartesia-short_question-r009,cartesia,sonic-3.5-2026-05-04,short_question,80.0,50.0,0.5,True,0,0.0,0.0
cartesia-short_question-r009,cartesia,sonic-3.5-2026-05-04,short_question,80.0,50.0,0.75,True,0,0.0,0.0
cartesia-short_question-r009,cartesia,sonic-3.5-2026-05-04,short_question,80.0,100.0,0.25,True,0,0.0,0.0
cartesia-short_question-r009,cartesia,sonic-3.5-2026-05-04,short_question,80.0,100.0,0.5,True,0,0.0,0.0
cartesia-short_question-r009,cartesia,sonic-3.5-2026-05-04,short_question,80.0,100.0,0.75,True,0,0.0,0.0
cartesia-short_question-r009,cartesia,sonic-3.5-2026-05-04,short_question,80.0,200.0,0.25,True,0,0.0,0.0
cartesia-short_question-r009,cartesia,sonic-3.5-2026-05-04,short_question,80.0,200.0,0.5,True,0,0.0,0.0
cartesia-short_question-r009,cartesia,sonic-3.5-2026-05-04,short_question,80.0,200.0,0.75,True,0,0.0,0.0
cartesia-short_question-r009,cartesia,sonic-3.5-2026-05-04,short_question,80.0,400.0,0.25,True,0,0.0,0.0
cartesia-short_question-r009,cartesia,sonic-3.5-2026-05-04,short_question,80.0,400.0,0.5,True,0,0.0,0.0
cartesia-short_question-r009,cartesia,sonic-3.5-2026-05-04,short_question,80.0,400.0,0.75,True,0,0.0,0.0
cartesia-short_question-r009,cartesia,sonic-3.5-2026-05-04,short_question,80.0,800.0,0.25,False,1,320.1623750072904,320.1623750072904
cartesia-short_question-r009,cartesia,sonic-3.5-2026-05-04,short_question,80.0,800.0,0.5,True,0,0.0,0.0
cartesia-short_question-r009,cartesia,sonic-3.5-2026-05-04,short_question,80.0,800.0,0.75,True,0,0.0,0.0
cartesia-short_question-r009,cartesia,sonic-3.5-2026-05-04,short_question,80.0,1200.0,0.25,False,1,720.1623750072904,720.1623750072904
cartesia-short_question-r009,cartesia,sonic-3.5-2026-05-04,short_question,80.0,1200.0,0.5,False,1,180.43858369688178,180.43858369688178
cartesia-short_question-r009,cartesia,sonic-3.5-2026-05-04,short_question,80.0,1200.0,0.75,True,0,0.0,0.0
cartesia-short_question-r010,cartesia,sonic-3.5-2026-05-04,short_question,80.0,0.0,0.25,True,0,0.0,0.0
cartesia-short_question-r010,cartesia,sonic-3.5-2026-05-04,short_question,80.0,0.0,0.5,True,0,0.0,0.0
cartesia-short_question-r010,cartesia,sonic-3.5-2026-05-04,short_question,80.0,0.0,0.75,True,0,0.0,0.0
cartesia-short_question-r010,cartesia,sonic-3.5-2026-05-04,short_question,80.0,50.0,0.25,True,0,0.0,0.0
cartesia-short_question-r010,cartesia,sonic-3.5-2026-05-04,short_question,80.0,50.0,0.5,True,0,0.0,0.0
cartesia-short_question-r010,cartesia,sonic-3.5-2026-05-04,short_question,80.0,50.0,0.75,True,0,0.0,0.0
cartesia-short_question-r010,cartesia,sonic-3.5-2026-05-04,short_question,80.0,100.0,0.25,True,0,0.0,0.0
cartesia-short_question-r010,cartesia,sonic-3.5-2026-05-04,short_question,80.0,100.0,0.5,True,0,0.0,0.0
cartesia-short_question-r010,cartesia,sonic-3.5-2026-05-04,short_question,80.0,100.0,0.75,True,0,0.0,0.0
cartesia-short_question-r010,cartesia,sonic-3.5-2026-05-04,short_question,80.0,200.0,0.25,True,0,0.0,0.0
cartesia-short_question-r010,cartesia,sonic-3.5-2026-05-04,short_question,80.0,200.0,0.5,True,0,0.0,0.0
cartesia-short_question-r010,cartesia,sonic-3.5-2026-05-04,short_question,80.0,200.0,0.75,True,0,0.0,0.0
cartesia-short_question-r010,cartesia,sonic-3.5-2026-05-04,short_question,80.0,400.0,0.25,False,1,109.06195800425485,109.06195800425485
cartesia-short_question-r010,cartesia,sonic-3.5-2026-05-04,short_question,80.0,400.0,0.5,True,0,0.0,0.0
cartesia-short_question-r010,cartesia,sonic-3.5-2026-05-04,short_question,80.0,400.0,0.75,True,0,0.0,0.0
cartesia-short_question-r010,cartesia,sonic-3.5-2026-05-04,short_question,80.0,800.0,0.25,False,1,509.06195800425485,509.06195800425485
cartesia-short_question-r010,cartesia,sonic-3.5-2026-05-04,short_question,80.0,800.0,0.5,True,0,0.0,0.0
cartesia-short_question-r010,cartesia,sonic-3.5-2026-05-04,short_question,80.0,800.0,0.75,True,0,0.0,0.0
cartesia-short_question-r010,cartesia,sonic-3.5-2026-05-04,short_question,80.0,1200.0,0.25,False,1,909.0619580042548,909.0619580042548
cartesia-short_question-r010,cartesia,sonic-3.5-2026-05-04,short_question,80.0,1200.0,0.5,False,1,348.0062076702402,348.0062076702402
cartesia-short_question-r010,cartesia,sonic-3.5-2026-05-04,short_question,80.0,1200.0,0.75,False,1,25.900958000682067,25.900958000682067
cartesia-short_question-r011,cartesia,sonic-3.5-2026-05-04,short_question,80.0,0.0,0.25,True,0,0.0,0.0
cartesia-short_question-r011,cartesia,sonic-3.5-2026-05-04,short_question,80.0,0.0,0.5,True,0,0.0,0.0
cartesia-short_question-r011,cartesia,sonic-3.5-2026-05-04,short_question,80.0,0.0,0.75,True,0,0.0,0.0
cartesia-short_question-r011,cartesia,sonic-3.5-2026-05-04,short_question,80.0,50.0,0.25,True,0,0.0,0.0
cartesia-short_question-r011,cartesia,sonic-3.5-2026-05-04,short_question,80.0,50.0,0.5,True,0,0.0,0.0
cartesia-short_question-r011,cartesia,sonic-3.5-2026-05-04,short_question,80.0,50.0,0.75,True,0,0.0,0.0
cartesia-short_question-r011,cartesia,sonic-3.5-2026-05-04,short_question,80.0,100.0,0.25,True,0,0.0,0.0
cartesia-short_question-r011,cartesia,sonic-3.5-2026-05-04,short_question,80.0,100.0,0.5,True,0,0.0,0.0
cartesia-short_question-r011,cartesia,sonic-3.5-2026-05-04,short_question,80.0,100.0,0.75,True,0,0.0,0.0
cartesia-short_question-r011,cartesia,sonic-3.5-2026-05-04,short_question,80.0,200.0,0.25,True,0,0.0,0.0
cartesia-short_question-r011,cartesia,sonic-3.5-2026-05-04,short_question,80.0,200.0,0.5,True,0,0.0,0.0
cartesia-short_question-r011,cartesia,sonic-3.5-2026-05-04,short_question,80.0,200.0,0.75,True,0,0.0,0.0
cartesia-short_question-r011,cartesia,sonic-3.5-2026-05-04,short_question,80.0,400.0,0.25,False,1,120.03945899568498,120.03945899568498
cartesia-short_question-r011,cartesia,sonic-3.5-2026-05-04,short_question,80.0,400.0,0.5,True,0,0.0,0.0
cartesia-short_question-r011,cartesia,sonic-3.5-2026-05-04,short_question,80.0,400.0,0.75,True,0,0.0,0.0
cartesia-short_question-r011,cartesia,sonic-3.5-2026-05-04,short_question,80.0,800.0,0.25,False,1,520.039458995685,520.039458995685
cartesia-short_question-r011,cartesia,sonic-3.5-2026-05-04,short_question,80.0,800.0,0.5,True,0,0.0,0.0
cartesia-short_question-r011,cartesia,sonic-3.5-2026-05-04,short_question,80.0,800.0,0.75,True,0,0.0,0.0
cartesia-short_question-r011,cartesia,sonic-3.5-2026-05-04,short_question,80.0,1200.0,0.25,False,1,920.039458995685,920.039458995685
cartesia-short_question-r011,cartesia,sonic-3.5-2026-05-04,short_question,80.0,1200.0,0.5,False,1,380.66629165892164,380.66629165892164
cartesia-short_question-r011,cartesia,sonic-3.5-2026-05-04,short_question,80.0,1200.0,0.75,True,0,0.0,0.0
cartesia-short_question-r012,cartesia,sonic-3.5-2026-05-04,short_question,80.0,0.0,0.25,True,0,0.0,0.0
cartesia-short_question-r012,cartesia,sonic-3.5-2026-05-04,short_question,80.0,0.0,0.5,True,0,0.0,0.0
cartesia-short_question-r012,cartesia,sonic-3.5-2026-05-04,short_question,80.0,0.0,0.75,True,0,0.0,0.0
cartesia-short_question-r012,cartesia,sonic-3.5-2026-05-04,short_question,80.0,50.0,0.25,True,0,0.0,0.0
cartesia-short_question-r012,cartesia,sonic-3.5-2026-05-04,short_question,80.0,50.0,0.5,True,0,0.0,0.0
cartesia-short_question-r012,cartesia,sonic-3.5-2026-05-04,short_question,80.0,50.0,0.75,True,0,0.0,0.0
cartesia-short_question-r012,cartesia,sonic-3.5-2026-05-04,short_question,80.0,100.0,0.25,True,0,0.0,0.0
cartesia-short_question-r012,cartesia,sonic-3.5-2026-05-04,short_question,80.0,100.0,0.5,True,0,0.0,0.0
cartesia-short_question-r012,cartesia,sonic-3.5-2026-05-04,short_question,80.0,100.0,0.75,True,0,0.0,0.0
cartesia-short_question-r012,cartesia,sonic-3.5-2026-05-04,short_question,80.0,200.0,0.25,True,0,0.0,0.0
cartesia-short_question-r012,cartesia,sonic-3.5-2026-05-04,short_question,80.0,200.0,0.5,True,0,0.0,0.0
cartesia-short_question-r012,cartesia,sonic-3.5-2026-05-04,short_question,80.0,200.0,0.75,True,0,0.0,0.0
cartesia-short_question-r012,cartesia,sonic-3.5-2026-05-04,short_question,80.0,400.0,0.25,False,1,117.05416699778289,117.05416699778289
cartesia-short_question-r012,cartesia,sonic-3.5-2026-05-04,short_question,80.0,400.0,0.5,True,0,0.0,0.0
cartesia-short_question-r012,cartesia,sonic-3.5-2026-05-04,short_question,80.0,400.0,0.75,True,0,0.0,0.0
cartesia-short_question-r012,cartesia,sonic-3.5-2026-05-04,short_question,80.0,800.0,0.25,False,1,517.0541669977829,517.0541669977829
cartesia-short_question-r012,cartesia,sonic-3.5-2026-05-04,short_question,80.0,800.0,0.5,True,0,0.0,0.0
cartesia-short_question-r012,cartesia,sonic-3.5-2026-05-04,short_question,80.0,800.0,0.75,True,0,0.0,0.0
cartesia-short_question-r012,cartesia,sonic-3.5-2026-05-04,short_question,80.0,1200.0,0.25,False,1,917.0541669977829,917.0541669977829
cartesia-short_question-r012,cartesia,sonic-3.5-2026-05-04,short_question,80.0,1200.0,0.5,False,1,376.2507086770297,376.2507086770297
cartesia-short_question-r012,cartesia,sonic-3.5-2026-05-04,short_question,80.0,1200.0,0.75,True,0,0.0,0.0
cartesia-short_question-r013,cartesia,sonic-3.5-2026-05-04,short_question,80.0,0.0,0.25,True,0,0.0,0.0
cartesia-short_question-r013,cartesia,sonic-3.5-2026-05-04,short_question,80.0,0.0,0.5,True,0,0.0,0.0
cartesia-short_question-r013,cartesia,sonic-3.5-2026-05-04,short_question,80.0,0.0,0.75,True,0,0.0,0.0
cartesia-short_question-r013,cartesia,sonic-3.5-2026-05-04,short_question,80.0,50.0,0.25,True,0,0.0,0.0
cartesia-short_question-r013,cartesia,sonic-3.5-2026-05-04,short_question,80.0,50.0,0.5,True,0,0.0,0.0
cartesia-short_question-r013,cartesia,sonic-3.5-2026-05-04,short_question,80.0,50.0,0.75,True,0,0.0,0.0
cartesia-short_question-r013,cartesia,sonic-3.5-2026-05-04,short_question,80.0,100.0,0.25,True,0,0.0,0.0
cartesia-short_question-r013,cartesia,sonic-3.5-2026-05-04,short_question,80.0,100.0,0.5,True,0,0.0,0.0
cartesia-short_question-r013,cartesia,sonic-3.5-2026-05-04,short_question,80.0,100.0,0.75,True,0,0.0,0.0
cartesia-short_question-r013,cartesia,sonic-3.5-2026-05-04,short_question,80.0,200.0,0.25,True,0,0.0,0.0
cartesia-short_question-r013,cartesia,sonic-3.5-2026-05-04,short_question,80.0,200.0,0.5,True,0,0.0,0.0
cartesia-short_question-r013,cartesia,sonic-3.5-2026-05-04,short_question,80.0,200.0,0.75,True,0,0.0,0.0
cartesia-short_question-r013,cartesia,sonic-3.5-2026-05-04,short_question,80.0,400.0,0.25,False,1,112.07008300488815,112.07008300488815
cartesia-short_question-r013,cartesia,sonic-3.5-2026-05-04,short_question,80.0,400.0,0.5,True,0,0.0,0.0
cartesia-short_question-r013,cartesia,sonic-3.5-2026-05-04,short_question,80.0,400.0,0.75,True,0,0.0,0.0
cartesia-short_question-r013,cartesia,sonic-3.5-2026-05-04,short_question,80.0,800.0,0.25,False,1,512.0700830048881,512.0700830048881
cartesia-short_question-r013,cartesia,sonic-3.5-2026-05-04,short_question,80.0,800.0,0.5,True,0,0.0,0.0
cartesia-short_question-r013,cartesia,sonic-3.5-2026-05-04,short_question,80.0,800.0,0.75,True,0,0.0,0.0
cartesia-short_question-r013,cartesia,sonic-3.5-2026-05-04,short_question,80.0,1200.0,0.25,False,1,912.0700830048881,912.0700830048881
cartesia-short_question-r013,cartesia,sonic-3.5-2026-05-04,short_question,80.0,1200.0,0.5,False,1,376.01049963027845,376.01049963027845
cartesia-short_question-r013,cartesia,sonic-3.5-2026-05-04,short_question,80.0,1200.0,0.75,True,0,0.0,0.0
cartesia-short_question-r014,cartesia,sonic-3.5-2026-05-04,short_question,80.0,0.0,0.25,True,0,0.0,0.0
cartesia-short_question-r014,cartesia,sonic-3.5-2026-05-04,short_question,80.0,0.0,0.5,True,0,0.0,0.0
cartesia-short_question-r014,cartesia,sonic-3.5-2026-05-04,short_question,80.0,0.0,0.75,True,0,0.0,0.0
cartesia-short_question-r014,cartesia,sonic-3.5-2026-05-04,short_question,80.0,50.0,0.25,True,0,0.0,0.0
cartesia-short_question-r014,cartesia,sonic-3.5-2026-05-04,short_question,80.0,50.0,0.5,True,0,0.0,0.0
cartesia-short_question-r014,cartesia,sonic-3.5-2026-05-04,short_question,80.0,50.0,0.75,True,0,0.0,0.0
cartesia-short_question-r014,cartesia,sonic-3.5-2026-05-04,short_question,80.0,100.0,0.25,True,0,0.0,0.0
cartesia-short_question-r014,cartesia,sonic-3.5-2026-05-04,short_question,80.0,100.0,0.5,True,0,0.0,0.0
cartesia-short_question-r014,cartesia,sonic-3.5-2026-05-04,short_question,80.0,100.0,0.75,True,0,0.0,0.0
cartesia-short_question-r014,cartesia,sonic-3.5-2026-05-04,short_question,80.0,200.0,0.25,True,0,0.0,0.0
cartesia-short_question-r014,cartesia,sonic-3.5-2026-05-04,short_question,80.0,200.0,0.5,True,0,0.0,0.0
cartesia-short_question-r014,cartesia,sonic-3.5-2026-05-04,short_question,80.0,200.0,0.75,True,0,0.0,0.0
cartesia-short_question-r014,cartesia,sonic-3.5-2026-05-04,short_question,80.0,400.0,0.25,True,0,0.0,0.0
cartesia-short_question-r014,cartesia,sonic-3.5-2026-05-04,short_question,80.0,400.0,0.5,True,0,0.0,0.0
cartesia-short_question-r014,cartesia,sonic-3.5-2026-05-04,short_question,80.0,400.0,0.75,True,0,0.0,0.0
cartesia-short_question-r014,cartesia,sonic-3.5-2026-05-04,short_question,80.0,800.0,0.25,False,1,320.44512500660494,320.44512500660494
cartesia-short_question-r014,cartesia,sonic-3.5-2026-05-04,short_question,80.0,800.0,0.5,True,0,0.0,0.0
cartesia-short_question-r014,cartesia,sonic-3.5-2026-05-04,short_question,80.0,800.0,0.75,True,0,0.0,0.0
cartesia-short_question-r014,cartesia,sonic-3.5-2026-05-04,short_question,80.0,1200.0,0.25,False,1,720.4451250066049,720.4451250066049
cartesia-short_question-r014,cartesia,sonic-3.5-2026-05-04,short_question,80.0,1200.0,0.5,False,1,247.05391667239974,247.05391667239974
cartesia-short_question-r014,cartesia,sonic-3.5-2026-05-04,short_question,80.0,1200.0,0.75,True,0,0.0,0.0
cartesia-short_question-r015,cartesia,sonic-3.5-2026-05-04,short_question,80.0,0.0,0.25,True,0,0.0,0.0
cartesia-short_question-r015,cartesia,sonic-3.5-2026-05-04,short_question,80.0,0.0,0.5,True,0,0.0,0.0
cartesia-short_question-r015,cartesia,sonic-3.5-2026-05-04,short_question,80.0,0.0,0.75,True,0,0.0,0.0
cartesia-short_question-r015,cartesia,sonic-3.5-2026-05-04,short_question,80.0,50.0,0.25,True,0,0.0,0.0
cartesia-short_question-r015,cartesia,sonic-3.5-2026-05-04,short_question,80.0,50.0,0.5,True,0,0.0,0.0
cartesia-short_question-r015,cartesia,sonic-3.5-2026-05-04,short_question,80.0,50.0,0.75,True,0,0.0,0.0
cartesia-short_question-r015,cartesia,sonic-3.5-2026-05-04,short_question,80.0,100.0,0.25,True,0,0.0,0.0
cartesia-short_question-r015,cartesia,sonic-3.5-2026-05-04,short_question,80.0,100.0,0.5,True,0,0.0,0.0
cartesia-short_question-r015,cartesia,sonic-3.5-2026-05-04,short_question,80.0,100.0,0.75,True,0,0.0,0.0
cartesia-short_question-r015,cartesia,sonic-3.5-2026-05-04,short_question,80.0,200.0,0.25,True,0,0.0,0.0
cartesia-short_question-r015,cartesia,sonic-3.5-2026-05-04,short_question,80.0,200.0,0.5,True,0,0.0,0.0
cartesia-short_question-r015,cartesia,sonic-3.5-2026-05-04,short_question,80.0,200.0,0.75,True,0,0.0,0.0
cartesia-short_question-r015,cartesia,sonic-3.5-2026-05-04,short_question,80.0,400.0,0.25,False,1,111.82337501458824,111.82337501458824
cartesia-short_question-r015,cartesia,sonic-3.5-2026-05-04,short_question,80.0,400.0,0.5,True,0,0.0,0.0
cartesia-short_question-r015,cartesia,sonic-3.5-2026-05-04,short_question,80.0,400.0,0.75,True,0,0.0,0.0
cartesia-short_question-r015,cartesia,sonic-3.5-2026-05-04,short_question,80.0,800.0,0.25,False,1,511.82337501458824,511.82337501458824
cartesia-short_question-r015,cartesia,sonic-3.5-2026-05-04,short_question,80.0,800.0,0.5,True,0,0.0,0.0
cartesia-short_question-r015,cartesia,sonic-3.5-2026-05-04,short_question,80.0,800.0,0.75,True,0,0.0,0.0
cartesia-short_question-r015,cartesia,sonic-3.5-2026-05-04,short_question,80.0,1200.0,0.25,False,1,911.8233750145882,911.8233750145882
cartesia-short_question-r015,cartesia,sonic-3.5-2026-05-04,short_question,80.0,1200.0,0.5,False,1,377.58079168029735,377.58079168029735
cartesia-short_question-r015,cartesia,sonic-3.5-2026-05-04,short_question,80.0,1200.0,0.75,True,0,0.0,0.0
cartesia-short_question-r016,cartesia,sonic-3.5-2026-05-04,short_question,80.0,0.0,0.25,True,0,0.0,0.0
cartesia-short_question-r016,cartesia,sonic-3.5-2026-05-04,short_question,80.0,0.0,0.5,True,0,0.0,0.0
cartesia-short_question-r016,cartesia,sonic-3.5-2026-05-04,short_question,80.0,0.0,0.75,True,0,0.0,0.0
cartesia-short_question-r016,cartesia,sonic-3.5-2026-05-04,short_question,80.0,50.0,0.25,True,0,0.0,0.0
cartesia-short_question-r016,cartesia,sonic-3.5-2026-05-04,short_question,80.0,50.0,0.5,True,0,0.0,0.0
cartesia-short_question-r016,cartesia,sonic-3.5-2026-05-04,short_question,80.0,50.0,0.75,True,0,0.0,0.0
cartesia-short_question-r016,cartesia,sonic-3.5-2026-05-04,short_question,80.0,100.0,0.25,True,0,0.0,0.0
cartesia-short_question-r016,cartesia,sonic-3.5-2026-05-04,short_question,80.0,100.0,0.5,True,0,0.0,0.0
cartesia-short_question-r016,cartesia,sonic-3.5-2026-05-04,short_question,80.0,100.0,0.75,True,0,0.0,0.0
cartesia-short_question-r016,cartesia,sonic-3.5-2026-05-04,short_question,80.0,200.0,0.25,True,0,0.0,0.0
cartesia-short_question-r016,cartesia,sonic-3.5-2026-05-04,short_question,80.0,200.0,0.5,True,0,0.0,0.0
cartesia-short_question-r016,cartesia,sonic-3.5-2026-05-04,short_question,80.0,200.0,0.75,True,0,0.0,0.0
cartesia-short_question-r016,cartesia,sonic-3.5-2026-05-04,short_question,80.0,400.0,0.25,True,0,0.0,0.0
cartesia-short_question-r016,cartesia,sonic-3.5-2026-05-04,short_question,80.0,400.0,0.5,True,0,0.0,0.0
cartesia-short_question-r016,cartesia,sonic-3.5-2026-05-04,short_question,80.0,400.0,0.75,True,0,0.0,0.0
cartesia-short_question-r016,cartesia,sonic-3.5-2026-05-04,short_question,80.0,800.0,0.25,False,1,318.74770794901997,318.74770794901997
cartesia-short_question-r016,cartesia,sonic-3.5-2026-05-04,short_question,80.0,800.0,0.5,True,0,0.0,0.0
cartesia-short_question-r016,cartesia,sonic-3.5-2026-05-04,short_question,80.0,800.0,0.75,True,0,0.0,0.0
cartesia-short_question-r016,cartesia,sonic-3.5-2026-05-04,short_question,80.0,1200.0,0.25,False,1,718.74770794902,718.74770794902
cartesia-short_question-r016,cartesia,sonic-3.5-2026-05-04,short_question,80.0,1200.0,0.5,False,1,381.6513746545338,381.6513746545338
cartesia-short_question-r016,cartesia,sonic-3.5-2026-05-04,short_question,80.0,1200.0,0.75,True,0,0.0,0.0
cartesia-short_question-r017,cartesia,sonic-3.5-2026-05-04,short_question,80.0,0.0,0.25,True,0,0.0,0.0
cartesia-short_question-r017,cartesia,sonic-3.5-2026-05-04,short_question,80.0,0.0,0.5,True,0,0.0,0.0
cartesia-short_question-r017,cartesia,sonic-3.5-2026-05-04,short_question,80.0,0.0,0.75,True,0,0.0,0.0
cartesia-short_question-r017,cartesia,sonic-3.5-2026-05-04,short_question,80.0,50.0,0.25,True,0,0.0,0.0
cartesia-short_question-r017,cartesia,sonic-3.5-2026-05-04,short_question,80.0,50.0,0.5,True,0,0.0,0.0
cartesia-short_question-r017,cartesia,sonic-3.5-2026-05-04,short_question,80.0,50.0,0.75,True,0,0.0,0.0
cartesia-short_question-r017,cartesia,sonic-3.5-2026-05-04,short_question,80.0,100.0,0.25,True,0,0.0,0.0
cartesia-short_question-r017,cartesia,sonic-3.5-2026-05-04,short_question,80.0,100.0,0.5,True,0,0.0,0.0
cartesia-short_question-r017,cartesia,sonic-3.5-2026-05-04,short_question,80.0,100.0,0.75,True,0,0.0,0.0
cartesia-short_question-r017,cartesia,sonic-3.5-2026-05-04,short_question,80.0,200.0,0.25,True,0,0.0,0.0
cartesia-short_question-r017,cartesia,sonic-3.5-2026-05-04,short_question,80.0,200.0,0.5,True,0,0.0,0.0
cartesia-short_question-r017,cartesia,sonic-3.5-2026-05-04,short_question,80.0,200.0,0.75,True,0,0.0,0.0
cartesia-short_question-r017,cartesia,sonic-3.5-2026-05-04,short_question,80.0,400.0,0.25,False,1,136.84758395329118,136.84758395329118
cartesia-short_question-r017,cartesia,sonic-3.5-2026-05-04,short_question,80.0,400.0,0.5,True,0,0.0,0.0
cartesia-short_question-r017,cartesia,sonic-3.5-2026-05-04,short_question,80.0,400.0,0.75,True,0,0.0,0.0
cartesia-short_question-r017,cartesia,sonic-3.5-2026-05-04,short_question,80.0,800.0,0.25,False,1,536.8475839532912,536.8475839532912
cartesia-short_question-r017,cartesia,sonic-3.5-2026-05-04,short_question,80.0,800.0,0.5,True,0,0.0,0.0
cartesia-short_question-r017,cartesia,sonic-3.5-2026-05-04,short_question,80.0,800.0,0.75,True,0,0.0,0.0
cartesia-short_question-r017,cartesia,sonic-3.5-2026-05-04,short_question,80.0,1200.0,0.25,False,1,936.8475839532912,936.8475839532912
cartesia-short_question-r017,cartesia,sonic-3.5-2026-05-04,short_question,80.0,1200.0,0.5,False,1,377.9398336458639,377.9398336458639
cartesia-short_question-r017,cartesia,sonic-3.5-2026-05-04,short_question,80.0,1200.0,0.75,True,0,0.0,0.0
cartesia-short_question-r018,cartesia,sonic-3.5-2026-05-04,short_question,80.0,0.0,0.25,True,0,0.0,0.0
cartesia-short_question-r018,cartesia,sonic-3.5-2026-05-04,short_question,80.0,0.0,0.5,True,0,0.0,0.0
cartesia-short_question-r018,cartesia,sonic-3.5-2026-05-04,short_question,80.0,0.0,0.75,True,0,0.0,0.0
cartesia-short_question-r018,cartesia,sonic-3.5-2026-05-04,short_question,80.0,50.0,0.25,True,0,0.0,0.0
cartesia-short_question-r018,cartesia,sonic-3.5-2026-05-04,short_question,80.0,50.0,0.5,True,0,0.0,0.0
cartesia-short_question-r018,cartesia,sonic-3.5-2026-05-04,short_question,80.0,50.0,0.75,True,0,0.0,0.0
cartesia-short_question-r018,cartesia,sonic-3.5-2026-05-04,short_question,80.0,100.0,0.25,True,0,0.0,0.0
cartesia-short_question-r018,cartesia,sonic-3.5-2026-05-04,short_question,80.0,100.0,0.5,True,0,0.0,0.0
cartesia-short_question-r018,cartesia,sonic-3.5-2026-05-04,short_question,80.0,100.0,0.75,True,0,0.0,0.0
cartesia-short_question-r018,cartesia,sonic-3.5-2026-05-04,short_question,80.0,200.0,0.25,True,0,0.0,0.0
cartesia-short_question-r018,cartesia,sonic-3.5-2026-05-04,short_question,80.0,200.0,0.5,True,0,0.0,0.0
cartesia-short_question-r018,cartesia,sonic-3.5-2026-05-04,short_question,80.0,200.0,0.75,True,0,0.0,0.0
cartesia-short_question-r018,cartesia,sonic-3.5-2026-05-04,short_question,80.0,400.0,0.25,False,1,121.09741600370035,121.09741600370035
cartesia-short_question-r018,cartesia,sonic-3.5-2026-05-04,short_question,80.0,400.0,0.5,True,0,0.0,0.0
cartesia-short_question-r018,cartesia,sonic-3.5-2026-05-04,short_question,80.0,400.0,0.75,True,0,0.0,0.0
cartesia-short_question-r018,cartesia,sonic-3.5-2026-05-04,short_question,80.0,800.0,0.25,False,1,521.0974160037003,521.0974160037003
cartesia-short_question-r018,cartesia,sonic-3.5-2026-05-04,short_question,80.0,800.0,0.5,True,0,0.0,0.0
cartesia-short_question-r018,cartesia,sonic-3.5-2026-05-04,short_question,80.0,800.0,0.75,True,0,0.0,0.0
cartesia-short_question-r018,cartesia,sonic-3.5-2026-05-04,short_question,80.0,1200.0,0.25,False,1,921.0974160037003,921.0974160037003
cartesia-short_question-r018,cartesia,sonic-3.5-2026-05-04,short_question,80.0,1200.0,0.5,False,1,378.01433264153684,378.01433264153684
cartesia-short_question-r018,cartesia,sonic-3.5-2026-05-04,short_question,80.0,1200.0,0.75,True,0,0.0,0.0
cartesia-short_question-r019,cartesia,sonic-3.5-2026-05-04,short_question,80.0,0.0,0.25,True,0,0.0,0.0
cartesia-short_question-r019,cartesia,sonic-3.5-2026-05-04,short_question,80.0,0.0,0.5,True,0,0.0,0.0
cartesia-short_question-r019,cartesia,sonic-3.5-2026-05-04,short_question,80.0,0.0,0.75,True,0,0.0,0.0
cartesia-short_question-r019,cartesia,sonic-3.5-2026-05-04,short_question,80.0,50.0,0.25,True,0,0.0,0.0
cartesia-short_question-r019,cartesia,sonic-3.5-2026-05-04,short_question,80.0,50.0,0.5,True,0,0.0,0.0
cartesia-short_question-r019,cartesia,sonic-3.5-2026-05-04,short_question,80.0,50.0,0.75,True,0,0.0,0.0
cartesia-short_question-r019,cartesia,sonic-3.5-2026-05-04,short_question,80.0,100.0,0.25,True,0,0.0,0.0
cartesia-short_question-r019,cartesia,sonic-3.5-2026-05-04,short_question,80.0,100.0,0.5,True,0,0.0,0.0
cartesia-short_question-r019,cartesia,sonic-3.5-2026-05-04,short_question,80.0,100.0,0.75,True,0,0.0,0.0
cartesia-short_question-r019,cartesia,sonic-3.5-2026-05-04,short_question,80.0,200.0,0.25,True,0,0.0,0.0
cartesia-short_question-r019,cartesia,sonic-3.5-2026-05-04,short_question,80.0,200.0,0.5,True,0,0.0,0.0
cartesia-short_question-r019,cartesia,sonic-3.5-2026-05-04,short_question,80.0,200.0,0.75,True,0,0.0,0.0
cartesia-short_question-r019,cartesia,sonic-3.5-2026-05-04,short_question,80.0,400.0,0.25,True,0,0.0,0.0
cartesia-short_question-r019,cartesia,sonic-3.5-2026-05-04,short_question,80.0,400.0,0.5,True,0,0.0,0.0
cartesia-short_question-r019,cartesia,sonic-3.5-2026-05-04,short_question,80.0,400.0,0.75,True,0,0.0,0.0
cartesia-short_question-r019,cartesia,sonic-3.5-2026-05-04,short_question,80.0,800.0,0.25,False,1,322.0371659998782,322.0371659998782
cartesia-short_question-r019,cartesia,sonic-3.5-2026-05-04,short_question,80.0,800.0,0.5,True,0,0.0,0.0
cartesia-short_question-r019,cartesia,sonic-3.5-2026-05-04,short_question,80.0,800.0,0.75,True,0,0.0,0.0
cartesia-short_question-r019,cartesia,sonic-3.5-2026-05-04,short_question,80.0,1200.0,0.25,False,1,722.0371659998782,722.0371659998782
cartesia-short_question-r019,cartesia,sonic-3.5-2026-05-04,short_question,80.0,1200.0,0.5,False,1,384.4432496965551,384.4432496965551
cartesia-short_question-r019,cartesia,sonic-3.5-2026-05-04,short_question,80.0,1200.0,0.75,True,0,0.0,0.0
deepgram-long_incident-r000,deepgram,flux-haley-en,long_incident,80.0,0.0,0.25,True,0,0.0,0.0
deepgram-long_incident-r000,deepgram,flux-haley-en,long_incident,80.0,0.0,0.5,True,0,0.0,0.0
deepgram-long_incident-r000,deepgram,flux-haley-en,long_incident,80.0,0.0,0.75,True,0,0.0,0.0
deepgram-long_incident-r000,deepgram,flux-haley-en,long_incident,80.0,50.0,0.25,True,0,0.0,0.0
deepgram-long_incident-r000,deepgram,flux-haley-en,long_incident,80.0,50.0,0.5,True,0,0.0,0.0
deepgram-long_incident-r000,deepgram,flux-haley-en,long_incident,80.0,50.0,0.75,True,0,0.0,0.0
deepgram-long_incident-r000,deepgram,flux-haley-en,long_incident,80.0,100.0,0.25,True,0,0.0,0.0
deepgram-long_incident-r000,deepgram,flux-haley-en,long_incident,80.0,100.0,0.5,True,0,0.0,0.0
deepgram-long_incident-r000,deepgram,flux-haley-en,long_incident,80.0,100.0,0.75,True,0,0.0,0.0
deepgram-long_incident-r000,deepgram,flux-haley-en,long_incident,80.0,200.0,0.25,True,0,0.0,0.0
deepgram-long_incident-r000,deepgram,flux-haley-en,long_incident,80.0,200.0,0.5,True,0,0.0,0.0
deepgram-long_incident-r000,deepgram,flux-haley-en,long_incident,80.0,200.0,0.75,True,0,0.0,0.0
deepgram-long_incident-r000,deepgram,flux-haley-en,long_incident,80.0,400.0,0.25,True,0,0.0,0.0
deepgram-long_incident-r000,deepgram,flux-haley-en,long_incident,80.0,400.0,0.5,True,0,0.0,0.0
deepgram-long_incident-r000,deepgram,flux-haley-en,long_incident,80.0,400.0,0.75,True,0,0.0,0.0
deepgram-long_incident-r000,deepgram,flux-haley-en,long_incident,80.0,800.0,0.25,True,0,0.0,0.0
deepgram-long_incident-r000,deepgram,flux-haley-en,long_incident,80.0,800.0,0.5,True,0,0.0,0.0
deepgram-long_incident-r000,deepgram,flux-haley-en,long_incident,80.0,800.0,0.75,True,0,0.0,0.0
deepgram-long_incident-r000,deepgram,flux-haley-en,long_incident,80.0,1200.0,0.25,True,0,0.0,0.0
deepgram-long_incident-r000,deepgram,flux-haley-en,long_incident,80.0,1200.0,0.5,True,0,0.0,0.0
deepgram-long_incident-r000,deepgram,flux-haley-en,long_incident,80.0,1200.0,0.75,True,0,0.0,0.0
deepgram-long_incident-r001,deepgram,flux-haley-en,long_incident,80.0,0.0,0.25,True,0,0.0,0.0
deepgram-long_incident-r001,deepgram,flux-haley-en,long_incident,80.0,0.0,0.5,True,0,0.0,0.0
deepgram-long_incident-r001,deepgram,flux-haley-en,long_incident,80.0,0.0,0.75,True,0,0.0,0.0
deepgram-long_incident-r001,deepgram,flux-haley-en,long_incident,80.0,50.0,0.25,True,0,0.0,0.0
deepgram-long_incident-r001,deepgram,flux-haley-en,long_incident,80.0,50.0,0.5,True,0,0.0,0.0
deepgram-long_incident-r001,deepgram,flux-haley-en,long_incident,80.0,50.0,0.75,True,0,0.0,0.0
deepgram-long_incident-r001,deepgram,flux-haley-en,long_incident,80.0,100.0,0.25,True,0,0.0,0.0
deepgram-long_incident-r001,deepgram,flux-haley-en,long_incident,80.0,100.0,0.5,True,0,0.0,0.0
deepgram-long_incident-r001,deepgram,flux-haley-en,long_incident,80.0,100.0,0.75,True,0,0.0,0.0
deepgram-long_incident-r001,deepgram,flux-haley-en,long_incident,80.0,200.0,0.25,True,0,0.0,0.0
deepgram-long_incident-r001,deepgram,flux-haley-en,long_incident,80.0,200.0,0.5,True,0,0.0,0.0
deepgram-long_incident-r001,deepgram,flux-haley-en,long_incident,80.0,200.0,0.75,True,0,0.0,0.0
deepgram-long_incident-r001,deepgram,flux-haley-en,long_incident,80.0,400.0,0.25,True,0,0.0,0.0
deepgram-long_incident-r001,deepgram,flux-haley-en,long_incident,80.0,400.0,0.5,True,0,0.0,0.0
deepgram-long_incident-r001,deepgram,flux-haley-en,long_incident,80.0,400.0,0.75,True,0,0.0,0.0
deepgram-long_incident-r001,deepgram,flux-haley-en,long_incident,80.0,800.0,0.25,True,0,0.0,0.0
deepgram-long_incident-r001,deepgram,flux-haley-en,long_incident,80.0,800.0,0.5,True,0,0.0,0.0
deepgram-long_incident-r001,deepgram,flux-haley-en,long_incident,80.0,800.0,0.75,True,0,0.0,0.0
deepgram-long_incident-r001,deepgram,flux-haley-en,long_incident,80.0,1200.0,0.25,True,0,0.0,0.0
deepgram-long_incident-r001,deepgram,flux-haley-en,long_incident,80.0,1200.0,0.5,True,0,0.0,0.0
deepgram-long_incident-r001,deepgram,flux-haley-en,long_incident,80.0,1200.0,0.75,True,0,0.0,0.0
deepgram-long_incident-r002,deepgram,flux-haley-en,long_incident,80.0,0.0,0.25,True,0,0.0,0.0
deepgram-long_incident-r002,deepgram,flux-haley-en,long_incident,80.0,0.0,0.5,True,0,0.0,0.0
deepgram-long_incident-r002,deepgram,flux-haley-en,long_incident,80.0,0.0,0.75,True,0,0.0,0.0
deepgram-long_incident-r002,deepgram,flux-haley-en,long_incident,80.0,50.0,0.25,True,0,0.0,0.0
deepgram-long_incident-r002,deepgram,flux-haley-en,long_incident,80.0,50.0,0.5,True,0,0.0,0.0
deepgram-long_incident-r002,deepgram,flux-haley-en,long_incident,80.0,50.0,0.75,True,0,0.0,0.0
deepgram-long_incident-r002,deepgram,flux-haley-en,long_incident,80.0,100.0,0.25,True,0,0.0,0.0
deepgram-long_incident-r002,deepgram,flux-haley-en,long_incident,80.0,100.0,0.5,True,0,0.0,0.0
deepgram-long_incident-r002,deepgram,flux-haley-en,long_incident,80.0,100.0,0.75,True,0,0.0,0.0
deepgram-long_incident-r002,deepgram,flux-haley-en,long_incident,80.0,200.0,0.25,True,0,0.0,0.0
deepgram-long_incident-r002,deepgram,flux-haley-en,long_incident,80.0,200.0,0.5,True,0,0.0,0.0
deepgram-long_incident-r002,deepgram,flux-haley-en,long_incident,80.0,200.0,0.75,True,0,0.0,0.0
deepgram-long_incident-r002,deepgram,flux-haley-en,long_incident,80.0,400.0,0.25,True,0,0.0,0.0
deepgram-long_incident-r002,deepgram,flux-haley-en,long_incident,80.0,400.0,0.5,True,0,0.0,0.0
deepgram-long_incident-r002,deepgram,flux-haley-en,long_incident,80.0,400.0,0.75,True,0,0.0,0.0
deepgram-long_incident-r002,deepgram,flux-haley-en,long_incident,80.0,800.0,0.25,True,0,0.0,0.0
deepgram-long_incident-r002,deepgram,flux-haley-en,long_incident,80.0,800.0,0.5,True,0,0.0,0.0
deepgram-long_incident-r002,deepgram,flux-haley-en,long_incident,80.0,800.0,0.75,True,0,0.0,0.0
deepgram-long_incident-r002,deepgram,flux-haley-en,long_incident,80.0,1200.0,0.25,True,0,0.0,0.0
deepgram-long_incident-r002,deepgram,flux-haley-en,long_incident,80.0,1200.0,0.5,True,0,0.0,0.0
deepgram-long_incident-r002,deepgram,flux-haley-en,long_incident,80.0,1200.0,0.75,True,0,0.0,0.0
deepgram-long_incident-r003,deepgram,flux-haley-en,long_incident,80.0,0.0,0.25,True,0,0.0,0.0
deepgram-long_incident-r003,deepgram,flux-haley-en,long_incident,80.0,0.0,0.5,True,0,0.0,0.0
deepgram-long_incident-r003,deepgram,flux-haley-en,long_incident,80.0,0.0,0.75,True,0,0.0,0.0
deepgram-long_incident-r003,deepgram,flux-haley-en,long_incident,80.0,50.0,0.25,True,0,0.0,0.0
deepgram-long_incident-r003,deepgram,flux-haley-en,long_incident,80.0,50.0,0.5,True,0,0.0,0.0
deepgram-long_incident-r003,deepgram,flux-haley-en,long_incident,80.0,50.0,0.75,True,0,0.0,0.0
deepgram-long_incident-r003,deepgram,flux-haley-en,long_incident,80.0,100.0,0.25,True,0,0.0,0.0
deepgram-long_incident-r003,deepgram,flux-haley-en,long_incident,80.0,100.0,0.5,True,0,0.0,0.0
deepgram-long_incident-r003,deepgram,flux-haley-en,long_incident,80.0,100.0,0.75,True,0,0.0,0.0
deepgram-long_incident-r003,deepgram,flux-haley-en,long_incident,80.0,200.0,0.25,True,0,0.0,0.0
deepgram-long_incident-r003,deepgram,flux-haley-en,long_incident,80.0,200.0,0.5,True,0,0.0,0.0
deepgram-long_incident-r003,deepgram,flux-haley-en,long_incident,80.0,200.0,0.75,True,0,0.0,0.0
deepgram-long_incident-r003,deepgram,flux-haley-en,long_incident,80.0,400.0,0.25,True,0,0.0,0.0
deepgram-long_incident-r003,deepgram,flux-haley-en,long_incident,80.0,400.0,0.5,True,0,0.0,0.0
deepgram-long_incident-r003,deepgram,flux-haley-en,long_incident,80.0,400.0,0.75,True,0,0.0,0.0
deepgram-long_incident-r003,deepgram,flux-haley-en,long_incident,80.0,800.0,0.25,True,0,0.0,0.0
deepgram-long_incident-r003,deepgram,flux-haley-en,long_incident,80.0,800.0,0.5,True,0,0.0,0.0
deepgram-long_incident-r003,deepgram,flux-haley-en,long_incident,80.0,800.0,0.75,True,0,0.0,0.0
deepgram-long_incident-r003,deepgram,flux-haley-en,long_incident,80.0,1200.0,0.25,True,0,0.0,0.0
deepgram-long_incident-r003,deepgram,flux-haley-en,long_incident,80.0,1200.0,0.5,True,0,0.0,0.0
deepgram-long_incident-r003,deepgram,flux-haley-en,long_incident,80.0,1200.0,0.75,True,0,0.0,0.0
deepgram-long_incident-r004,deepgram,flux-haley-en,long_incident,80.0,0.0,0.25,True,0,0.0,0.0
deepgram-long_incident-r004,deepgram,flux-haley-en,long_incident,80.0,0.0,0.5,True,0,0.0,0.0
deepgram-long_incident-r004,deepgram,flux-haley-en,long_incident,80.0,0.0,0.75,True,0,0.0,0.0
deepgram-long_incident-r004,deepgram,flux-haley-en,long_incident,80.0,50.0,0.25,True,0,0.0,0.0
deepgram-long_incident-r004,deepgram,flux-haley-en,long_incident,80.0,50.0,0.5,True,0,0.0,0.0
deepgram-long_incident-r004,deepgram,flux-haley-en,long_incident,80.0,50.0,0.75,True,0,0.0,0.0
deepgram-long_incident-r004,deepgram,flux-haley-en,long_incident,80.0,100.0,0.25,True,0,0.0,0.0
deepgram-long_incident-r004,deepgram,flux-haley-en,long_incident,80.0,100.0,0.5,True,0,0.0,0.0
deepgram-long_incident-r004,deepgram,flux-haley-en,long_incident,80.0,100.0,0.75,True,0,0.0,0.0
deepgram-long_incident-r004,deepgram,flux-haley-en,long_incident,80.0,200.0,0.25,True,0,0.0,0.0
deepgram-long_incident-r004,deepgram,flux-haley-en,long_incident,80.0,200.0,0.5,True,0,0.0,0.0
deepgram-long_incident-r004,deepgram,flux-haley-en,long_incident,80.0,200.0,0.75,True,0,0.0,0.0
deepgram-long_incident-r004,deepgram,flux-haley-en,long_incident,80.0,400.0,0.25,True,0,0.0,0.0
deepgram-long_incident-r004,deepgram,flux-haley-en,long_incident,80.0,400.0,0.5,True,0,0.0,0.0
deepgram-long_incident-r004,deepgram,flux-haley-en,long_incident,80.0,400.0,0.75,True,0,0.0,0.0
deepgram-long_incident-r004,deepgram,flux-haley-en,long_incident,80.0,800.0,0.25,True,0,0.0,0.0
deepgram-long_incident-r004,deepgram,flux-haley-en,long_incident,80.0,800.0,0.5,True,0,0.0,0.0
deepgram-long_incident-r004,deepgram,flux-haley-en,long_incident,80.0,800.0,0.75,True,0,0.0,0.0
deepgram-long_incident-r004,deepgram,flux-haley-en,long_incident,80.0,1200.0,0.25,True,0,0.0,0.0
deepgram-long_incident-r004,deepgram,flux-haley-en,long_incident,80.0,1200.0,0.5,True,0,0.0,0.0
deepgram-long_incident-r004,deepgram,flux-haley-en,long_incident,80.0,1200.0,0.75,True,0,0.0,0.0
deepgram-long_incident-r005,deepgram,flux-haley-en,long_incident,80.0,0.0,0.25,True,0,0.0,0.0
deepgram-long_incident-r005,deepgram,flux-haley-en,long_incident,80.0,0.0,0.5,True,0,0.0,0.0
deepgram-long_incident-r005,deepgram,flux-haley-en,long_incident,80.0,0.0,0.75,True,0,0.0,0.0
deepgram-long_incident-r005,deepgram,flux-haley-en,long_incident,80.0,50.0,0.25,True,0,0.0,0.0
deepgram-long_incident-r005,deepgram,flux-haley-en,long_incident,80.0,50.0,0.5,True,0,0.0,0.0
deepgram-long_incident-r005,deepgram,flux-haley-en,long_incident,80.0,50.0,0.75,True,0,0.0,0.0
deepgram-long_incident-r005,deepgram,flux-haley-en,long_incident,80.0,100.0,0.25,True,0,0.0,0.0
deepgram-long_incident-r005,deepgram,flux-haley-en,long_incident,80.0,100.0,0.5,True,0,0.0,0.0
deepgram-long_incident-r005,deepgram,flux-haley-en,long_incident,80.0,100.0,0.75,True,0,0.0,0.0
deepgram-long_incident-r005,deepgram,flux-haley-en,long_incident,80.0,200.0,0.25,True,0,0.0,0.0
deepgram-long_incident-r005,deepgram,flux-haley-en,long_incident,80.0,200.0,0.5,True,0,0.0,0.0
deepgram-long_incident-r005,deepgram,flux-haley-en,long_incident,80.0,200.0,0.75,True,0,0.0,0.0
deepgram-long_incident-r005,deepgram,flux-haley-en,long_incident,80.0,400.0,0.25,True,0,0.0,0.0
deepgram-long_incident-r005,deepgram,flux-haley-en,long_incident,80.0,400.0,0.5,True,0,0.0,0.0
deepgram-long_incident-r005,deepgram,flux-haley-en,long_incident,80.0,400.0,0.75,True,0,0.0,0.0
deepgram-long_incident-r005,deepgram,flux-haley-en,long_incident,80.0,800.0,0.25,True,0,0.0,0.0
deepgram-long_incident-r005,deepgram,flux-haley-en,long_incident,80.0,800.0,0.5,True,0,0.0,0.0
deepgram-long_incident-r005,deepgram,flux-haley-en,long_incident,80.0,800.0,0.75,True,0,0.0,0.0
deepgram-long_incident-r005,deepgram,flux-haley-en,long_incident,80.0,1200.0,0.25,True,0,0.0,0.0
deepgram-long_incident-r005,deepgram,flux-haley-en,long_incident,80.0,1200.0,0.5,True,0,0.0,0.0
deepgram-long_incident-r005,deepgram,flux-haley-en,long_incident,80.0,1200.0,0.75,True,0,0.0,0.0
deepgram-long_incident-r006,deepgram,flux-haley-en,long_incident,80.0,0.0,0.25,True,0,0.0,0.0
deepgram-long_incident-r006,deepgram,flux-haley-en,long_incident,80.0,0.0,0.5,True,0,0.0,0.0
deepgram-long_incident-r006,deepgram,flux-haley-en,long_incident,80.0,0.0,0.75,True,0,0.0,0.0
deepgram-long_incident-r006,deepgram,flux-haley-en,long_incident,80.0,50.0,0.25,True,0,0.0,0.0
deepgram-long_incident-r006,deepgram,flux-haley-en,long_incident,80.0,50.0,0.5,True,0,0.0,0.0
deepgram-long_incident-r006,deepgram,flux-haley-en,long_incident,80.0,50.0,0.75,True,0,0.0,0.0
deepgram-long_incident-r006,deepgram,flux-haley-en,long_incident,80.0,100.0,0.25,True,0,0.0,0.0
deepgram-long_incident-r006,deepgram,flux-haley-en,long_incident,80.0,100.0,0.5,True,0,0.0,0.0
deepgram-long_incident-r006,deepgram,flux-haley-en,long_incident,80.0,100.0,0.75,True,0,0.0,0.0
deepgram-long_incident-r006,deepgram,flux-haley-en,long_incident,80.0,200.0,0.25,True,0,0.0,0.0
deepgram-long_incident-r006,deepgram,flux-haley-en,long_incident,80.0,200.0,0.5,True,0,0.0,0.0
deepgram-long_incident-r006,deepgram,flux-haley-en,long_incident,80.0,200.0,0.75,True,0,0.0,0.0
deepgram-long_incident-r006,deepgram,flux-haley-en,long_incident,80.0,400.0,0.25,True,0,0.0,0.0
deepgram-long_incident-r006,deepgram,flux-haley-en,long_incident,80.0,400.0,0.5,True,0,0.0,0.0
deepgram-long_incident-r006,deepgram,flux-haley-en,long_incident,80.0,400.0,0.75,True,0,0.0,0.0
deepgram-long_incident-r006,deepgram,flux-haley-en,long_incident,80.0,800.0,0.25,True,0,0.0,0.0
deepgram-long_incident-r006,deepgram,flux-haley-en,long_incident,80.0,800.0,0.5,True,0,0.0,0.0
deepgram-long_incident-r006,deepgram,flux-haley-en,long_incident,80.0,800.0,0.75,True,0,0.0,0.0
deepgram-long_incident-r006,deepgram,flux-haley-en,long_incident,80.0,1200.0,0.25,True,0,0.0,0.0
deepgram-long_incident-r006,deepgram,flux-haley-en,long_incident,80.0,1200.0,0.5,True,0,0.0,0.0
deepgram-long_incident-r006,deepgram,flux-haley-en,long_incident,80.0,1200.0,0.75,True,0,0.0,0.0
deepgram-long_incident-r007,deepgram,flux-haley-en,long_incident,80.0,0.0,0.25,True,0,0.0,0.0
deepgram-long_incident-r007,deepgram,flux-haley-en,long_incident,80.0,0.0,0.5,True,0,0.0,0.0
deepgram-long_incident-r007,deepgram,flux-haley-en,long_incident,80.0,0.0,0.75,True,0,0.0,0.0
deepgram-long_incident-r007,deepgram,flux-haley-en,long_incident,80.0,50.0,0.25,True,0,0.0,0.0
deepgram-long_incident-r007,deepgram,flux-haley-en,long_incident,80.0,50.0,0.5,True,0,0.0,0.0
deepgram-long_incident-r007,deepgram,flux-haley-en,long_incident,80.0,50.0,0.75,True,0,0.0,0.0
deepgram-long_incident-r007,deepgram,flux-haley-en,long_incident,80.0,100.0,0.25,True,0,0.0,0.0
deepgram-long_incident-r007,deepgram,flux-haley-en,long_incident,80.0,100.0,0.5,True,0,0.0,0.0
deepgram-long_incident-r007,deepgram,flux-haley-en,long_incident,80.0,100.0,0.75,True,0,0.0,0.0
deepgram-long_incident-r007,deepgram,flux-haley-en,long_incident,80.0,200.0,0.25,True,0,0.0,0.0
deepgram-long_incident-r007,deepgram,flux-haley-en,long_incident,80.0,200.0,0.5,True,0,0.0,0.0
deepgram-long_incident-r007,deepgram,flux-haley-en,long_incident,80.0,200.0,0.75,True,0,0.0,0.0
deepgram-long_incident-r007,deepgram,flux-haley-en,long_incident,80.0,400.0,0.25,True,0,0.0,0.0
deepgram-long_incident-r007,deepgram,flux-haley-en,long_incident,80.0,400.0,0.5,True,0,0.0,0.0
deepgram-long_incident-r007,deepgram,flux-haley-en,long_incident,80.0,400.0,0.75,True,0,0.0,0.0
deepgram-long_incident-r007,deepgram,flux-haley-en,long_incident,80.0,800.0,0.25,True,0,0.0,0.0
deepgram-long_incident-r007,deepgram,flux-haley-en,long_incident,80.0,800.0,0.5,True,0,0.0,0.0
deepgram-long_incident-r007,deepgram,flux-haley-en,long_incident,80.0,800.0,0.75,True,0,0.0,0.0
deepgram-long_incident-r007,deepgram,flux-haley-en,long_incident,80.0,1200.0,0.25,True,0,0.0,0.0
deepgram-long_incident-r007,deepgram,flux-haley-en,long_incident,80.0,1200.0,0.5,True,0,0.0,0.0
deepgram-long_incident-r007,deepgram,flux-haley-en,long_incident,80.0,1200.0,0.75,True,0,0.0,0.0
deepgram-long_incident-r008,deepgram,flux-haley-en,long_incident,80.0,0.0,0.25,True,0,0.0,0.0
deepgram-long_incident-r008,deepgram,flux-haley-en,long_incident,80.0,0.0,0.5,True,0,0.0,0.0
deepgram-long_incident-r008,deepgram,flux-haley-en,long_incident,80.0,0.0,0.75,True,0,0.0,0.0
deepgram-long_incident-r008,deepgram,flux-haley-en,long_incident,80.0,50.0,0.25,True,0,0.0,0.0
deepgram-long_incident-r008,deepgram,flux-haley-en,long_incident,80.0,50.0,0.5,True,0,0.0,0.0
deepgram-long_incident-r008,deepgram,flux-haley-en,long_incident,80.0,50.0,0.75,True,0,0.0,0.0
deepgram-long_incident-r008,deepgram,flux-haley-en,long_incident,80.0,100.0,0.25,True,0,0.0,0.0
deepgram-long_incident-r008,deepgram,flux-haley-en,long_incident,80.0,100.0,0.5,True,0,0.0,0.0
deepgram-long_incident-r008,deepgram,flux-haley-en,long_incident,80.0,100.0,0.75,True,0,0.0,0.0
deepgram-long_incident-r008,deepgram,flux-haley-en,long_incident,80.0,200.0,0.25,True,0,0.0,0.0
deepgram-long_incident-r008,deepgram,flux-haley-en,long_incident,80.0,200.0,0.5,True,0,0.0,0.0
deepgram-long_incident-r008,deepgram,flux-haley-en,long_incident,80.0,200.0,0.75,True,0,0.0,0.0
deepgram-long_incident-r008,deepgram,flux-haley-en,long_incident,80.0,400.0,0.25,True,0,0.0,0.0
deepgram-long_incident-r008,deepgram,flux-haley-en,long_incident,80.0,400.0,0.5,True,0,0.0,0.0
deepgram-long_incident-r008,deepgram,flux-haley-en,long_incident,80.0,400.0,0.75,True,0,0.0,0.0
deepgram-long_incident-r008,deepgram,flux-haley-en,long_incident,80.0,800.0,0.25,True,0,0.0,0.0
deepgram-long_incident-r008,deepgram,flux-haley-en,long_incident,80.0,800.0,0.5,True,0,0.0,0.0
deepgram-long_incident-r008,deepgram,flux-haley-en,long_incident,80.0,800.0,0.75,True,0,0.0,0.0
deepgram-long_incident-r008,deepgram,flux-haley-en,long_incident,80.0,1200.0,0.25,True,0,0.0,0.0
deepgram-long_incident-r008,deepgram,flux-haley-en,long_incident,80.0,1200.0,0.5,True,0,0.0,0.0
deepgram-long_incident-r008,deepgram,flux-haley-en,long_incident,80.0,1200.0,0.75,True,0,0.0,0.0
deepgram-long_incident-r009,deepgram,flux-haley-en,long_incident,80.0,0.0,0.25,True,0,0.0,0.0
deepgram-long_incident-r009,deepgram,flux-haley-en,long_incident,80.0,0.0,0.5,True,0,0.0,0.0
deepgram-long_incident-r009,deepgram,flux-haley-en,long_incident,80.0,0.0,0.75,True,0,0.0,0.0
deepgram-long_incident-r009,deepgram,flux-haley-en,long_incident,80.0,50.0,0.25,True,0,0.0,0.0
deepgram-long_incident-r009,deepgram,flux-haley-en,long_incident,80.0,50.0,0.5,True,0,0.0,0.0
deepgram-long_incident-r009,deepgram,flux-haley-en,long_incident,80.0,50.0,0.75,True,0,0.0,0.0
deepgram-long_incident-r009,deepgram,flux-haley-en,long_incident,80.0,100.0,0.25,True,0,0.0,0.0
deepgram-long_incident-r009,deepgram,flux-haley-en,long_incident,80.0,100.0,0.5,True,0,0.0,0.0
deepgram-long_incident-r009,deepgram,flux-haley-en,long_incident,80.0,100.0,0.75,True,0,0.0,0.0
deepgram-long_incident-r009,deepgram,flux-haley-en,long_incident,80.0,200.0,0.25,True,0,0.0,0.0
deepgram-long_incident-r009,deepgram,flux-haley-en,long_incident,80.0,200.0,0.5,True,0,0.0,0.0
deepgram-long_incident-r009,deepgram,flux-haley-en,long_incident,80.0,200.0,0.75,True,0,0.0,0.0
deepgram-long_incident-r009,deepgram,flux-haley-en,long_incident,80.0,400.0,0.25,True,0,0.0,0.0
deepgram-long_incident-r009,deepgram,flux-haley-en,long_incident,80.0,400.0,0.5,True,0,0.0,0.0
deepgram-long_incident-r009,deepgram,flux-haley-en,long_incident,80.0,400.0,0.75,True,0,0.0,0.0
deepgram-long_incident-r009,deepgram,flux-haley-en,long_incident,80.0,800.0,0.25,True,0,0.0,0.0
deepgram-long_incident-r009,deepgram,flux-haley-en,long_incident,80.0,800.0,0.5,True,0,0.0,0.0
deepgram-long_incident-r009,deepgram,flux-haley-en,long_incident,80.0,800.0,0.75,True,0,0.0,0.0
deepgram-long_incident-r009,deepgram,flux-haley-en,long_incident,80.0,1200.0,0.25,True,0,0.0,0.0
deepgram-long_incident-r009,deepgram,flux-haley-en,long_incident,80.0,1200.0,0.5,True,0,0.0,0.0
deepgram-long_incident-r009,deepgram,flux-haley-en,long_incident,80.0,1200.0,0.75,True,0,0.0,0.0
deepgram-long_incident-r010,deepgram,flux-haley-en,long_incident,80.0,0.0,0.25,True,0,0.0,0.0
deepgram-long_incident-r010,deepgram,flux-haley-en,long_incident,80.0,0.0,0.5,True,0,0.0,0.0
deepgram-long_incident-r010,deepgram,flux-haley-en,long_incident,80.0,0.0,0.75,True,0,0.0,0.0
deepgram-long_incident-r010,deepgram,flux-haley-en,long_incident,80.0,50.0,0.25,True,0,0.0,0.0
deepgram-long_incident-r010,deepgram,flux-haley-en,long_incident,80.0,50.0,0.5,True,0,0.0,0.0
deepgram-long_incident-r010,deepgram,flux-haley-en,long_incident,80.0,50.0,0.75,True,0,0.0,0.0
deepgram-long_incident-r010,deepgram,flux-haley-en,long_incident,80.0,100.0,0.25,True,0,0.0,0.0
deepgram-long_incident-r010,deepgram,flux-haley-en,long_incident,80.0,100.0,0.5,True,0,0.0,0.0
deepgram-long_incident-r010,deepgram,flux-haley-en,long_incident,80.0,100.0,0.75,True,0,0.0,0.0
deepgram-long_incident-r010,deepgram,flux-haley-en,long_incident,80.0,200.0,0.25,True,0,0.0,0.0
deepgram-long_incident-r010,deepgram,flux-haley-en,long_incident,80.0,200.0,0.5,True,0,0.0,0.0
deepgram-long_incident-r010,deepgram,flux-haley-en,long_incident,80.0,200.0,0.75,True,0,0.0,0.0
deepgram-long_incident-r010,deepgram,flux-haley-en,long_incident,80.0,400.0,0.25,True,0,0.0,0.0
deepgram-long_incident-r010,deepgram,flux-haley-en,long_incident,80.0,400.0,0.5,True,0,0.0,0.0
deepgram-long_incident-r010,deepgram,flux-haley-en,long_incident,80.0,400.0,0.75,True,0,0.0,0.0
deepgram-long_incident-r010,deepgram,flux-haley-en,long_incident,80.0,800.0,0.25,True,0,0.0,0.0
deepgram-long_incident-r010,deepgram,flux-haley-en,long_incident,80.0,800.0,0.5,True,0,0.0,0.0
deepgram-long_incident-r010,deepgram,flux-haley-en,long_incident,80.0,800.0,0.75,True,0,0.0,0.0
deepgram-long_incident-r010,deepgram,flux-haley-en,long_incident,80.0,1200.0,0.25,True,0,0.0,0.0
deepgram-long_incident-r010,deepgram,flux-haley-en,long_incident,80.0,1200.0,0.5,True,0,0.0,0.0
deepgram-long_incident-r010,deepgram,flux-haley-en,long_incident,80.0,1200.0,0.75,True,0,0.0,0.0
deepgram-long_incident-r011,deepgram,flux-haley-en,long_incident,80.0,0.0,0.25,True,0,0.0,0.0
deepgram-long_incident-r011,deepgram,flux-haley-en,long_incident,80.0,0.0,0.5,True,0,0.0,0.0
deepgram-long_incident-r011,deepgram,flux-haley-en,long_incident,80.0,0.0,0.75,True,0,0.0,0.0
deepgram-long_incident-r011,deepgram,flux-haley-en,long_incident,80.0,50.0,0.25,True,0,0.0,0.0
deepgram-long_incident-r011,deepgram,flux-haley-en,long_incident,80.0,50.0,0.5,True,0,0.0,0.0
deepgram-long_incident-r011,deepgram,flux-haley-en,long_incident,80.0,50.0,0.75,True,0,0.0,0.0
deepgram-long_incident-r011,deepgram,flux-haley-en,long_incident,80.0,100.0,0.25,True,0,0.0,0.0
deepgram-long_incident-r011,deepgram,flux-haley-en,long_incident,80.0,100.0,0.5,True,0,0.0,0.0
deepgram-long_incident-r011,deepgram,flux-haley-en,long_incident,80.0,100.0,0.75,True,0,0.0,0.0
deepgram-long_incident-r011,deepgram,flux-haley-en,long_incident,80.0,200.0,0.25,True,0,0.0,0.0
deepgram-long_incident-r011,deepgram,flux-haley-en,long_incident,80.0,200.0,0.5,True,0,0.0,0.0
deepgram-long_incident-r011,deepgram,flux-haley-en,long_incident,80.0,200.0,0.75,True,0,0.0,0.0
deepgram-long_incident-r011,deepgram,flux-haley-en,long_incident,80.0,400.0,0.25,True,0,0.0,0.0
deepgram-long_incident-r011,deepgram,flux-haley-en,long_incident,80.0,400.0,0.5,True,0,0.0,0.0
deepgram-long_incident-r011,deepgram,flux-haley-en,long_incident,80.0,400.0,0.75,True,0,0.0,0.0
deepgram-long_incident-r011,deepgram,flux-haley-en,long_incident,80.0,800.0,0.25,True,0,0.0,0.0
deepgram-long_incident-r011,deepgram,flux-haley-en,long_incident,80.0,800.0,0.5,True,0,0.0,0.0
deepgram-long_incident-r011,deepgram,flux-haley-en,long_incident,80.0,800.0,0.75,True,0,0.0,0.0
deepgram-long_incident-r011,deepgram,flux-haley-en,long_incident,80.0,1200.0,0.25,True,0,0.0,0.0
deepgram-long_incident-r011,deepgram,flux-haley-en,long_incident,80.0,1200.0,0.5,True,0,0.0,0.0
deepgram-long_incident-r011,deepgram,flux-haley-en,long_incident,80.0,1200.0,0.75,True,0,0.0,0.0
deepgram-long_incident-r012,deepgram,flux-haley-en,long_incident,80.0,0.0,0.25,True,0,0.0,0.0
deepgram-long_incident-r012,deepgram,flux-haley-en,long_incident,80.0,0.0,0.5,True,0,0.0,0.0
deepgram-long_incident-r012,deepgram,flux-haley-en,long_incident,80.0,0.0,0.75,True,0,0.0,0.0
deepgram-long_incident-r012,deepgram,flux-haley-en,long_incident,80.0,50.0,0.25,True,0,0.0,0.0
deepgram-long_incident-r012,deepgram,flux-haley-en,long_incident,80.0,50.0,0.5,True,0,0.0,0.0
deepgram-long_incident-r012,deepgram,flux-haley-en,long_incident,80.0,50.0,0.75,True,0,0.0,0.0
deepgram-long_incident-r012,deepgram,flux-haley-en,long_incident,80.0,100.0,0.25,True,0,0.0,0.0
deepgram-long_incident-r012,deepgram,flux-haley-en,long_incident,80.0,100.0,0.5,True,0,0.0,0.0
deepgram-long_incident-r012,deepgram,flux-haley-en,long_incident,80.0,100.0,0.75,True,0,0.0,0.0
deepgram-long_incident-r012,deepgram,flux-haley-en,long_incident,80.0,200.0,0.25,True,0,0.0,0.0
deepgram-long_incident-r012,deepgram,flux-haley-en,long_incident,80.0,200.0,0.5,True,0,0.0,0.0
deepgram-long_incident-r012,deepgram,flux-haley-en,long_incident,80.0,200.0,0.75,True,0,0.0,0.0
deepgram-long_incident-r012,deepgram,flux-haley-en,long_incident,80.0,400.0,0.25,True,0,0.0,0.0
deepgram-long_incident-r012,deepgram,flux-haley-en,long_incident,80.0,400.0,0.5,True,0,0.0,0.0
deepgram-long_incident-r012,deepgram,flux-haley-en,long_incident,80.0,400.0,0.75,True,0,0.0,0.0
deepgram-long_incident-r012,deepgram,flux-haley-en,long_incident,80.0,800.0,0.25,True,0,0.0,0.0
deepgram-long_incident-r012,deepgram,flux-haley-en,long_incident,80.0,800.0,0.5,True,0,0.0,0.0
deepgram-long_incident-r012,deepgram,flux-haley-en,long_incident,80.0,800.0,0.75,True,0,0.0,0.0
deepgram-long_incident-r012,deepgram,flux-haley-en,long_incident,80.0,1200.0,0.25,True,0,0.0,0.0
deepgram-long_incident-r012,deepgram,flux-haley-en,long_incident,80.0,1200.0,0.5,True,0,0.0,0.0
deepgram-long_incident-r012,deepgram,flux-haley-en,long_incident,80.0,1200.0,0.75,True,0,0.0,0.0
deepgram-long_incident-r013,deepgram,flux-haley-en,long_incident,80.0,0.0,0.25,True,0,0.0,0.0
deepgram-long_incident-r013,deepgram,flux-haley-en,long_incident,80.0,0.0,0.5,True,0,0.0,0.0
deepgram-long_incident-r013,deepgram,flux-haley-en,long_incident,80.0,0.0,0.75,True,0,0.0,0.0
deepgram-long_incident-r013,deepgram,flux-haley-en,long_incident,80.0,50.0,0.25,True,0,0.0,0.0
deepgram-long_incident-r013,deepgram,flux-haley-en,long_incident,80.0,50.0,0.5,True,0,0.0,0.0
deepgram-long_incident-r013,deepgram,flux-haley-en,long_incident,80.0,50.0,0.75,True,0,0.0,0.0
deepgram-long_incident-r013,deepgram,flux-haley-en,long_incident,80.0,100.0,0.25,True,0,0.0,0.0
deepgram-long_incident-r013,deepgram,flux-haley-en,long_incident,80.0,100.0,0.5,True,0,0.0,0.0
deepgram-long_incident-r013,deepgram,flux-haley-en,long_incident,80.0,100.0,0.75,True,0,0.0,0.0
deepgram-long_incident-r013,deepgram,flux-haley-en,long_incident,80.0,200.0,0.25,True,0,0.0,0.0
deepgram-long_incident-r013,deepgram,flux-haley-en,long_incident,80.0,200.0,0.5,True,0,0.0,0.0
deepgram-long_incident-r013,deepgram,flux-haley-en,long_incident,80.0,200.0,0.75,True,0,0.0,0.0
deepgram-long_incident-r013,deepgram,flux-haley-en,long_incident,80.0,400.0,0.25,True,0,0.0,0.0
deepgram-long_incident-r013,deepgram,flux-haley-en,long_incident,80.0,400.0,0.5,True,0,0.0,0.0
deepgram-long_incident-r013,deepgram,flux-haley-en,long_incident,80.0,400.0,0.75,True,0,0.0,0.0
deepgram-long_incident-r013,deepgram,flux-haley-en,long_incident,80.0,800.0,0.25,True,0,0.0,0.0
deepgram-long_incident-r013,deepgram,flux-haley-en,long_incident,80.0,800.0,0.5,True,0,0.0,0.0
deepgram-long_incident-r013,deepgram,flux-haley-en,long_incident,80.0,800.0,0.75,True,0,0.0,0.0
deepgram-long_incident-r013,deepgram,flux-haley-en,long_incident,80.0,1200.0,0.25,True,0,0.0,0.0
deepgram-long_incident-r013,deepgram,flux-haley-en,long_incident,80.0,1200.0,0.5,True,0,0.0,0.0
deepgram-long_incident-r013,deepgram,flux-haley-en,long_incident,80.0,1200.0,0.75,True,0,0.0,0.0
deepgram-long_incident-r014,deepgram,flux-haley-en,long_incident,80.0,0.0,0.25,True,0,0.0,0.0
deepgram-long_incident-r014,deepgram,flux-haley-en,long_incident,80.0,0.0,0.5,True,0,0.0,0.0
deepgram-long_incident-r014,deepgram,flux-haley-en,long_incident,80.0,0.0,0.75,True,0,0.0,0.0
deepgram-long_incident-r014,deepgram,flux-haley-en,long_incident,80.0,50.0,0.25,True,0,0.0,0.0
deepgram-long_incident-r014,deepgram,flux-haley-en,long_incident,80.0,50.0,0.5,True,0,0.0,0.0
deepgram-long_incident-r014,deepgram,flux-haley-en,long_incident,80.0,50.0,0.75,True,0,0.0,0.0
deepgram-long_incident-r014,deepgram,flux-haley-en,long_incident,80.0,100.0,0.25,True,0,0.0,0.0
deepgram-long_incident-r014,deepgram,flux-haley-en,long_incident,80.0,100.0,0.5,True,0,0.0,0.0
deepgram-long_incident-r014,deepgram,flux-haley-en,long_incident,80.0,100.0,0.75,True,0,0.0,0.0
deepgram-long_incident-r014,deepgram,flux-haley-en,long_incident,80.0,200.0,0.25,True,0,0.0,0.0
deepgram-long_incident-r014,deepgram,flux-haley-en,long_incident,80.0,200.0,0.5,True,0,0.0,0.0
deepgram-long_incident-r014,deepgram,flux-haley-en,long_incident,80.0,200.0,0.75,True,0,0.0,0.0
deepgram-long_incident-r014,deepgram,flux-haley-en,long_incident,80.0,400.0,0.25,True,0,0.0,0.0
deepgram-long_incident-r014,deepgram,flux-haley-en,long_incident,80.0,400.0,0.5,True,0,0.0,0.0
deepgram-long_incident-r014,deepgram,flux-haley-en,long_incident,80.0,400.0,0.75,True,0,0.0,0.0
deepgram-long_incident-r014,deepgram,flux-haley-en,long_incident,80.0,800.0,0.25,True,0,0.0,0.0
deepgram-long_incident-r014,deepgram,flux-haley-en,long_incident,80.0,800.0,0.5,True,0,0.0,0.0
deepgram-long_incident-r014,deepgram,flux-haley-en,long_incident,80.0,800.0,0.75,True,0,0.0,0.0
deepgram-long_incident-r014,deepgram,flux-haley-en,long_incident,80.0,1200.0,0.25,True,0,0.0,0.0
deepgram-long_incident-r014,deepgram,flux-haley-en,long_incident,80.0,1200.0,0.5,True,0,0.0,0.0
deepgram-long_incident-r014,deepgram,flux-haley-en,long_incident,80.0,1200.0,0.75,True,0,0.0,0.0
deepgram-long_incident-r015,deepgram,flux-haley-en,long_incident,80.0,0.0,0.25,True,0,0.0,0.0
deepgram-long_incident-r015,deepgram,flux-haley-en,long_incident,80.0,0.0,0.5,True,0,0.0,0.0
deepgram-long_incident-r015,deepgram,flux-haley-en,long_incident,80.0,0.0,0.75,True,0,0.0,0.0
deepgram-long_incident-r015,deepgram,flux-haley-en,long_incident,80.0,50.0,0.25,True,0,0.0,0.0
deepgram-long_incident-r015,deepgram,flux-haley-en,long_incident,80.0,50.0,0.5,True,0,0.0,0.0
deepgram-long_incident-r015,deepgram,flux-haley-en,long_incident,80.0,50.0,0.75,True,0,0.0,0.0
deepgram-long_incident-r015,deepgram,flux-haley-en,long_incident,80.0,100.0,0.25,True,0,0.0,0.0
deepgram-long_incident-r015,deepgram,flux-haley-en,long_incident,80.0,100.0,0.5,True,0,0.0,0.0
deepgram-long_incident-r015,deepgram,flux-haley-en,long_incident,80.0,100.0,0.75,True,0,0.0,0.0
deepgram-long_incident-r015,deepgram,flux-haley-en,long_incident,80.0,200.0,0.25,True,0,0.0,0.0
deepgram-long_incident-r015,deepgram,flux-haley-en,long_incident,80.0,200.0,0.5,True,0,0.0,0.0
deepgram-long_incident-r015,deepgram,flux-haley-en,long_incident,80.0,200.0,0.75,True,0,0.0,0.0
deepgram-long_incident-r015,deepgram,flux-haley-en,long_incident,80.0,400.0,0.25,True,0,0.0,0.0
deepgram-long_incident-r015,deepgram,flux-haley-en,long_incident,80.0,400.0,0.5,True,0,0.0,0.0
deepgram-long_incident-r015,deepgram,flux-haley-en,long_incident,80.0,400.0,0.75,True,0,0.0,0.0
deepgram-long_incident-r015,deepgram,flux-haley-en,long_incident,80.0,800.0,0.25,True,0,0.0,0.0
deepgram-long_incident-r015,deepgram,flux-haley-en,long_incident,80.0,800.0,0.5,True,0,0.0,0.0
deepgram-long_incident-r015,deepgram,flux-haley-en,long_incident,80.0,800.0,0.75,True,0,0.0,0.0
deepgram-long_incident-r015,deepgram,flux-haley-en,long_incident,80.0,1200.0,0.25,True,0,0.0,0.0
deepgram-long_incident-r015,deepgram,flux-haley-en,long_incident,80.0,1200.0,0.5,True,0,0.0,0.0
deepgram-long_incident-r015,deepgram,flux-haley-en,long_incident,80.0,1200.0,0.75,True,0,0.0,0.0
deepgram-long_incident-r016,deepgram,flux-haley-en,long_incident,80.0,0.0,0.25,True,0,0.0,0.0
deepgram-long_incident-r016,deepgram,flux-haley-en,long_incident,80.0,0.0,0.5,True,0,0.0,0.0
deepgram-long_incident-r016,deepgram,flux-haley-en,long_incident,80.0,0.0,0.75,True,0,0.0,0.0
deepgram-long_incident-r016,deepgram,flux-haley-en,long_incident,80.0,50.0,0.25,True,0,0.0,0.0
deepgram-long_incident-r016,deepgram,flux-haley-en,long_incident,80.0,50.0,0.5,True,0,0.0,0.0
deepgram-long_incident-r016,deepgram,flux-haley-en,long_incident,80.0,50.0,0.75,True,0,0.0,0.0
deepgram-long_incident-r016,deepgram,flux-haley-en,long_incident,80.0,100.0,0.25,True,0,0.0,0.0
deepgram-long_incident-r016,deepgram,flux-haley-en,long_incident,80.0,100.0,0.5,True,0,0.0,0.0
deepgram-long_incident-r016,deepgram,flux-haley-en,long_incident,80.0,100.0,0.75,True,0,0.0,0.0
deepgram-long_incident-r016,deepgram,flux-haley-en,long_incident,80.0,200.0,0.25,True,0,0.0,0.0
deepgram-long_incident-r016,deepgram,flux-haley-en,long_incident,80.0,200.0,0.5,True,0,0.0,0.0
deepgram-long_incident-r016,deepgram,flux-haley-en,long_incident,80.0,200.0,0.75,True,0,0.0,0.0
deepgram-long_incident-r016,deepgram,flux-haley-en,long_incident,80.0,400.0,0.25,True,0,0.0,0.0
deepgram-long_incident-r016,deepgram,flux-haley-en,long_incident,80.0,400.0,0.5,True,0,0.0,0.0
deepgram-long_incident-r016,deepgram,flux-haley-en,long_incident,80.0,400.0,0.75,True,0,0.0,0.0
deepgram-long_incident-r016,deepgram,flux-haley-en,long_incident,80.0,800.0,0.25,True,0,0.0,0.0
deepgram-long_incident-r016,deepgram,flux-haley-en,long_incident,80.0,800.0,0.5,True,0,0.0,0.0
deepgram-long_incident-r016,deepgram,flux-haley-en,long_incident,80.0,800.0,0.75,True,0,0.0,0.0
deepgram-long_incident-r016,deepgram,flux-haley-en,long_incident,80.0,1200.0,0.25,True,0,0.0,0.0
deepgram-long_incident-r016,deepgram,flux-haley-en,long_incident,80.0,1200.0,0.5,True,0,0.0,0.0
deepgram-long_incident-r016,deepgram,flux-haley-en,long_incident,80.0,1200.0,0.75,True,0,0.0,0.0
deepgram-long_incident-r017,deepgram,flux-haley-en,long_incident,80.0,0.0,0.25,True,0,0.0,0.0
deepgram-long_incident-r017,deepgram,flux-haley-en,long_incident,80.0,0.0,0.5,True,0,0.0,0.0
deepgram-long_incident-r017,deepgram,flux-haley-en,long_incident,80.0,0.0,0.75,True,0,0.0,0.0
deepgram-long_incident-r017,deepgram,flux-haley-en,long_incident,80.0,50.0,0.25,True,0,0.0,0.0
deepgram-long_incident-r017,deepgram,flux-haley-en,long_incident,80.0,50.0,0.5,True,0,0.0,0.0
deepgram-long_incident-r017,deepgram,flux-haley-en,long_incident,80.0,50.0,0.75,True,0,0.0,0.0
deepgram-long_incident-r017,deepgram,flux-haley-en,long_incident,80.0,100.0,0.25,True,0,0.0,0.0
deepgram-long_incident-r017,deepgram,flux-haley-en,long_incident,80.0,100.0,0.5,True,0,0.0,0.0
deepgram-long_incident-r017,deepgram,flux-haley-en,long_incident,80.0,100.0,0.75,True,0,0.0,0.0
deepgram-long_incident-r017,deepgram,flux-haley-en,long_incident,80.0,200.0,0.25,True,0,0.0,0.0
deepgram-long_incident-r017,deepgram,flux-haley-en,long_incident,80.0,200.0,0.5,True,0,0.0,0.0
deepgram-long_incident-r017,deepgram,flux-haley-en,long_incident,80.0,200.0,0.75,True,0,0.0,0.0
deepgram-long_incident-r017,deepgram,flux-haley-en,long_incident,80.0,400.0,0.25,True,0,0.0,0.0
deepgram-long_incident-r017,deepgram,flux-haley-en,long_incident,80.0,400.0,0.5,True,0,0.0,0.0
deepgram-long_incident-r017,deepgram,flux-haley-en,long_incident,80.0,400.0,0.75,True,0,0.0,0.0
deepgram-long_incident-r017,deepgram,flux-haley-en,long_incident,80.0,800.0,0.25,True,0,0.0,0.0
deepgram-long_incident-r017,deepgram,flux-haley-en,long_incident,80.0,800.0,0.5,True,0,0.0,0.0
deepgram-long_incident-r017,deepgram,flux-haley-en,long_incident,80.0,800.0,0.75,True,0,0.0,0.0
deepgram-long_incident-r017,deepgram,flux-haley-en,long_incident,80.0,1200.0,0.25,True,0,0.0,0.0
deepgram-long_incident-r017,deepgram,flux-haley-en,long_incident,80.0,1200.0,0.5,True,0,0.0,0.0
deepgram-long_incident-r017,deepgram,flux-haley-en,long_incident,80.0,1200.0,0.75,True,0,0.0,0.0
deepgram-long_incident-r018,deepgram,flux-haley-en,long_incident,80.0,0.0,0.25,True,0,0.0,0.0
deepgram-long_incident-r018,deepgram,flux-haley-en,long_incident,80.0,0.0,0.5,True,0,0.0,0.0
deepgram-long_incident-r018,deepgram,flux-haley-en,long_incident,80.0,0.0,0.75,True,0,0.0,0.0
deepgram-long_incident-r018,deepgram,flux-haley-en,long_incident,80.0,50.0,0.25,True,0,0.0,0.0
deepgram-long_incident-r018,deepgram,flux-haley-en,long_incident,80.0,50.0,0.5,True,0,0.0,0.0
deepgram-long_incident-r018,deepgram,flux-haley-en,long_incident,80.0,50.0,0.75,True,0,0.0,0.0
deepgram-long_incident-r018,deepgram,flux-haley-en,long_incident,80.0,100.0,0.25,True,0,0.0,0.0
deepgram-long_incident-r018,deepgram,flux-haley-en,long_incident,80.0,100.0,0.5,True,0,0.0,0.0
deepgram-long_incident-r018,deepgram,flux-haley-en,long_incident,80.0,100.0,0.75,True,0,0.0,0.0
deepgram-long_incident-r018,deepgram,flux-haley-en,long_incident,80.0,200.0,0.25,True,0,0.0,0.0
deepgram-long_incident-r018,deepgram,flux-haley-en,long_incident,80.0,200.0,0.5,True,0,0.0,0.0
deepgram-long_incident-r018,deepgram,flux-haley-en,long_incident,80.0,200.0,0.75,True,0,0.0,0.0
deepgram-long_incident-r018,deepgram,flux-haley-en,long_incident,80.0,400.0,0.25,True,0,0.0,0.0
deepgram-long_incident-r018,deepgram,flux-haley-en,long_incident,80.0,400.0,0.5,True,0,0.0,0.0
deepgram-long_incident-r018,deepgram,flux-haley-en,long_incident,80.0,400.0,0.75,True,0,0.0,0.0
deepgram-long_incident-r018,deepgram,flux-haley-en,long_incident,80.0,800.0,0.25,True,0,0.0,0.0
deepgram-long_incident-r018,deepgram,flux-haley-en,long_incident,80.0,800.0,0.5,True,0,0.0,0.0
deepgram-long_incident-r018,deepgram,flux-haley-en,long_incident,80.0,800.0,0.75,True,0,0.0,0.0
deepgram-long_incident-r018,deepgram,flux-haley-en,long_incident,80.0,1200.0,0.25,True,0,0.0,0.0
deepgram-long_incident-r018,deepgram,flux-haley-en,long_incident,80.0,1200.0,0.5,True,0,0.0,0.0
deepgram-long_incident-r018,deepgram,flux-haley-en,long_incident,80.0,1200.0,0.75,True,0,0.0,0.0
deepgram-long_incident-r019,deepgram,flux-haley-en,long_incident,80.0,0.0,0.25,True,0,0.0,0.0
deepgram-long_incident-r019,deepgram,flux-haley-en,long_incident,80.0,0.0,0.5,True,0,0.0,0.0
deepgram-long_incident-r019,deepgram,flux-haley-en,long_incident,80.0,0.0,0.75,True,0,0.0,0.0
deepgram-long_incident-r019,deepgram,flux-haley-en,long_incident,80.0,50.0,0.25,True,0,0.0,0.0
deepgram-long_incident-r019,deepgram,flux-haley-en,long_incident,80.0,50.0,0.5,True,0,0.0,0.0
deepgram-long_incident-r019,deepgram,flux-haley-en,long_incident,80.0,50.0,0.75,True,0,0.0,0.0
deepgram-long_incident-r019,deepgram,flux-haley-en,long_incident,80.0,100.0,0.25,True,0,0.0,0.0
deepgram-long_incident-r019,deepgram,flux-haley-en,long_incident,80.0,100.0,0.5,True,0,0.0,0.0
deepgram-long_incident-r019,deepgram,flux-haley-en,long_incident,80.0,100.0,0.75,True,0,0.0,0.0
deepgram-long_incident-r019,deepgram,flux-haley-en,long_incident,80.0,200.0,0.25,True,0,0.0,0.0
deepgram-long_incident-r019,deepgram,flux-haley-en,long_incident,80.0,200.0,0.5,True,0,0.0,0.0
deepgram-long_incident-r019,deepgram,flux-haley-en,long_incident,80.0,200.0,0.75,True,0,0.0,0.0
deepgram-long_incident-r019,deepgram,flux-haley-en,long_incident,80.0,400.0,0.25,True,0,0.0,0.0
deepgram-long_incident-r019,deepgram,flux-haley-en,long_incident,80.0,400.0,0.5,True,0,0.0,0.0
deepgram-long_incident-r019,deepgram,flux-haley-en,long_incident,80.0,400.0,0.75,True,0,0.0,0.0
deepgram-long_incident-r019,deepgram,flux-haley-en,long_incident,80.0,800.0,0.25,True,0,0.0,0.0
deepgram-long_incident-r019,deepgram,flux-haley-en,long_incident,80.0,800.0,0.5,True,0,0.0,0.0
deepgram-long_incident-r019,deepgram,flux-haley-en,long_incident,80.0,800.0,0.75,True,0,0.0,0.0
deepgram-long_incident-r019,deepgram,flux-haley-en,long_incident,80.0,1200.0,0.25,True,0,0.0,0.0
deepgram-long_incident-r019,deepgram,flux-haley-en,long_incident,80.0,1200.0,0.5,True,0,0.0,0.0
deepgram-long_incident-r019,deepgram,flux-haley-en,long_incident,80.0,1200.0,0.75,True,0,0.0,0.0
deepgram-long_itinerary-r000,deepgram,flux-haley-en,long_itinerary,80.0,0.0,0.25,True,0,0.0,0.0
deepgram-long_itinerary-r000,deepgram,flux-haley-en,long_itinerary,80.0,0.0,0.5,True,0,0.0,0.0
deepgram-long_itinerary-r000,deepgram,flux-haley-en,long_itinerary,80.0,0.0,0.75,True,0,0.0,0.0
deepgram-long_itinerary-r000,deepgram,flux-haley-en,long_itinerary,80.0,50.0,0.25,True,0,0.0,0.0
deepgram-long_itinerary-r000,deepgram,flux-haley-en,long_itinerary,80.0,50.0,0.5,True,0,0.0,0.0
deepgram-long_itinerary-r000,deepgram,flux-haley-en,long_itinerary,80.0,50.0,0.75,True,0,0.0,0.0
deepgram-long_itinerary-r000,deepgram,flux-haley-en,long_itinerary,80.0,100.0,0.25,True,0,0.0,0.0
deepgram-long_itinerary-r000,deepgram,flux-haley-en,long_itinerary,80.0,100.0,0.5,True,0,0.0,0.0
deepgram-long_itinerary-r000,deepgram,flux-haley-en,long_itinerary,80.0,100.0,0.75,True,0,0.0,0.0
deepgram-long_itinerary-r000,deepgram,flux-haley-en,long_itinerary,80.0,200.0,0.25,True,0,0.0,0.0
deepgram-long_itinerary-r000,deepgram,flux-haley-en,long_itinerary,80.0,200.0,0.5,True,0,0.0,0.0
deepgram-long_itinerary-r000,deepgram,flux-haley-en,long_itinerary,80.0,200.0,0.75,True,0,0.0,0.0
deepgram-long_itinerary-r000,deepgram,flux-haley-en,long_itinerary,80.0,400.0,0.25,True,0,0.0,0.0
deepgram-long_itinerary-r000,deepgram,flux-haley-en,long_itinerary,80.0,400.0,0.5,True,0,0.0,0.0
deepgram-long_itinerary-r000,deepgram,flux-haley-en,long_itinerary,80.0,400.0,0.75,True,0,0.0,0.0
deepgram-long_itinerary-r000,deepgram,flux-haley-en,long_itinerary,80.0,800.0,0.25,True,0,0.0,0.0
deepgram-long_itinerary-r000,deepgram,flux-haley-en,long_itinerary,80.0,800.0,0.5,True,0,0.0,0.0
deepgram-long_itinerary-r000,deepgram,flux-haley-en,long_itinerary,80.0,800.0,0.75,True,0,0.0,0.0
deepgram-long_itinerary-r000,deepgram,flux-haley-en,long_itinerary,80.0,1200.0,0.25,True,0,0.0,0.0
deepgram-long_itinerary-r000,deepgram,flux-haley-en,long_itinerary,80.0,1200.0,0.5,True,0,0.0,0.0
deepgram-long_itinerary-r000,deepgram,flux-haley-en,long_itinerary,80.0,1200.0,0.75,True,0,0.0,0.0
deepgram-long_itinerary-r001,deepgram,flux-haley-en,long_itinerary,80.0,0.0,0.25,True,0,0.0,0.0
deepgram-long_itinerary-r001,deepgram,flux-haley-en,long_itinerary,80.0,0.0,0.5,True,0,0.0,0.0
deepgram-long_itinerary-r001,deepgram,flux-haley-en,long_itinerary,80.0,0.0,0.75,True,0,0.0,0.0
deepgram-long_itinerary-r001,deepgram,flux-haley-en,long_itinerary,80.0,50.0,0.25,True,0,0.0,0.0
deepgram-long_itinerary-r001,deepgram,flux-haley-en,long_itinerary,80.0,50.0,0.5,True,0,0.0,0.0
deepgram-long_itinerary-r001,deepgram,flux-haley-en,long_itinerary,80.0,50.0,0.75,True,0,0.0,0.0
deepgram-long_itinerary-r001,deepgram,flux-haley-en,long_itinerary,80.0,100.0,0.25,True,0,0.0,0.0
deepgram-long_itinerary-r001,deepgram,flux-haley-en,long_itinerary,80.0,100.0,0.5,True,0,0.0,0.0
deepgram-long_itinerary-r001,deepgram,flux-haley-en,long_itinerary,80.0,100.0,0.75,True,0,0.0,0.0
deepgram-long_itinerary-r001,deepgram,flux-haley-en,long_itinerary,80.0,200.0,0.25,True,0,0.0,0.0
deepgram-long_itinerary-r001,deepgram,flux-haley-en,long_itinerary,80.0,200.0,0.5,True,0,0.0,0.0
deepgram-long_itinerary-r001,deepgram,flux-haley-en,long_itinerary,80.0,200.0,0.75,True,0,0.0,0.0
deepgram-long_itinerary-r001,deepgram,flux-haley-en,long_itinerary,80.0,400.0,0.25,True,0,0.0,0.0
deepgram-long_itinerary-r001,deepgram,flux-haley-en,long_itinerary,80.0,400.0,0.5,True,0,0.0,0.0
deepgram-long_itinerary-r001,deepgram,flux-haley-en,long_itinerary,80.0,400.0,0.75,True,0,0.0,0.0
deepgram-long_itinerary-r001,deepgram,flux-haley-en,long_itinerary,80.0,800.0,0.25,True,0,0.0,0.0
deepgram-long_itinerary-r001,deepgram,flux-haley-en,long_itinerary,80.0,800.0,0.5,True,0,0.0,0.0
deepgram-long_itinerary-r001,deepgram,flux-haley-en,long_itinerary,80.0,800.0,0.75,True,0,0.0,0.0
deepgram-long_itinerary-r001,deepgram,flux-haley-en,long_itinerary,80.0,1200.0,0.25,True,0,0.0,0.0
deepgram-long_itinerary-r001,deepgram,flux-haley-en,long_itinerary,80.0,1200.0,0.5,True,0,0.0,0.0
deepgram-long_itinerary-r001,deepgram,flux-haley-en,long_itinerary,80.0,1200.0,0.75,True,0,0.0,0.0
deepgram-long_itinerary-r002,deepgram,flux-haley-en,long_itinerary,80.0,0.0,0.25,True,0,0.0,0.0
deepgram-long_itinerary-r002,deepgram,flux-haley-en,long_itinerary,80.0,0.0,0.5,True,0,0.0,0.0
deepgram-long_itinerary-r002,deepgram,flux-haley-en,long_itinerary,80.0,0.0,0.75,True,0,0.0,0.0
deepgram-long_itinerary-r002,deepgram,flux-haley-en,long_itinerary,80.0,50.0,0.25,True,0,0.0,0.0
deepgram-long_itinerary-r002,deepgram,flux-haley-en,long_itinerary,80.0,50.0,0.5,True,0,0.0,0.0
deepgram-long_itinerary-r002,deepgram,flux-haley-en,long_itinerary,80.0,50.0,0.75,True,0,0.0,0.0
deepgram-long_itinerary-r002,deepgram,flux-haley-en,long_itinerary,80.0,100.0,0.25,True,0,0.0,0.0
deepgram-long_itinerary-r002,deepgram,flux-haley-en,long_itinerary,80.0,100.0,0.5,True,0,0.0,0.0
deepgram-long_itinerary-r002,deepgram,flux-haley-en,long_itinerary,80.0,100.0,0.75,True,0,0.0,0.0
deepgram-long_itinerary-r002,deepgram,flux-haley-en,long_itinerary,80.0,200.0,0.25,True,0,0.0,0.0
deepgram-long_itinerary-r002,deepgram,flux-haley-en,long_itinerary,80.0,200.0,0.5,True,0,0.0,0.0
deepgram-long_itinerary-r002,deepgram,flux-haley-en,long_itinerary,80.0,200.0,0.75,True,0,0.0,0.0
deepgram-long_itinerary-r002,deepgram,flux-haley-en,long_itinerary,80.0,400.0,0.25,True,0,0.0,0.0
deepgram-long_itinerary-r002,deepgram,flux-haley-en,long_itinerary,80.0,400.0,0.5,True,0,0.0,0.0
deepgram-long_itinerary-r002,deepgram,flux-haley-en,long_itinerary,80.0,400.0,0.75,True,0,0.0,0.0
deepgram-long_itinerary-r002,deepgram,flux-haley-en,long_itinerary,80.0,800.0,0.25,True,0,0.0,0.0
deepgram-long_itinerary-r002,deepgram,flux-haley-en,long_itinerary,80.0,800.0,0.5,True,0,0.0,0.0
deepgram-long_itinerary-r002,deepgram,flux-haley-en,long_itinerary,80.0,800.0,0.75,True,0,0.0,0.0
deepgram-long_itinerary-r002,deepgram,flux-haley-en,long_itinerary,80.0,1200.0,0.25,True,0,0.0,0.0
deepgram-long_itinerary-r002,deepgram,flux-haley-en,long_itinerary,80.0,1200.0,0.5,True,0,0.0,0.0
deepgram-long_itinerary-r002,deepgram,flux-haley-en,long_itinerary,80.0,1200.0,0.75,True,0,0.0,0.0
deepgram-long_itinerary-r003,deepgram,flux-haley-en,long_itinerary,80.0,0.0,0.25,True,0,0.0,0.0
deepgram-long_itinerary-r003,deepgram,flux-haley-en,long_itinerary,80.0,0.0,0.5,True,0,0.0,0.0
deepgram-long_itinerary-r003,deepgram,flux-haley-en,long_itinerary,80.0,0.0,0.75,True,0,0.0,0.0
deepgram-long_itinerary-r003,deepgram,flux-haley-en,long_itinerary,80.0,50.0,0.25,True,0,0.0,0.0
deepgram-long_itinerary-r003,deepgram,flux-haley-en,long_itinerary,80.0,50.0,0.5,True,0,0.0,0.0
deepgram-long_itinerary-r003,deepgram,flux-haley-en,long_itinerary,80.0,50.0,0.75,True,0,0.0,0.0
deepgram-long_itinerary-r003,deepgram,flux-haley-en,long_itinerary,80.0,100.0,0.25,True,0,0.0,0.0
deepgram-long_itinerary-r003,deepgram,flux-haley-en,long_itinerary,80.0,100.0,0.5,True,0,0.0,0.0
deepgram-long_itinerary-r003,deepgram,flux-haley-en,long_itinerary,80.0,100.0,0.75,True,0,0.0,0.0
deepgram-long_itinerary-r003,deepgram,flux-haley-en,long_itinerary,80.0,200.0,0.25,True,0,0.0,0.0
deepgram-long_itinerary-r003,deepgram,flux-haley-en,long_itinerary,80.0,200.0,0.5,True,0,0.0,0.0
deepgram-long_itinerary-r003,deepgram,flux-haley-en,long_itinerary,80.0,200.0,0.75,True,0,0.0,0.0
deepgram-long_itinerary-r003,deepgram,flux-haley-en,long_itinerary,80.0,400.0,0.25,True,0,0.0,0.0
deepgram-long_itinerary-r003,deepgram,flux-haley-en,long_itinerary,80.0,400.0,0.5,True,0,0.0,0.0
deepgram-long_itinerary-r003,deepgram,flux-haley-en,long_itinerary,80.0,400.0,0.75,True,0,0.0,0.0
deepgram-long_itinerary-r003,deepgram,flux-haley-en,long_itinerary,80.0,800.0,0.25,True,0,0.0,0.0
deepgram-long_itinerary-r003,deepgram,flux-haley-en,long_itinerary,80.0,800.0,0.5,True,0,0.0,0.0
deepgram-long_itinerary-r003,deepgram,flux-haley-en,long_itinerary,80.0,800.0,0.75,True,0,0.0,0.0
deepgram-long_itinerary-r003,deepgram,flux-haley-en,long_itinerary,80.0,1200.0,0.25,True,0,0.0,0.0
deepgram-long_itinerary-r003,deepgram,flux-haley-en,long_itinerary,80.0,1200.0,0.5,True,0,0.0,0.0
deepgram-long_itinerary-r003,deepgram,flux-haley-en,long_itinerary,80.0,1200.0,0.75,True,0,0.0,0.0
deepgram-long_itinerary-r004,deepgram,flux-haley-en,long_itinerary,80.0,0.0,0.25,True,0,0.0,0.0
deepgram-long_itinerary-r004,deepgram,flux-haley-en,long_itinerary,80.0,0.0,0.5,True,0,0.0,0.0
deepgram-long_itinerary-r004,deepgram,flux-haley-en,long_itinerary,80.0,0.0,0.75,True,0,0.0,0.0
deepgram-long_itinerary-r004,deepgram,flux-haley-en,long_itinerary,80.0,50.0,0.25,True,0,0.0,0.0
deepgram-long_itinerary-r004,deepgram,flux-haley-en,long_itinerary,80.0,50.0,0.5,True,0,0.0,0.0
deepgram-long_itinerary-r004,deepgram,flux-haley-en,long_itinerary,80.0,50.0,0.75,True,0,0.0,0.0
deepgram-long_itinerary-r004,deepgram,flux-haley-en,long_itinerary,80.0,100.0,0.25,True,0,0.0,0.0
deepgram-long_itinerary-r004,deepgram,flux-haley-en,long_itinerary,80.0,100.0,0.5,True,0,0.0,0.0
deepgram-long_itinerary-r004,deepgram,flux-haley-en,long_itinerary,80.0,100.0,0.75,True,0,0.0,0.0
deepgram-long_itinerary-r004,deepgram,flux-haley-en,long_itinerary,80.0,200.0,0.25,True,0,0.0,0.0
deepgram-long_itinerary-r004,deepgram,flux-haley-en,long_itinerary,80.0,200.0,0.5,True,0,0.0,0.0
deepgram-long_itinerary-r004,deepgram,flux-haley-en,long_itinerary,80.0,200.0,0.75,True,0,0.0,0.0
deepgram-long_itinerary-r004,deepgram,flux-haley-en,long_itinerary,80.0,400.0,0.25,True,0,0.0,0.0
deepgram-long_itinerary-r004,deepgram,flux-haley-en,long_itinerary,80.0,400.0,0.5,True,0,0.0,0.0
deepgram-long_itinerary-r004,deepgram,flux-haley-en,long_itinerary,80.0,400.0,0.75,True,0,0.0,0.0
deepgram-long_itinerary-r004,deepgram,flux-haley-en,long_itinerary,80.0,800.0,0.25,True,0,0.0,0.0
deepgram-long_itinerary-r004,deepgram,flux-haley-en,long_itinerary,80.0,800.0,0.5,True,0,0.0,0.0
deepgram-long_itinerary-r004,deepgram,flux-haley-en,long_itinerary,80.0,800.0,0.75,True,0,0.0,0.0
deepgram-long_itinerary-r004,deepgram,flux-haley-en,long_itinerary,80.0,1200.0,0.25,True,0,0.0,0.0
deepgram-long_itinerary-r004,deepgram,flux-haley-en,long_itinerary,80.0,1200.0,0.5,True,0,0.0,0.0
deepgram-long_itinerary-r004,deepgram,flux-haley-en,long_itinerary,80.0,1200.0,0.75,True,0,0.0,0.0
deepgram-long_itinerary-r005,deepgram,flux-haley-en,long_itinerary,80.0,0.0,0.25,True,0,0.0,0.0
deepgram-long_itinerary-r005,deepgram,flux-haley-en,long_itinerary,80.0,0.0,0.5,True,0,0.0,0.0
deepgram-long_itinerary-r005,deepgram,flux-haley-en,long_itinerary,80.0,0.0,0.75,True,0,0.0,0.0
deepgram-long_itinerary-r005,deepgram,flux-haley-en,long_itinerary,80.0,50.0,0.25,True,0,0.0,0.0
deepgram-long_itinerary-r005,deepgram,flux-haley-en,long_itinerary,80.0,50.0,0.5,True,0,0.0,0.0
deepgram-long_itinerary-r005,deepgram,flux-haley-en,long_itinerary,80.0,50.0,0.75,True,0,0.0,0.0
deepgram-long_itinerary-r005,deepgram,flux-haley-en,long_itinerary,80.0,100.0,0.25,True,0,0.0,0.0
deepgram-long_itinerary-r005,deepgram,flux-haley-en,long_itinerary,80.0,100.0,0.5,True,0,0.0,0.0
deepgram-long_itinerary-r005,deepgram,flux-haley-en,long_itinerary,80.0,100.0,0.75,True,0,0.0,0.0
deepgram-long_itinerary-r005,deepgram,flux-haley-en,long_itinerary,80.0,200.0,0.25,True,0,0.0,0.0
deepgram-long_itinerary-r005,deepgram,flux-haley-en,long_itinerary,80.0,200.0,0.5,True,0,0.0,0.0
deepgram-long_itinerary-r005,deepgram,flux-haley-en,long_itinerary,80.0,200.0,0.75,True,0,0.0,0.0
deepgram-long_itinerary-r005,deepgram,flux-haley-en,long_itinerary,80.0,400.0,0.25,True,0,0.0,0.0
deepgram-long_itinerary-r005,deepgram,flux-haley-en,long_itinerary,80.0,400.0,0.5,True,0,0.0,0.0
deepgram-long_itinerary-r005,deepgram,flux-haley-en,long_itinerary,80.0,400.0,0.75,True,0,0.0,0.0
deepgram-long_itinerary-r005,deepgram,flux-haley-en,long_itinerary,80.0,800.0,0.25,True,0,0.0,0.0
deepgram-long_itinerary-r005,deepgram,flux-haley-en,long_itinerary,80.0,800.0,0.5,True,0,0.0,0.0
deepgram-long_itinerary-r005,deepgram,flux-haley-en,long_itinerary,80.0,800.0,0.75,True,0,0.0,0.0
deepgram-long_itinerary-r005,deepgram,flux-haley-en,long_itinerary,80.0,1200.0,0.25,True,0,0.0,0.0
deepgram-long_itinerary-r005,deepgram,flux-haley-en,long_itinerary,80.0,1200.0,0.5,True,0,0.0,0.0
deepgram-long_itinerary-r005,deepgram,flux-haley-en,long_itinerary,80.0,1200.0,0.75,True,0,0.0,0.0
deepgram-long_itinerary-r006,deepgram,flux-haley-en,long_itinerary,80.0,0.0,0.25,True,0,0.0,0.0
deepgram-long_itinerary-r006,deepgram,flux-haley-en,long_itinerary,80.0,0.0,0.5,True,0,0.0,0.0
deepgram-long_itinerary-r006,deepgram,flux-haley-en,long_itinerary,80.0,0.0,0.75,True,0,0.0,0.0
deepgram-long_itinerary-r006,deepgram,flux-haley-en,long_itinerary,80.0,50.0,0.25,True,0,0.0,0.0
deepgram-long_itinerary-r006,deepgram,flux-haley-en,long_itinerary,80.0,50.0,0.5,True,0,0.0,0.0
deepgram-long_itinerary-r006,deepgram,flux-haley-en,long_itinerary,80.0,50.0,0.75,True,0,0.0,0.0
deepgram-long_itinerary-r006,deepgram,flux-haley-en,long_itinerary,80.0,100.0,0.25,True,0,0.0,0.0
deepgram-long_itinerary-r006,deepgram,flux-haley-en,long_itinerary,80.0,100.0,0.5,True,0,0.0,0.0
deepgram-long_itinerary-r006,deepgram,flux-haley-en,long_itinerary,80.0,100.0,0.75,True,0,0.0,0.0
deepgram-long_itinerary-r006,deepgram,flux-haley-en,long_itinerary,80.0,200.0,0.25,True,0,0.0,0.0
deepgram-long_itinerary-r006,deepgram,flux-haley-en,long_itinerary,80.0,200.0,0.5,True,0,0.0,0.0
deepgram-long_itinerary-r006,deepgram,flux-haley-en,long_itinerary,80.0,200.0,0.75,True,0,0.0,0.0
deepgram-long_itinerary-r006,deepgram,flux-haley-en,long_itinerary,80.0,400.0,0.25,True,0,0.0,0.0
deepgram-long_itinerary-r006,deepgram,flux-haley-en,long_itinerary,80.0,400.0,0.5,True,0,0.0,0.0
deepgram-long_itinerary-r006,deepgram,flux-haley-en,long_itinerary,80.0,400.0,0.75,True,0,0.0,0.0
deepgram-long_itinerary-r006,deepgram,flux-haley-en,long_itinerary,80.0,800.0,0.25,True,0,0.0,0.0
deepgram-long_itinerary-r006,deepgram,flux-haley-en,long_itinerary,80.0,800.0,0.5,True,0,0.0,0.0
deepgram-long_itinerary-r006,deepgram,flux-haley-en,long_itinerary,80.0,800.0,0.75,True,0,0.0,0.0
deepgram-long_itinerary-r006,deepgram,flux-haley-en,long_itinerary,80.0,1200.0,0.25,True,0,0.0,0.0
deepgram-long_itinerary-r006,deepgram,flux-haley-en,long_itinerary,80.0,1200.0,0.5,True,0,0.0,0.0
deepgram-long_itinerary-r006,deepgram,flux-haley-en,long_itinerary,80.0,1200.0,0.75,True,0,0.0,0.0
deepgram-long_itinerary-r007,deepgram,flux-haley-en,long_itinerary,80.0,0.0,0.25,True,0,0.0,0.0
deepgram-long_itinerary-r007,deepgram,flux-haley-en,long_itinerary,80.0,0.0,0.5,True,0,0.0,0.0
deepgram-long_itinerary-r007,deepgram,flux-haley-en,long_itinerary,80.0,0.0,0.75,True,0,0.0,0.0
deepgram-long_itinerary-r007,deepgram,flux-haley-en,long_itinerary,80.0,50.0,0.25,True,0,0.0,0.0
deepgram-long_itinerary-r007,deepgram,flux-haley-en,long_itinerary,80.0,50.0,0.5,True,0,0.0,0.0
deepgram-long_itinerary-r007,deepgram,flux-haley-en,long_itinerary,80.0,50.0,0.75,True,0,0.0,0.0
deepgram-long_itinerary-r007,deepgram,flux-haley-en,long_itinerary,80.0,100.0,0.25,True,0,0.0,0.0
deepgram-long_itinerary-r007,deepgram,flux-haley-en,long_itinerary,80.0,100.0,0.5,True,0,0.0,0.0
deepgram-long_itinerary-r007,deepgram,flux-haley-en,long_itinerary,80.0,100.0,0.75,True,0,0.0,0.0
deepgram-long_itinerary-r007,deepgram,flux-haley-en,long_itinerary,80.0,200.0,0.25,True,0,0.0,0.0
deepgram-long_itinerary-r007,deepgram,flux-haley-en,long_itinerary,80.0,200.0,0.5,True,0,0.0,0.0
deepgram-long_itinerary-r007,deepgram,flux-haley-en,long_itinerary,80.0,200.0,0.75,True,0,0.0,0.0
deepgram-long_itinerary-r007,deepgram,flux-haley-en,long_itinerary,80.0,400.0,0.25,True,0,0.0,0.0
deepgram-long_itinerary-r007,deepgram,flux-haley-en,long_itinerary,80.0,400.0,0.5,True,0,0.0,0.0
deepgram-long_itinerary-r007,deepgram,flux-haley-en,long_itinerary,80.0,400.0,0.75,True,0,0.0,0.0
deepgram-long_itinerary-r007,deepgram,flux-haley-en,long_itinerary,80.0,800.0,0.25,True,0,0.0,0.0
deepgram-long_itinerary-r007,deepgram,flux-haley-en,long_itinerary,80.0,800.0,0.5,True,0,0.0,0.0
deepgram-long_itinerary-r007,deepgram,flux-haley-en,long_itinerary,80.0,800.0,0.75,True,0,0.0,0.0
deepgram-long_itinerary-r007,deepgram,flux-haley-en,long_itinerary,80.0,1200.0,0.25,True,0,0.0,0.0
deepgram-long_itinerary-r007,deepgram,flux-haley-en,long_itinerary,80.0,1200.0,0.5,True,0,0.0,0.0
deepgram-long_itinerary-r007,deepgram,flux-haley-en,long_itinerary,80.0,1200.0,0.75,True,0,0.0,0.0
deepgram-long_itinerary-r008,deepgram,flux-haley-en,long_itinerary,80.0,0.0,0.25,True,0,0.0,0.0
deepgram-long_itinerary-r008,deepgram,flux-haley-en,long_itinerary,80.0,0.0,0.5,True,0,0.0,0.0
deepgram-long_itinerary-r008,deepgram,flux-haley-en,long_itinerary,80.0,0.0,0.75,True,0,0.0,0.0
deepgram-long_itinerary-r008,deepgram,flux-haley-en,long_itinerary,80.0,50.0,0.25,True,0,0.0,0.0
deepgram-long_itinerary-r008,deepgram,flux-haley-en,long_itinerary,80.0,50.0,0.5,True,0,0.0,0.0
deepgram-long_itinerary-r008,deepgram,flux-haley-en,long_itinerary,80.0,50.0,0.75,True,0,0.0,0.0
deepgram-long_itinerary-r008,deepgram,flux-haley-en,long_itinerary,80.0,100.0,0.25,True,0,0.0,0.0
deepgram-long_itinerary-r008,deepgram,flux-haley-en,long_itinerary,80.0,100.0,0.5,True,0,0.0,0.0
deepgram-long_itinerary-r008,deepgram,flux-haley-en,long_itinerary,80.0,100.0,0.75,True,0,0.0,0.0
deepgram-long_itinerary-r008,deepgram,flux-haley-en,long_itinerary,80.0,200.0,0.25,True,0,0.0,0.0
deepgram-long_itinerary-r008,deepgram,flux-haley-en,long_itinerary,80.0,200.0,0.5,True,0,0.0,0.0
deepgram-long_itinerary-r008,deepgram,flux-haley-en,long_itinerary,80.0,200.0,0.75,True,0,0.0,0.0
deepgram-long_itinerary-r008,deepgram,flux-haley-en,long_itinerary,80.0,400.0,0.25,True,0,0.0,0.0
deepgram-long_itinerary-r008,deepgram,flux-haley-en,long_itinerary,80.0,400.0,0.5,True,0,0.0,0.0
deepgram-long_itinerary-r008,deepgram,flux-haley-en,long_itinerary,80.0,400.0,0.75,True,0,0.0,0.0
deepgram-long_itinerary-r008,deepgram,flux-haley-en,long_itinerary,80.0,800.0,0.25,True,0,0.0,0.0
deepgram-long_itinerary-r008,deepgram,flux-haley-en,long_itinerary,80.0,800.0,0.5,True,0,0.0,0.0
deepgram-long_itinerary-r008,deepgram,flux-haley-en,long_itinerary,80.0,800.0,0.75,True,0,0.0,0.0
deepgram-long_itinerary-r008,deepgram,flux-haley-en,long_itinerary,80.0,1200.0,0.25,True,0,0.0,0.0
deepgram-long_itinerary-r008,deepgram,flux-haley-en,long_itinerary,80.0,1200.0,0.5,True,0,0.0,0.0
deepgram-long_itinerary-r008,deepgram,flux-haley-en,long_itinerary,80.0,1200.0,0.75,True,0,0.0,0.0
deepgram-long_itinerary-r009,deepgram,flux-haley-en,long_itinerary,80.0,0.0,0.25,True,0,0.0,0.0
deepgram-long_itinerary-r009,deepgram,flux-haley-en,long_itinerary,80.0,0.0,0.5,True,0,0.0,0.0
deepgram-long_itinerary-r009,deepgram,flux-haley-en,long_itinerary,80.0,0.0,0.75,True,0,0.0,0.0
deepgram-long_itinerary-r009,deepgram,flux-haley-en,long_itinerary,80.0,50.0,0.25,True,0,0.0,0.0
deepgram-long_itinerary-r009,deepgram,flux-haley-en,long_itinerary,80.0,50.0,0.5,True,0,0.0,0.0
deepgram-long_itinerary-r009,deepgram,flux-haley-en,long_itinerary,80.0,50.0,0.75,True,0,0.0,0.0
deepgram-long_itinerary-r009,deepgram,flux-haley-en,long_itinerary,80.0,100.0,0.25,True,0,0.0,0.0
deepgram-long_itinerary-r009,deepgram,flux-haley-en,long_itinerary,80.0,100.0,0.5,True,0,0.0,0.0
deepgram-long_itinerary-r009,deepgram,flux-haley-en,long_itinerary,80.0,100.0,0.75,True,0,0.0,0.0
deepgram-long_itinerary-r009,deepgram,flux-haley-en,long_itinerary,80.0,200.0,0.25,True,0,0.0,0.0
deepgram-long_itinerary-r009,deepgram,flux-haley-en,long_itinerary,80.0,200.0,0.5,True,0,0.0,0.0
deepgram-long_itinerary-r009,deepgram,flux-haley-en,long_itinerary,80.0,200.0,0.75,True,0,0.0,0.0
deepgram-long_itinerary-r009,deepgram,flux-haley-en,long_itinerary,80.0,400.0,0.25,True,0,0.0,0.0
deepgram-long_itinerary-r009,deepgram,flux-haley-en,long_itinerary,80.0,400.0,0.5,True,0,0.0,0.0
deepgram-long_itinerary-r009,deepgram,flux-haley-en,long_itinerary,80.0,400.0,0.75,True,0,0.0,0.0
deepgram-long_itinerary-r009,deepgram,flux-haley-en,long_itinerary,80.0,800.0,0.25,True,0,0.0,0.0
deepgram-long_itinerary-r009,deepgram,flux-haley-en,long_itinerary,80.0,800.0,0.5,True,0,0.0,0.0
deepgram-long_itinerary-r009,deepgram,flux-haley-en,long_itinerary,80.0,800.0,0.75,True,0,0.0,0.0
deepgram-long_itinerary-r009,deepgram,flux-haley-en,long_itinerary,80.0,1200.0,0.25,True,0,0.0,0.0
deepgram-long_itinerary-r009,deepgram,flux-haley-en,long_itinerary,80.0,1200.0,0.5,True,0,0.0,0.0
deepgram-long_itinerary-r009,deepgram,flux-haley-en,long_itinerary,80.0,1200.0,0.75,True,0,0.0,0.0
deepgram-long_itinerary-r010,deepgram,flux-haley-en,long_itinerary,80.0,0.0,0.25,True,0,0.0,0.0
deepgram-long_itinerary-r010,deepgram,flux-haley-en,long_itinerary,80.0,0.0,0.5,True,0,0.0,0.0
deepgram-long_itinerary-r010,deepgram,flux-haley-en,long_itinerary,80.0,0.0,0.75,True,0,0.0,0.0
deepgram-long_itinerary-r010,deepgram,flux-haley-en,long_itinerary,80.0,50.0,0.25,True,0,0.0,0.0
deepgram-long_itinerary-r010,deepgram,flux-haley-en,long_itinerary,80.0,50.0,0.5,True,0,0.0,0.0
deepgram-long_itinerary-r010,deepgram,flux-haley-en,long_itinerary,80.0,50.0,0.75,True,0,0.0,0.0
deepgram-long_itinerary-r010,deepgram,flux-haley-en,long_itinerary,80.0,100.0,0.25,True,0,0.0,0.0
deepgram-long_itinerary-r010,deepgram,flux-haley-en,long_itinerary,80.0,100.0,0.5,True,0,0.0,0.0
deepgram-long_itinerary-r010,deepgram,flux-haley-en,long_itinerary,80.0,100.0,0.75,True,0,0.0,0.0
deepgram-long_itinerary-r010,deepgram,flux-haley-en,long_itinerary,80.0,200.0,0.25,True,0,0.0,0.0
deepgram-long_itinerary-r010,deepgram,flux-haley-en,long_itinerary,80.0,200.0,0.5,True,0,0.0,0.0
deepgram-long_itinerary-r010,deepgram,flux-haley-en,long_itinerary,80.0,200.0,0.75,True,0,0.0,0.0
deepgram-long_itinerary-r010,deepgram,flux-haley-en,long_itinerary,80.0,400.0,0.25,True,0,0.0,0.0
deepgram-long_itinerary-r010,deepgram,flux-haley-en,long_itinerary,80.0,400.0,0.5,True,0,0.0,0.0
deepgram-long_itinerary-r010,deepgram,flux-haley-en,long_itinerary,80.0,400.0,0.75,True,0,0.0,0.0
deepgram-long_itinerary-r010,deepgram,flux-haley-en,long_itinerary,80.0,800.0,0.25,True,0,0.0,0.0
deepgram-long_itinerary-r010,deepgram,flux-haley-en,long_itinerary,80.0,800.0,0.5,True,0,0.0,0.0
deepgram-long_itinerary-r010,deepgram,flux-haley-en,long_itinerary,80.0,800.0,0.75,True,0,0.0,0.0
deepgram-long_itinerary-r010,deepgram,flux-haley-en,long_itinerary,80.0,1200.0,0.25,True,0,0.0,0.0
deepgram-long_itinerary-r010,deepgram,flux-haley-en,long_itinerary,80.0,1200.0,0.5,True,0,0.0,0.0
deepgram-long_itinerary-r010,deepgram,flux-haley-en,long_itinerary,80.0,1200.0,0.75,True,0,0.0,0.0
deepgram-long_itinerary-r011,deepgram,flux-haley-en,long_itinerary,80.0,0.0,0.25,True,0,0.0,0.0
deepgram-long_itinerary-r011,deepgram,flux-haley-en,long_itinerary,80.0,0.0,0.5,True,0,0.0,0.0
deepgram-long_itinerary-r011,deepgram,flux-haley-en,long_itinerary,80.0,0.0,0.75,True,0,0.0,0.0
deepgram-long_itinerary-r011,deepgram,flux-haley-en,long_itinerary,80.0,50.0,0.25,True,0,0.0,0.0
deepgram-long_itinerary-r011,deepgram,flux-haley-en,long_itinerary,80.0,50.0,0.5,True,0,0.0,0.0
deepgram-long_itinerary-r011,deepgram,flux-haley-en,long_itinerary,80.0,50.0,0.75,True,0,0.0,0.0
deepgram-long_itinerary-r011,deepgram,flux-haley-en,long_itinerary,80.0,100.0,0.25,True,0,0.0,0.0
deepgram-long_itinerary-r011,deepgram,flux-haley-en,long_itinerary,80.0,100.0,0.5,True,0,0.0,0.0
deepgram-long_itinerary-r011,deepgram,flux-haley-en,long_itinerary,80.0,100.0,0.75,True,0,0.0,0.0
deepgram-long_itinerary-r011,deepgram,flux-haley-en,long_itinerary,80.0,200.0,0.25,True,0,0.0,0.0
deepgram-long_itinerary-r011,deepgram,flux-haley-en,long_itinerary,80.0,200.0,0.5,True,0,0.0,0.0
deepgram-long_itinerary-r011,deepgram,flux-haley-en,long_itinerary,80.0,200.0,0.75,True,0,0.0,0.0
deepgram-long_itinerary-r011,deepgram,flux-haley-en,long_itinerary,80.0,400.0,0.25,True,0,0.0,0.0
deepgram-long_itinerary-r011,deepgram,flux-haley-en,long_itinerary,80.0,400.0,0.5,True,0,0.0,0.0
deepgram-long_itinerary-r011,deepgram,flux-haley-en,long_itinerary,80.0,400.0,0.75,True,0,0.0,0.0
deepgram-long_itinerary-r011,deepgram,flux-haley-en,long_itinerary,80.0,800.0,0.25,True,0,0.0,0.0
deepgram-long_itinerary-r011,deepgram,flux-haley-en,long_itinerary,80.0,800.0,0.5,True,0,0.0,0.0
deepgram-long_itinerary-r011,deepgram,flux-haley-en,long_itinerary,80.0,800.0,0.75,True,0,0.0,0.0
deepgram-long_itinerary-r011,deepgram,flux-haley-en,long_itinerary,80.0,1200.0,0.25,True,0,0.0,0.0
deepgram-long_itinerary-r011,deepgram,flux-haley-en,long_itinerary,80.0,1200.0,0.5,True,0,0.0,0.0
deepgram-long_itinerary-r011,deepgram,flux-haley-en,long_itinerary,80.0,1200.0,0.75,True,0,0.0,0.0
deepgram-long_itinerary-r012,deepgram,flux-haley-en,long_itinerary,80.0,0.0,0.25,True,0,0.0,0.0
deepgram-long_itinerary-r012,deepgram,flux-haley-en,long_itinerary,80.0,0.0,0.5,True,0,0.0,0.0
deepgram-long_itinerary-r012,deepgram,flux-haley-en,long_itinerary,80.0,0.0,0.75,True,0,0.0,0.0
deepgram-long_itinerary-r012,deepgram,flux-haley-en,long_itinerary,80.0,50.0,0.25,True,0,0.0,0.0
deepgram-long_itinerary-r012,deepgram,flux-haley-en,long_itinerary,80.0,50.0,0.5,True,0,0.0,0.0
deepgram-long_itinerary-r012,deepgram,flux-haley-en,long_itinerary,80.0,50.0,0.75,True,0,0.0,0.0
deepgram-long_itinerary-r012,deepgram,flux-haley-en,long_itinerary,80.0,100.0,0.25,True,0,0.0,0.0
deepgram-long_itinerary-r012,deepgram,flux-haley-en,long_itinerary,80.0,100.0,0.5,True,0,0.0,0.0
deepgram-long_itinerary-r012,deepgram,flux-haley-en,long_itinerary,80.0,100.0,0.75,True,0,0.0,0.0
deepgram-long_itinerary-r012,deepgram,flux-haley-en,long_itinerary,80.0,200.0,0.25,True,0,0.0,0.0
deepgram-long_itinerary-r012,deepgram,flux-haley-en,long_itinerary,80.0,200.0,0.5,True,0,0.0,0.0
deepgram-long_itinerary-r012,deepgram,flux-haley-en,long_itinerary,80.0,200.0,0.75,True,0,0.0,0.0
deepgram-long_itinerary-r012,deepgram,flux-haley-en,long_itinerary,80.0,400.0,0.25,True,0,0.0,0.0
deepgram-long_itinerary-r012,deepgram,flux-haley-en,long_itinerary,80.0,400.0,0.5,True,0,0.0,0.0
deepgram-long_itinerary-r012,deepgram,flux-haley-en,long_itinerary,80.0,400.0,0.75,True,0,0.0,0.0
deepgram-long_itinerary-r012,deepgram,flux-haley-en,long_itinerary,80.0,800.0,0.25,True,0,0.0,0.0
deepgram-long_itinerary-r012,deepgram,flux-haley-en,long_itinerary,80.0,800.0,0.5,True,0,0.0,0.0
deepgram-long_itinerary-r012,deepgram,flux-haley-en,long_itinerary,80.0,800.0,0.75,True,0,0.0,0.0
deepgram-long_itinerary-r012,deepgram,flux-haley-en,long_itinerary,80.0,1200.0,0.25,True,0,0.0,0.0
deepgram-long_itinerary-r012,deepgram,flux-haley-en,long_itinerary,80.0,1200.0,0.5,True,0,0.0,0.0
deepgram-long_itinerary-r012,deepgram,flux-haley-en,long_itinerary,80.0,1200.0,0.75,True,0,0.0,0.0
deepgram-long_itinerary-r013,deepgram,flux-haley-en,long_itinerary,80.0,0.0,0.25,True,0,0.0,0.0
deepgram-long_itinerary-r013,deepgram,flux-haley-en,long_itinerary,80.0,0.0,0.5,True,0,0.0,0.0
deepgram-long_itinerary-r013,deepgram,flux-haley-en,long_itinerary,80.0,0.0,0.75,True,0,0.0,0.0
deepgram-long_itinerary-r013,deepgram,flux-haley-en,long_itinerary,80.0,50.0,0.25,True,0,0.0,0.0
deepgram-long_itinerary-r013,deepgram,flux-haley-en,long_itinerary,80.0,50.0,0.5,True,0,0.0,0.0
deepgram-long_itinerary-r013,deepgram,flux-haley-en,long_itinerary,80.0,50.0,0.75,True,0,0.0,0.0
deepgram-long_itinerary-r013,deepgram,flux-haley-en,long_itinerary,80.0,100.0,0.25,True,0,0.0,0.0
deepgram-long_itinerary-r013,deepgram,flux-haley-en,long_itinerary,80.0,100.0,0.5,True,0,0.0,0.0
deepgram-long_itinerary-r013,deepgram,flux-haley-en,long_itinerary,80.0,100.0,0.75,True,0,0.0,0.0
deepgram-long_itinerary-r013,deepgram,flux-haley-en,long_itinerary,80.0,200.0,0.25,True,0,0.0,0.0
deepgram-long_itinerary-r013,deepgram,flux-haley-en,long_itinerary,80.0,200.0,0.5,True,0,0.0,0.0
deepgram-long_itinerary-r013,deepgram,flux-haley-en,long_itinerary,80.0,200.0,0.75,True,0,0.0,0.0
deepgram-long_itinerary-r013,deepgram,flux-haley-en,long_itinerary,80.0,400.0,0.25,True,0,0.0,0.0
deepgram-long_itinerary-r013,deepgram,flux-haley-en,long_itinerary,80.0,400.0,0.5,True,0,0.0,0.0
deepgram-long_itinerary-r013,deepgram,flux-haley-en,long_itinerary,80.0,400.0,0.75,True,0,0.0,0.0
deepgram-long_itinerary-r013,deepgram,flux-haley-en,long_itinerary,80.0,800.0,0.25,True,0,0.0,0.0
deepgram-long_itinerary-r013,deepgram,flux-haley-en,long_itinerary,80.0,800.0,0.5,True,0,0.0,0.0
deepgram-long_itinerary-r013,deepgram,flux-haley-en,long_itinerary,80.0,800.0,0.75,True,0,0.0,0.0
deepgram-long_itinerary-r013,deepgram,flux-haley-en,long_itinerary,80.0,1200.0,0.25,True,0,0.0,0.0
deepgram-long_itinerary-r013,deepgram,flux-haley-en,long_itinerary,80.0,1200.0,0.5,True,0,0.0,0.0
deepgram-long_itinerary-r013,deepgram,flux-haley-en,long_itinerary,80.0,1200.0,0.75,True,0,0.0,0.0
deepgram-long_itinerary-r014,deepgram,flux-haley-en,long_itinerary,80.0,0.0,0.25,True,0,0.0,0.0
deepgram-long_itinerary-r014,deepgram,flux-haley-en,long_itinerary,80.0,0.0,0.5,True,0,0.0,0.0
deepgram-long_itinerary-r014,deepgram,flux-haley-en,long_itinerary,80.0,0.0,0.75,True,0,0.0,0.0
deepgram-long_itinerary-r014,deepgram,flux-haley-en,long_itinerary,80.0,50.0,0.25,True,0,0.0,0.0
deepgram-long_itinerary-r014,deepgram,flux-haley-en,long_itinerary,80.0,50.0,0.5,True,0,0.0,0.0
deepgram-long_itinerary-r014,deepgram,flux-haley-en,long_itinerary,80.0,50.0,0.75,True,0,0.0,0.0
deepgram-long_itinerary-r014,deepgram,flux-haley-en,long_itinerary,80.0,100.0,0.25,True,0,0.0,0.0
deepgram-long_itinerary-r014,deepgram,flux-haley-en,long_itinerary,80.0,100.0,0.5,True,0,0.0,0.0
deepgram-long_itinerary-r014,deepgram,flux-haley-en,long_itinerary,80.0,100.0,0.75,True,0,0.0,0.0
deepgram-long_itinerary-r014,deepgram,flux-haley-en,long_itinerary,80.0,200.0,0.25,True,0,0.0,0.0
deepgram-long_itinerary-r014,deepgram,flux-haley-en,long_itinerary,80.0,200.0,0.5,True,0,0.0,0.0
deepgram-long_itinerary-r014,deepgram,flux-haley-en,long_itinerary,80.0,200.0,0.75,True,0,0.0,0.0
deepgram-long_itinerary-r014,deepgram,flux-haley-en,long_itinerary,80.0,400.0,0.25,True,0,0.0,0.0
deepgram-long_itinerary-r014,deepgram,flux-haley-en,long_itinerary,80.0,400.0,0.5,True,0,0.0,0.0
deepgram-long_itinerary-r014,deepgram,flux-haley-en,long_itinerary,80.0,400.0,0.75,True,0,0.0,0.0
deepgram-long_itinerary-r014,deepgram,flux-haley-en,long_itinerary,80.0,800.0,0.25,True,0,0.0,0.0
deepgram-long_itinerary-r014,deepgram,flux-haley-en,long_itinerary,80.0,800.0,0.5,True,0,0.0,0.0
deepgram-long_itinerary-r014,deepgram,flux-haley-en,long_itinerary,80.0,800.0,0.75,True,0,0.0,0.0
deepgram-long_itinerary-r014,deepgram,flux-haley-en,long_itinerary,80.0,1200.0,0.25,True,0,0.0,0.0
deepgram-long_itinerary-r014,deepgram,flux-haley-en,long_itinerary,80.0,1200.0,0.5,True,0,0.0,0.0
deepgram-long_itinerary-r014,deepgram,flux-haley-en,long_itinerary,80.0,1200.0,0.75,True,0,0.0,0.0
deepgram-long_itinerary-r015,deepgram,flux-haley-en,long_itinerary,80.0,0.0,0.25,True,0,0.0,0.0
deepgram-long_itinerary-r015,deepgram,flux-haley-en,long_itinerary,80.0,0.0,0.5,True,0,0.0,0.0
deepgram-long_itinerary-r015,deepgram,flux-haley-en,long_itinerary,80.0,0.0,0.75,True,0,0.0,0.0
deepgram-long_itinerary-r015,deepgram,flux-haley-en,long_itinerary,80.0,50.0,0.25,True,0,0.0,0.0
deepgram-long_itinerary-r015,deepgram,flux-haley-en,long_itinerary,80.0,50.0,0.5,True,0,0.0,0.0
deepgram-long_itinerary-r015,deepgram,flux-haley-en,long_itinerary,80.0,50.0,0.75,True,0,0.0,0.0
deepgram-long_itinerary-r015,deepgram,flux-haley-en,long_itinerary,80.0,100.0,0.25,True,0,0.0,0.0
deepgram-long_itinerary-r015,deepgram,flux-haley-en,long_itinerary,80.0,100.0,0.5,True,0,0.0,0.0
deepgram-long_itinerary-r015,deepgram,flux-haley-en,long_itinerary,80.0,100.0,0.75,True,0,0.0,0.0
deepgram-long_itinerary-r015,deepgram,flux-haley-en,long_itinerary,80.0,200.0,0.25,True,0,0.0,0.0
deepgram-long_itinerary-r015,deepgram,flux-haley-en,long_itinerary,80.0,200.0,0.5,True,0,0.0,0.0
deepgram-long_itinerary-r015,deepgram,flux-haley-en,long_itinerary,80.0,200.0,0.75,True,0,0.0,0.0
deepgram-long_itinerary-r015,deepgram,flux-haley-en,long_itinerary,80.0,400.0,0.25,True,0,0.0,0.0
deepgram-long_itinerary-r015,deepgram,flux-haley-en,long_itinerary,80.0,400.0,0.5,True,0,0.0,0.0
deepgram-long_itinerary-r015,deepgram,flux-haley-en,long_itinerary,80.0,400.0,0.75,True,0,0.0,0.0
deepgram-long_itinerary-r015,deepgram,flux-haley-en,long_itinerary,80.0,800.0,0.25,True,0,0.0,0.0
deepgram-long_itinerary-r015,deepgram,flux-haley-en,long_itinerary,80.0,800.0,0.5,True,0,0.0,0.0
deepgram-long_itinerary-r015,deepgram,flux-haley-en,long_itinerary,80.0,800.0,0.75,True,0,0.0,0.0
deepgram-long_itinerary-r015,deepgram,flux-haley-en,long_itinerary,80.0,1200.0,0.25,True,0,0.0,0.0
deepgram-long_itinerary-r015,deepgram,flux-haley-en,long_itinerary,80.0,1200.0,0.5,True,0,0.0,0.0
deepgram-long_itinerary-r015,deepgram,flux-haley-en,long_itinerary,80.0,1200.0,0.75,True,0,0.0,0.0
deepgram-long_itinerary-r016,deepgram,flux-haley-en,long_itinerary,80.0,0.0,0.25,True,0,0.0,0.0
deepgram-long_itinerary-r016,deepgram,flux-haley-en,long_itinerary,80.0,0.0,0.5,True,0,0.0,0.0
deepgram-long_itinerary-r016,deepgram,flux-haley-en,long_itinerary,80.0,0.0,0.75,True,0,0.0,0.0
deepgram-long_itinerary-r016,deepgram,flux-haley-en,long_itinerary,80.0,50.0,0.25,True,0,0.0,0.0
deepgram-long_itinerary-r016,deepgram,flux-haley-en,long_itinerary,80.0,50.0,0.5,True,0,0.0,0.0
deepgram-long_itinerary-r016,deepgram,flux-haley-en,long_itinerary,80.0,50.0,0.75,True,0,0.0,0.0
deepgram-long_itinerary-r016,deepgram,flux-haley-en,long_itinerary,80.0,100.0,0.25,True,0,0.0,0.0
deepgram-long_itinerary-r016,deepgram,flux-haley-en,long_itinerary,80.0,100.0,0.5,True,0,0.0,0.0
deepgram-long_itinerary-r016,deepgram,flux-haley-en,long_itinerary,80.0,100.0,0.75,True,0,0.0,0.0
deepgram-long_itinerary-r016,deepgram,flux-haley-en,long_itinerary,80.0,200.0,0.25,True,0,0.0,0.0
deepgram-long_itinerary-r016,deepgram,flux-haley-en,long_itinerary,80.0,200.0,0.5,True,0,0.0,0.0
deepgram-long_itinerary-r016,deepgram,flux-haley-en,long_itinerary,80.0,200.0,0.75,True,0,0.0,0.0
deepgram-long_itinerary-r016,deepgram,flux-haley-en,long_itinerary,80.0,400.0,0.25,True,0,0.0,0.0
deepgram-long_itinerary-r016,deepgram,flux-haley-en,long_itinerary,80.0,400.0,0.5,True,0,0.0,0.0
deepgram-long_itinerary-r016,deepgram,flux-haley-en,long_itinerary,80.0,400.0,0.75,True,0,0.0,0.0
deepgram-long_itinerary-r016,deepgram,flux-haley-en,long_itinerary,80.0,800.0,0.25,True,0,0.0,0.0
deepgram-long_itinerary-r016,deepgram,flux-haley-en,long_itinerary,80.0,800.0,0.5,True,0,0.0,0.0
deepgram-long_itinerary-r016,deepgram,flux-haley-en,long_itinerary,80.0,800.0,0.75,True,0,0.0,0.0
deepgram-long_itinerary-r016,deepgram,flux-haley-en,long_itinerary,80.0,1200.0,0.25,True,0,0.0,0.0
deepgram-long_itinerary-r016,deepgram,flux-haley-en,long_itinerary,80.0,1200.0,0.5,True,0,0.0,0.0
deepgram-long_itinerary-r016,deepgram,flux-haley-en,long_itinerary,80.0,1200.0,0.75,True,0,0.0,0.0
deepgram-long_itinerary-r017,deepgram,flux-haley-en,long_itinerary,80.0,0.0,0.25,True,0,0.0,0.0
deepgram-long_itinerary-r017,deepgram,flux-haley-en,long_itinerary,80.0,0.0,0.5,True,0,0.0,0.0
deepgram-long_itinerary-r017,deepgram,flux-haley-en,long_itinerary,80.0,0.0,0.75,True,0,0.0,0.0
deepgram-long_itinerary-r017,deepgram,flux-haley-en,long_itinerary,80.0,50.0,0.25,True,0,0.0,0.0
deepgram-long_itinerary-r017,deepgram,flux-haley-en,long_itinerary,80.0,50.0,0.5,True,0,0.0,0.0
deepgram-long_itinerary-r017,deepgram,flux-haley-en,long_itinerary,80.0,50.0,0.75,True,0,0.0,0.0
deepgram-long_itinerary-r017,deepgram,flux-haley-en,long_itinerary,80.0,100.0,0.25,True,0,0.0,0.0
deepgram-long_itinerary-r017,deepgram,flux-haley-en,long_itinerary,80.0,100.0,0.5,True,0,0.0,0.0
deepgram-long_itinerary-r017,deepgram,flux-haley-en,long_itinerary,80.0,100.0,0.75,True,0,0.0,0.0
deepgram-long_itinerary-r017,deepgram,flux-haley-en,long_itinerary,80.0,200.0,0.25,True,0,0.0,0.0
deepgram-long_itinerary-r017,deepgram,flux-haley-en,long_itinerary,80.0,200.0,0.5,True,0,0.0,0.0
deepgram-long_itinerary-r017,deepgram,flux-haley-en,long_itinerary,80.0,200.0,0.75,True,0,0.0,0.0
deepgram-long_itinerary-r017,deepgram,flux-haley-en,long_itinerary,80.0,400.0,0.25,True,0,0.0,0.0
deepgram-long_itinerary-r017,deepgram,flux-haley-en,long_itinerary,80.0,400.0,0.5,True,0,0.0,0.0
deepgram-long_itinerary-r017,deepgram,flux-haley-en,long_itinerary,80.0,400.0,0.75,True,0,0.0,0.0
deepgram-long_itinerary-r017,deepgram,flux-haley-en,long_itinerary,80.0,800.0,0.25,True,0,0.0,0.0
deepgram-long_itinerary-r017,deepgram,flux-haley-en,long_itinerary,80.0,800.0,0.5,True,0,0.0,0.0
deepgram-long_itinerary-r017,deepgram,flux-haley-en,long_itinerary,80.0,800.0,0.75,True,0,0.0,0.0
deepgram-long_itinerary-r017,deepgram,flux-haley-en,long_itinerary,80.0,1200.0,0.25,True,0,0.0,0.0
deepgram-long_itinerary-r017,deepgram,flux-haley-en,long_itinerary,80.0,1200.0,0.5,True,0,0.0,0.0
deepgram-long_itinerary-r017,deepgram,flux-haley-en,long_itinerary,80.0,1200.0,0.75,True,0,0.0,0.0
deepgram-long_itinerary-r018,deepgram,flux-haley-en,long_itinerary,80.0,0.0,0.25,True,0,0.0,0.0
deepgram-long_itinerary-r018,deepgram,flux-haley-en,long_itinerary,80.0,0.0,0.5,True,0,0.0,0.0
deepgram-long_itinerary-r018,deepgram,flux-haley-en,long_itinerary,80.0,0.0,0.75,True,0,0.0,0.0
deepgram-long_itinerary-r018,deepgram,flux-haley-en,long_itinerary,80.0,50.0,0.25,True,0,0.0,0.0
deepgram-long_itinerary-r018,deepgram,flux-haley-en,long_itinerary,80.0,50.0,0.5,True,0,0.0,0.0
deepgram-long_itinerary-r018,deepgram,flux-haley-en,long_itinerary,80.0,50.0,0.75,True,0,0.0,0.0
deepgram-long_itinerary-r018,deepgram,flux-haley-en,long_itinerary,80.0,100.0,0.25,True,0,0.0,0.0
deepgram-long_itinerary-r018,deepgram,flux-haley-en,long_itinerary,80.0,100.0,0.5,True,0,0.0,0.0
deepgram-long_itinerary-r018,deepgram,flux-haley-en,long_itinerary,80.0,100.0,0.75,True,0,0.0,0.0
deepgram-long_itinerary-r018,deepgram,flux-haley-en,long_itinerary,80.0,200.0,0.25,True,0,0.0,0.0
deepgram-long_itinerary-r018,deepgram,flux-haley-en,long_itinerary,80.0,200.0,0.5,True,0,0.0,0.0
deepgram-long_itinerary-r018,deepgram,flux-haley-en,long_itinerary,80.0,200.0,0.75,True,0,0.0,0.0
deepgram-long_itinerary-r018,deepgram,flux-haley-en,long_itinerary,80.0,400.0,0.25,True,0,0.0,0.0
deepgram-long_itinerary-r018,deepgram,flux-haley-en,long_itinerary,80.0,400.0,0.5,True,0,0.0,0.0
deepgram-long_itinerary-r018,deepgram,flux-haley-en,long_itinerary,80.0,400.0,0.75,True,0,0.0,0.0
deepgram-long_itinerary-r018,deepgram,flux-haley-en,long_itinerary,80.0,800.0,0.25,True,0,0.0,0.0
deepgram-long_itinerary-r018,deepgram,flux-haley-en,long_itinerary,80.0,800.0,0.5,True,0,0.0,0.0
deepgram-long_itinerary-r018,deepgram,flux-haley-en,long_itinerary,80.0,800.0,0.75,True,0,0.0,0.0
deepgram-long_itinerary-r018,deepgram,flux-haley-en,long_itinerary,80.0,1200.0,0.25,True,0,0.0,0.0
deepgram-long_itinerary-r018,deepgram,flux-haley-en,long_itinerary,80.0,1200.0,0.5,True,0,0.0,0.0
deepgram-long_itinerary-r018,deepgram,flux-haley-en,long_itinerary,80.0,1200.0,0.75,True,0,0.0,0.0
deepgram-long_itinerary-r019,deepgram,flux-haley-en,long_itinerary,80.0,0.0,0.25,True,0,0.0,0.0
deepgram-long_itinerary-r019,deepgram,flux-haley-en,long_itinerary,80.0,0.0,0.5,True,0,0.0,0.0
deepgram-long_itinerary-r019,deepgram,flux-haley-en,long_itinerary,80.0,0.0,0.75,True,0,0.0,0.0
deepgram-long_itinerary-r019,deepgram,flux-haley-en,long_itinerary,80.0,50.0,0.25,True,0,0.0,0.0
deepgram-long_itinerary-r019,deepgram,flux-haley-en,long_itinerary,80.0,50.0,0.5,True,0,0.0,0.0
deepgram-long_itinerary-r019,deepgram,flux-haley-en,long_itinerary,80.0,50.0,0.75,True,0,0.0,0.0
deepgram-long_itinerary-r019,deepgram,flux-haley-en,long_itinerary,80.0,100.0,0.25,True,0,0.0,0.0
deepgram-long_itinerary-r019,deepgram,flux-haley-en,long_itinerary,80.0,100.0,0.5,True,0,0.0,0.0
deepgram-long_itinerary-r019,deepgram,flux-haley-en,long_itinerary,80.0,100.0,0.75,True,0,0.0,0.0
deepgram-long_itinerary-r019,deepgram,flux-haley-en,long_itinerary,80.0,200.0,0.25,True,0,0.0,0.0
deepgram-long_itinerary-r019,deepgram,flux-haley-en,long_itinerary,80.0,200.0,0.5,True,0,0.0,0.0
deepgram-long_itinerary-r019,deepgram,flux-haley-en,long_itinerary,80.0,200.0,0.75,True,0,0.0,0.0
deepgram-long_itinerary-r019,deepgram,flux-haley-en,long_itinerary,80.0,400.0,0.25,True,0,0.0,0.0
deepgram-long_itinerary-r019,deepgram,flux-haley-en,long_itinerary,80.0,400.0,0.5,True,0,0.0,0.0
deepgram-long_itinerary-r019,deepgram,flux-haley-en,long_itinerary,80.0,400.0,0.75,True,0,0.0,0.0
deepgram-long_itinerary-r019,deepgram,flux-haley-en,long_itinerary,80.0,800.0,0.25,True,0,0.0,0.0
deepgram-long_itinerary-r019,deepgram,flux-haley-en,long_itinerary,80.0,800.0,0.5,True,0,0.0,0.0
deepgram-long_itinerary-r019,deepgram,flux-haley-en,long_itinerary,80.0,800.0,0.75,True,0,0.0,0.0
deepgram-long_itinerary-r019,deepgram,flux-haley-en,long_itinerary,80.0,1200.0,0.25,True,0,0.0,0.0
deepgram-long_itinerary-r019,deepgram,flux-haley-en,long_itinerary,80.0,1200.0,0.5,True,0,0.0,0.0
deepgram-long_itinerary-r019,deepgram,flux-haley-en,long_itinerary,80.0,1200.0,0.75,True,0,0.0,0.0
deepgram-medium_booking-r000,deepgram,flux-haley-en,medium_booking,80.0,0.0,0.25,True,0,0.0,0.0
deepgram-medium_booking-r000,deepgram,flux-haley-en,medium_booking,80.0,0.0,0.5,True,0,0.0,0.0
deepgram-medium_booking-r000,deepgram,flux-haley-en,medium_booking,80.0,0.0,0.75,True,0,0.0,0.0
deepgram-medium_booking-r000,deepgram,flux-haley-en,medium_booking,80.0,50.0,0.25,True,0,0.0,0.0
deepgram-medium_booking-r000,deepgram,flux-haley-en,medium_booking,80.0,50.0,0.5,True,0,0.0,0.0
deepgram-medium_booking-r000,deepgram,flux-haley-en,medium_booking,80.0,50.0,0.75,True,0,0.0,0.0
deepgram-medium_booking-r000,deepgram,flux-haley-en,medium_booking,80.0,100.0,0.25,True,0,0.0,0.0
deepgram-medium_booking-r000,deepgram,flux-haley-en,medium_booking,80.0,100.0,0.5,True,0,0.0,0.0
deepgram-medium_booking-r000,deepgram,flux-haley-en,medium_booking,80.0,100.0,0.75,True,0,0.0,0.0
deepgram-medium_booking-r000,deepgram,flux-haley-en,medium_booking,80.0,200.0,0.25,True,0,0.0,0.0
deepgram-medium_booking-r000,deepgram,flux-haley-en,medium_booking,80.0,200.0,0.5,True,0,0.0,0.0
deepgram-medium_booking-r000,deepgram,flux-haley-en,medium_booking,80.0,200.0,0.75,True,0,0.0,0.0
deepgram-medium_booking-r000,deepgram,flux-haley-en,medium_booking,80.0,400.0,0.25,True,0,0.0,0.0
deepgram-medium_booking-r000,deepgram,flux-haley-en,medium_booking,80.0,400.0,0.5,True,0,0.0,0.0
deepgram-medium_booking-r000,deepgram,flux-haley-en,medium_booking,80.0,400.0,0.75,True,0,0.0,0.0
deepgram-medium_booking-r000,deepgram,flux-haley-en,medium_booking,80.0,800.0,0.25,False,1,203.42066698148847,203.42066698148847
deepgram-medium_booking-r000,deepgram,flux-haley-en,medium_booking,80.0,800.0,0.5,True,0,0.0,0.0
deepgram-medium_booking-r000,deepgram,flux-haley-en,medium_booking,80.0,800.0,0.75,True,0,0.0,0.0
deepgram-medium_booking-r000,deepgram,flux-haley-en,medium_booking,80.0,1200.0,0.25,False,1,603.4206669814885,603.4206669814885
deepgram-medium_booking-r000,deepgram,flux-haley-en,medium_booking,80.0,1200.0,0.5,False,1,15.592999971937388,15.592999971937388
deepgram-medium_booking-r000,deepgram,flux-haley-en,medium_booking,80.0,1200.0,0.75,True,0,0.0,0.0
deepgram-medium_booking-r001,deepgram,flux-haley-en,medium_booking,80.0,0.0,0.25,True,0,0.0,0.0
deepgram-medium_booking-r001,deepgram,flux-haley-en,medium_booking,80.0,0.0,0.5,True,0,0.0,0.0
deepgram-medium_booking-r001,deepgram,flux-haley-en,medium_booking,80.0,0.0,0.75,True,0,0.0,0.0
deepgram-medium_booking-r001,deepgram,flux-haley-en,medium_booking,80.0,50.0,0.25,True,0,0.0,0.0
deepgram-medium_booking-r001,deepgram,flux-haley-en,medium_booking,80.0,50.0,0.5,True,0,0.0,0.0
deepgram-medium_booking-r001,deepgram,flux-haley-en,medium_booking,80.0,50.0,0.75,True,0,0.0,0.0
deepgram-medium_booking-r001,deepgram,flux-haley-en,medium_booking,80.0,100.0,0.25,True,0,0.0,0.0
deepgram-medium_booking-r001,deepgram,flux-haley-en,medium_booking,80.0,100.0,0.5,True,0,0.0,0.0
deepgram-medium_booking-r001,deepgram,flux-haley-en,medium_booking,80.0,100.0,0.75,True,0,0.0,0.0
deepgram-medium_booking-r001,deepgram,flux-haley-en,medium_booking,80.0,200.0,0.25,True,0,0.0,0.0
deepgram-medium_booking-r001,deepgram,flux-haley-en,medium_booking,80.0,200.0,0.5,True,0,0.0,0.0
deepgram-medium_booking-r001,deepgram,flux-haley-en,medium_booking,80.0,200.0,0.75,True,0,0.0,0.0
deepgram-medium_booking-r001,deepgram,flux-haley-en,medium_booking,80.0,400.0,0.25,True,0,0.0,0.0
deepgram-medium_booking-r001,deepgram,flux-haley-en,medium_booking,80.0,400.0,0.5,True,0,0.0,0.0
deepgram-medium_booking-r001,deepgram,flux-haley-en,medium_booking,80.0,400.0,0.75,True,0,0.0,0.0
deepgram-medium_booking-r001,deepgram,flux-haley-en,medium_booking,80.0,800.0,0.25,False,1,206.84529102081433,206.84529102081433
deepgram-medium_booking-r001,deepgram,flux-haley-en,medium_booking,80.0,800.0,0.5,True,0,0.0,0.0
deepgram-medium_booking-r001,deepgram,flux-haley-en,medium_booking,80.0,800.0,0.75,True,0,0.0,0.0
deepgram-medium_booking-r001,deepgram,flux-haley-en,medium_booking,80.0,1200.0,0.25,False,1,606.8452910208143,606.8452910208143
deepgram-medium_booking-r001,deepgram,flux-haley-en,medium_booking,80.0,1200.0,0.5,False,1,17.34245799621567,17.34245799621567
deepgram-medium_booking-r001,deepgram,flux-haley-en,medium_booking,80.0,1200.0,0.75,True,0,0.0,0.0
deepgram-medium_booking-r002,deepgram,flux-haley-en,medium_booking,80.0,0.0,0.25,True,0,0.0,0.0
deepgram-medium_booking-r002,deepgram,flux-haley-en,medium_booking,80.0,0.0,0.5,True,0,0.0,0.0
deepgram-medium_booking-r002,deepgram,flux-haley-en,medium_booking,80.0,0.0,0.75,True,0,0.0,0.0
deepgram-medium_booking-r002,deepgram,flux-haley-en,medium_booking,80.0,50.0,0.25,True,0,0.0,0.0
deepgram-medium_booking-r002,deepgram,flux-haley-en,medium_booking,80.0,50.0,0.5,True,0,0.0,0.0
deepgram-medium_booking-r002,deepgram,flux-haley-en,medium_booking,80.0,50.0,0.75,True,0,0.0,0.0
deepgram-medium_booking-r002,deepgram,flux-haley-en,medium_booking,80.0,100.0,0.25,True,0,0.0,0.0
deepgram-medium_booking-r002,deepgram,flux-haley-en,medium_booking,80.0,100.0,0.5,True,0,0.0,0.0
deepgram-medium_booking-r002,deepgram,flux-haley-en,medium_booking,80.0,100.0,0.75,True,0,0.0,0.0
deepgram-medium_booking-r002,deepgram,flux-haley-en,medium_booking,80.0,200.0,0.25,True,0,0.0,0.0
deepgram-medium_booking-r002,deepgram,flux-haley-en,medium_booking,80.0,200.0,0.5,True,0,0.0,0.0
deepgram-medium_booking-r002,deepgram,flux-haley-en,medium_booking,80.0,200.0,0.75,True,0,0.0,0.0
deepgram-medium_booking-r002,deepgram,flux-haley-en,medium_booking,80.0,400.0,0.25,True,0,0.0,0.0
deepgram-medium_booking-r002,deepgram,flux-haley-en,medium_booking,80.0,400.0,0.5,True,0,0.0,0.0
deepgram-medium_booking-r002,deepgram,flux-haley-en,medium_booking,80.0,400.0,0.75,True,0,0.0,0.0
deepgram-medium_booking-r002,deepgram,flux-haley-en,medium_booking,80.0,800.0,0.25,False,1,202.0666250064969,202.0666250064969
deepgram-medium_booking-r002,deepgram,flux-haley-en,medium_booking,80.0,800.0,0.5,True,0,0.0,0.0
deepgram-medium_booking-r002,deepgram,flux-haley-en,medium_booking,80.0,800.0,0.75,True,0,0.0,0.0
deepgram-medium_booking-r002,deepgram,flux-haley-en,medium_booking,80.0,1200.0,0.25,False,1,602.0666250064969,602.0666250064969
deepgram-medium_booking-r002,deepgram,flux-haley-en,medium_booking,80.0,1200.0,0.5,False,1,11.562583019491285,11.562583019491285
deepgram-medium_booking-r002,deepgram,flux-haley-en,medium_booking,80.0,1200.0,0.75,True,0,0.0,0.0
deepgram-medium_booking-r003,deepgram,flux-haley-en,medium_booking,80.0,0.0,0.25,True,0,0.0,0.0
deepgram-medium_booking-r003,deepgram,flux-haley-en,medium_booking,80.0,0.0,0.5,True,0,0.0,0.0
deepgram-medium_booking-r003,deepgram,flux-haley-en,medium_booking,80.0,0.0,0.75,True,0,0.0,0.0
deepgram-medium_booking-r003,deepgram,flux-haley-en,medium_booking,80.0,50.0,0.25,True,0,0.0,0.0
deepgram-medium_booking-r003,deepgram,flux-haley-en,medium_booking,80.0,50.0,0.5,True,0,0.0,0.0
deepgram-medium_booking-r003,deepgram,flux-haley-en,medium_booking,80.0,50.0,0.75,True,0,0.0,0.0
deepgram-medium_booking-r003,deepgram,flux-haley-en,medium_booking,80.0,100.0,0.25,True,0,0.0,0.0
deepgram-medium_booking-r003,deepgram,flux-haley-en,medium_booking,80.0,100.0,0.5,True,0,0.0,0.0
deepgram-medium_booking-r003,deepgram,flux-haley-en,medium_booking,80.0,100.0,0.75,True,0,0.0,0.0
deepgram-medium_booking-r003,deepgram,flux-haley-en,medium_booking,80.0,200.0,0.25,True,0,0.0,0.0
deepgram-medium_booking-r003,deepgram,flux-haley-en,medium_booking,80.0,200.0,0.5,True,0,0.0,0.0
deepgram-medium_booking-r003,deepgram,flux-haley-en,medium_booking,80.0,200.0,0.75,True,0,0.0,0.0
deepgram-medium_booking-r003,deepgram,flux-haley-en,medium_booking,80.0,400.0,0.25,True,0,0.0,0.0
deepgram-medium_booking-r003,deepgram,flux-haley-en,medium_booking,80.0,400.0,0.5,True,0,0.0,0.0
deepgram-medium_booking-r003,deepgram,flux-haley-en,medium_booking,80.0,400.0,0.75,True,0,0.0,0.0
deepgram-medium_booking-r003,deepgram,flux-haley-en,medium_booking,80.0,800.0,0.25,False,1,202.43804197898135,202.43804197898135
deepgram-medium_booking-r003,deepgram,flux-haley-en,medium_booking,80.0,800.0,0.5,True,0,0.0,0.0
deepgram-medium_booking-r003,deepgram,flux-haley-en,medium_booking,80.0,800.0,0.75,True,0,0.0,0.0
deepgram-medium_booking-r003,deepgram,flux-haley-en,medium_booking,80.0,1200.0,0.25,False,1,602.4380419789813,602.4380419789813
deepgram-medium_booking-r003,deepgram,flux-haley-en,medium_booking,80.0,1200.0,0.5,False,1,46.89220900321379,46.89220900321379
deepgram-medium_booking-r003,deepgram,flux-haley-en,medium_booking,80.0,1200.0,0.75,True,0,0.0,0.0
deepgram-medium_booking-r004,deepgram,flux-haley-en,medium_booking,80.0,0.0,0.25,True,0,0.0,0.0
deepgram-medium_booking-r004,deepgram,flux-haley-en,medium_booking,80.0,0.0,0.5,True,0,0.0,0.0
deepgram-medium_booking-r004,deepgram,flux-haley-en,medium_booking,80.0,0.0,0.75,True,0,0.0,0.0
deepgram-medium_booking-r004,deepgram,flux-haley-en,medium_booking,80.0,50.0,0.25,True,0,0.0,0.0
deepgram-medium_booking-r004,deepgram,flux-haley-en,medium_booking,80.0,50.0,0.5,True,0,0.0,0.0
deepgram-medium_booking-r004,deepgram,flux-haley-en,medium_booking,80.0,50.0,0.75,True,0,0.0,0.0
deepgram-medium_booking-r004,deepgram,flux-haley-en,medium_booking,80.0,100.0,0.25,True,0,0.0,0.0
deepgram-medium_booking-r004,deepgram,flux-haley-en,medium_booking,80.0,100.0,0.5,True,0,0.0,0.0
deepgram-medium_booking-r004,deepgram,flux-haley-en,medium_booking,80.0,100.0,0.75,True,0,0.0,0.0
deepgram-medium_booking-r004,deepgram,flux-haley-en,medium_booking,80.0,200.0,0.25,True,0,0.0,0.0
deepgram-medium_booking-r004,deepgram,flux-haley-en,medium_booking,80.0,200.0,0.5,True,0,0.0,0.0
deepgram-medium_booking-r004,deepgram,flux-haley-en,medium_booking,80.0,200.0,0.75,True,0,0.0,0.0
deepgram-medium_booking-r004,deepgram,flux-haley-en,medium_booking,80.0,400.0,0.25,True,0,0.0,0.0
deepgram-medium_booking-r004,deepgram,flux-haley-en,medium_booking,80.0,400.0,0.5,True,0,0.0,0.0
deepgram-medium_booking-r004,deepgram,flux-haley-en,medium_booking,80.0,400.0,0.75,True,0,0.0,0.0
deepgram-medium_booking-r004,deepgram,flux-haley-en,medium_booking,80.0,800.0,0.25,False,1,169.82833298062906,169.82833298062906
deepgram-medium_booking-r004,deepgram,flux-haley-en,medium_booking,80.0,800.0,0.5,True,0,0.0,0.0
deepgram-medium_booking-r004,deepgram,flux-haley-en,medium_booking,80.0,800.0,0.75,True,0,0.0,0.0
deepgram-medium_booking-r004,deepgram,flux-haley-en,medium_booking,80.0,1200.0,0.25,False,1,569.828332980629,569.828332980629
deepgram-medium_booking-r004,deepgram,flux-haley-en,medium_booking,80.0,1200.0,0.5,True,0,0.0,0.0
deepgram-medium_booking-r004,deepgram,flux-haley-en,medium_booking,80.0,1200.0,0.75,True,0,0.0,0.0
deepgram-medium_booking-r005,deepgram,flux-haley-en,medium_booking,80.0,0.0,0.25,True,0,0.0,0.0
deepgram-medium_booking-r005,deepgram,flux-haley-en,medium_booking,80.0,0.0,0.5,True,0,0.0,0.0
deepgram-medium_booking-r005,deepgram,flux-haley-en,medium_booking,80.0,0.0,0.75,True,0,0.0,0.0
deepgram-medium_booking-r005,deepgram,flux-haley-en,medium_booking,80.0,50.0,0.25,True,0,0.0,0.0
deepgram-medium_booking-r005,deepgram,flux-haley-en,medium_booking,80.0,50.0,0.5,True,0,0.0,0.0
deepgram-medium_booking-r005,deepgram,flux-haley-en,medium_booking,80.0,50.0,0.75,True,0,0.0,0.0
deepgram-medium_booking-r005,deepgram,flux-haley-en,medium_booking,80.0,100.0,0.25,True,0,0.0,0.0
deepgram-medium_booking-r005,deepgram,flux-haley-en,medium_booking,80.0,100.0,0.5,True,0,0.0,0.0
deepgram-medium_booking-r005,deepgram,flux-haley-en,medium_booking,80.0,100.0,0.75,True,0,0.0,0.0
deepgram-medium_booking-r005,deepgram,flux-haley-en,medium_booking,80.0,200.0,0.25,True,0,0.0,0.0
deepgram-medium_booking-r005,deepgram,flux-haley-en,medium_booking,80.0,200.0,0.5,True,0,0.0,0.0
deepgram-medium_booking-r005,deepgram,flux-haley-en,medium_booking,80.0,200.0,0.75,True,0,0.0,0.0
deepgram-medium_booking-r005,deepgram,flux-haley-en,medium_booking,80.0,400.0,0.25,True,0,0.0,0.0
deepgram-medium_booking-r005,deepgram,flux-haley-en,medium_booking,80.0,400.0,0.5,True,0,0.0,0.0
deepgram-medium_booking-r005,deepgram,flux-haley-en,medium_booking,80.0,400.0,0.75,True,0,0.0,0.0
deepgram-medium_booking-r005,deepgram,flux-haley-en,medium_booking,80.0,800.0,0.25,False,1,171.72100001154467,171.72100001154467
deepgram-medium_booking-r005,deepgram,flux-haley-en,medium_booking,80.0,800.0,0.5,True,0,0.0,0.0
deepgram-medium_booking-r005,deepgram,flux-haley-en,medium_booking,80.0,800.0,0.75,True,0,0.0,0.0
deepgram-medium_booking-r005,deepgram,flux-haley-en,medium_booking,80.0,1200.0,0.25,False,1,571.7210000115447,571.7210000115447
deepgram-medium_booking-r005,deepgram,flux-haley-en,medium_booking,80.0,1200.0,0.5,True,0,0.0,0.0
deepgram-medium_booking-r005,deepgram,flux-haley-en,medium_booking,80.0,1200.0,0.75,True,0,0.0,0.0
deepgram-medium_booking-r006,deepgram,flux-haley-en,medium_booking,80.0,0.0,0.25,True,0,0.0,0.0
deepgram-medium_booking-r006,deepgram,flux-haley-en,medium_booking,80.0,0.0,0.5,True,0,0.0,0.0
deepgram-medium_booking-r006,deepgram,flux-haley-en,medium_booking,80.0,0.0,0.75,True,0,0.0,0.0
deepgram-medium_booking-r006,deepgram,flux-haley-en,medium_booking,80.0,50.0,0.25,True,0,0.0,0.0
deepgram-medium_booking-r006,deepgram,flux-haley-en,medium_booking,80.0,50.0,0.5,True,0,0.0,0.0
deepgram-medium_booking-r006,deepgram,flux-haley-en,medium_booking,80.0,50.0,0.75,True,0,0.0,0.0
deepgram-medium_booking-r006,deepgram,flux-haley-en,medium_booking,80.0,100.0,0.25,True,0,0.0,0.0
deepgram-medium_booking-r006,deepgram,flux-haley-en,medium_booking,80.0,100.0,0.5,True,0,0.0,0.0
deepgram-medium_booking-r006,deepgram,flux-haley-en,medium_booking,80.0,100.0,0.75,True,0,0.0,0.0
deepgram-medium_booking-r006,deepgram,flux-haley-en,medium_booking,80.0,200.0,0.25,True,0,0.0,0.0
deepgram-medium_booking-r006,deepgram,flux-haley-en,medium_booking,80.0,200.0,0.5,True,0,0.0,0.0
deepgram-medium_booking-r006,deepgram,flux-haley-en,medium_booking,80.0,200.0,0.75,True,0,0.0,0.0
deepgram-medium_booking-r006,deepgram,flux-haley-en,medium_booking,80.0,400.0,0.25,True,0,0.0,0.0
deepgram-medium_booking-r006,deepgram,flux-haley-en,medium_booking,80.0,400.0,0.5,True,0,0.0,0.0
deepgram-medium_booking-r006,deepgram,flux-haley-en,medium_booking,80.0,400.0,0.75,True,0,0.0,0.0
deepgram-medium_booking-r006,deepgram,flux-haley-en,medium_booking,80.0,800.0,0.25,False,1,204.4340840112418,204.4340840112418
deepgram-medium_booking-r006,deepgram,flux-haley-en,medium_booking,80.0,800.0,0.5,True,0,0.0,0.0
deepgram-medium_booking-r006,deepgram,flux-haley-en,medium_booking,80.0,800.0,0.75,True,0,0.0,0.0
deepgram-medium_booking-r006,deepgram,flux-haley-en,medium_booking,80.0,1200.0,0.25,False,1,604.4340840112418,604.4340840112418
deepgram-medium_booking-r006,deepgram,flux-haley-en,medium_booking,80.0,1200.0,0.5,False,1,14.084958977997303,14.084958977997303
deepgram-medium_booking-r006,deepgram,flux-haley-en,medium_booking,80.0,1200.0,0.75,True,0,0.0,0.0
deepgram-medium_booking-r007,deepgram,flux-haley-en,medium_booking,80.0,0.0,0.25,True,0,0.0,0.0
deepgram-medium_booking-r007,deepgram,flux-haley-en,medium_booking,80.0,0.0,0.5,True,0,0.0,0.0
deepgram-medium_booking-r007,deepgram,flux-haley-en,medium_booking,80.0,0.0,0.75,True,0,0.0,0.0
deepgram-medium_booking-r007,deepgram,flux-haley-en,medium_booking,80.0,50.0,0.25,True,0,0.0,0.0
deepgram-medium_booking-r007,deepgram,flux-haley-en,medium_booking,80.0,50.0,0.5,True,0,0.0,0.0
deepgram-medium_booking-r007,deepgram,flux-haley-en,medium_booking,80.0,50.0,0.75,True,0,0.0,0.0
deepgram-medium_booking-r007,deepgram,flux-haley-en,medium_booking,80.0,100.0,0.25,True,0,0.0,0.0
deepgram-medium_booking-r007,deepgram,flux-haley-en,medium_booking,80.0,100.0,0.5,True,0,0.0,0.0
deepgram-medium_booking-r007,deepgram,flux-haley-en,medium_booking,80.0,100.0,0.75,True,0,0.0,0.0
deepgram-medium_booking-r007,deepgram,flux-haley-en,medium_booking,80.0,200.0,0.25,True,0,0.0,0.0
deepgram-medium_booking-r007,deepgram,flux-haley-en,medium_booking,80.0,200.0,0.5,True,0,0.0,0.0
deepgram-medium_booking-r007,deepgram,flux-haley-en,medium_booking,80.0,200.0,0.75,True,0,0.0,0.0
deepgram-medium_booking-r007,deepgram,flux-haley-en,medium_booking,80.0,400.0,0.25,True,0,0.0,0.0
deepgram-medium_booking-r007,deepgram,flux-haley-en,medium_booking,80.0,400.0,0.5,True,0,0.0,0.0
deepgram-medium_booking-r007,deepgram,flux-haley-en,medium_booking,80.0,400.0,0.75,True,0,0.0,0.0
deepgram-medium_booking-r007,deepgram,flux-haley-en,medium_booking,80.0,800.0,0.25,False,1,202.56604196410626,202.56604196410626
deepgram-medium_booking-r007,deepgram,flux-haley-en,medium_booking,80.0,800.0,0.5,True,0,0.0,0.0
deepgram-medium_booking-r007,deepgram,flux-haley-en,medium_booking,80.0,800.0,0.75,True,0,0.0,0.0
deepgram-medium_booking-r007,deepgram,flux-haley-en,medium_booking,80.0,1200.0,0.25,False,1,602.5660419641063,602.5660419641063
deepgram-medium_booking-r007,deepgram,flux-haley-en,medium_booking,80.0,1200.0,0.5,False,1,14.866291993763298,14.866291993763298
deepgram-medium_booking-r007,deepgram,flux-haley-en,medium_booking,80.0,1200.0,0.75,True,0,0.0,0.0
deepgram-medium_booking-r008,deepgram,flux-haley-en,medium_booking,80.0,0.0,0.25,True,0,0.0,0.0
deepgram-medium_booking-r008,deepgram,flux-haley-en,medium_booking,80.0,0.0,0.5,True,0,0.0,0.0
deepgram-medium_booking-r008,deepgram,flux-haley-en,medium_booking,80.0,0.0,0.75,True,0,0.0,0.0
deepgram-medium_booking-r008,deepgram,flux-haley-en,medium_booking,80.0,50.0,0.25,True,0,0.0,0.0
deepgram-medium_booking-r008,deepgram,flux-haley-en,medium_booking,80.0,50.0,0.5,True,0,0.0,0.0
deepgram-medium_booking-r008,deepgram,flux-haley-en,medium_booking,80.0,50.0,0.75,True,0,0.0,0.0
deepgram-medium_booking-r008,deepgram,flux-haley-en,medium_booking,80.0,100.0,0.25,True,0,0.0,0.0
deepgram-medium_booking-r008,deepgram,flux-haley-en,medium_booking,80.0,100.0,0.5,True,0,0.0,0.0
deepgram-medium_booking-r008,deepgram,flux-haley-en,medium_booking,80.0,100.0,0.75,True,0,0.0,0.0
deepgram-medium_booking-r008,deepgram,flux-haley-en,medium_booking,80.0,200.0,0.25,True,0,0.0,0.0
deepgram-medium_booking-r008,deepgram,flux-haley-en,medium_booking,80.0,200.0,0.5,True,0,0.0,0.0
deepgram-medium_booking-r008,deepgram,flux-haley-en,medium_booking,80.0,200.0,0.75,True,0,0.0,0.0
deepgram-medium_booking-r008,deepgram,flux-haley-en,medium_booking,80.0,400.0,0.25,True,0,0.0,0.0
deepgram-medium_booking-r008,deepgram,flux-haley-en,medium_booking,80.0,400.0,0.5,True,0,0.0,0.0
deepgram-medium_booking-r008,deepgram,flux-haley-en,medium_booking,80.0,400.0,0.75,True,0,0.0,0.0
deepgram-medium_booking-r008,deepgram,flux-haley-en,medium_booking,80.0,800.0,0.25,False,1,199.20983299752697,199.20983299752697
deepgram-medium_booking-r008,deepgram,flux-haley-en,medium_booking,80.0,800.0,0.5,True,0,0.0,0.0
deepgram-medium_booking-r008,deepgram,flux-haley-en,medium_booking,80.0,800.0,0.75,True,0,0.0,0.0
deepgram-medium_booking-r008,deepgram,flux-haley-en,medium_booking,80.0,1200.0,0.25,False,1,599.209832997527,599.209832997527
deepgram-medium_booking-r008,deepgram,flux-haley-en,medium_booking,80.0,1200.0,0.5,False,1,42.36779102496803,42.36779102496803
deepgram-medium_booking-r008,deepgram,flux-haley-en,medium_booking,80.0,1200.0,0.75,True,0,0.0,0.0
deepgram-medium_booking-r009,deepgram,flux-haley-en,medium_booking,80.0,0.0,0.25,True,0,0.0,0.0
deepgram-medium_booking-r009,deepgram,flux-haley-en,medium_booking,80.0,0.0,0.5,True,0,0.0,0.0
deepgram-medium_booking-r009,deepgram,flux-haley-en,medium_booking,80.0,0.0,0.75,True,0,0.0,0.0
deepgram-medium_booking-r009,deepgram,flux-haley-en,medium_booking,80.0,50.0,0.25,True,0,0.0,0.0
deepgram-medium_booking-r009,deepgram,flux-haley-en,medium_booking,80.0,50.0,0.5,True,0,0.0,0.0
deepgram-medium_booking-r009,deepgram,flux-haley-en,medium_booking,80.0,50.0,0.75,True,0,0.0,0.0
deepgram-medium_booking-r009,deepgram,flux-haley-en,medium_booking,80.0,100.0,0.25,True,0,0.0,0.0
deepgram-medium_booking-r009,deepgram,flux-haley-en,medium_booking,80.0,100.0,0.5,True,0,0.0,0.0
deepgram-medium_booking-r009,deepgram,flux-haley-en,medium_booking,80.0,100.0,0.75,True,0,0.0,0.0
deepgram-medium_booking-r009,deepgram,flux-haley-en,medium_booking,80.0,200.0,0.25,True,0,0.0,0.0
deepgram-medium_booking-r009,deepgram,flux-haley-en,medium_booking,80.0,200.0,0.5,True,0,0.0,0.0
deepgram-medium_booking-r009,deepgram,flux-haley-en,medium_booking,80.0,200.0,0.75,True,0,0.0,0.0
deepgram-medium_booking-r009,deepgram,flux-haley-en,medium_booking,80.0,400.0,0.25,True,0,0.0,0.0
deepgram-medium_booking-r009,deepgram,flux-haley-en,medium_booking,80.0,400.0,0.5,True,0,0.0,0.0
deepgram-medium_booking-r009,deepgram,flux-haley-en,medium_booking,80.0,400.0,0.75,True,0,0.0,0.0
deepgram-medium_booking-r009,deepgram,flux-haley-en,medium_booking,80.0,800.0,0.25,False,1,203.00379203772172,203.00379203772172
deepgram-medium_booking-r009,deepgram,flux-haley-en,medium_booking,80.0,800.0,0.5,True,0,0.0,0.0
deepgram-medium_booking-r009,deepgram,flux-haley-en,medium_booking,80.0,800.0,0.75,True,0,0.0,0.0
deepgram-medium_booking-r009,deepgram,flux-haley-en,medium_booking,80.0,1200.0,0.25,False,1,603.0037920377217,603.0037920377217
deepgram-medium_booking-r009,deepgram,flux-haley-en,medium_booking,80.0,1200.0,0.5,False,1,47.72108300961554,47.72108300961554
deepgram-medium_booking-r009,deepgram,flux-haley-en,medium_booking,80.0,1200.0,0.75,True,0,0.0,0.0
deepgram-medium_booking-r010,deepgram,flux-haley-en,medium_booking,80.0,0.0,0.25,True,0,0.0,0.0
deepgram-medium_booking-r010,deepgram,flux-haley-en,medium_booking,80.0,0.0,0.5,True,0,0.0,0.0
deepgram-medium_booking-r010,deepgram,flux-haley-en,medium_booking,80.0,0.0,0.75,True,0,0.0,0.0
deepgram-medium_booking-r010,deepgram,flux-haley-en,medium_booking,80.0,50.0,0.25,True,0,0.0,0.0
deepgram-medium_booking-r010,deepgram,flux-haley-en,medium_booking,80.0,50.0,0.5,True,0,0.0,0.0
deepgram-medium_booking-r010,deepgram,flux-haley-en,medium_booking,80.0,50.0,0.75,True,0,0.0,0.0
deepgram-medium_booking-r010,deepgram,flux-haley-en,medium_booking,80.0,100.0,0.25,True,0,0.0,0.0
deepgram-medium_booking-r010,deepgram,flux-haley-en,medium_booking,80.0,100.0,0.5,True,0,0.0,0.0
deepgram-medium_booking-r010,deepgram,flux-haley-en,medium_booking,80.0,100.0,0.75,True,0,0.0,0.0
deepgram-medium_booking-r010,deepgram,flux-haley-en,medium_booking,80.0,200.0,0.25,True,0,0.0,0.0
deepgram-medium_booking-r010,deepgram,flux-haley-en,medium_booking,80.0,200.0,0.5,True,0,0.0,0.0
deepgram-medium_booking-r010,deepgram,flux-haley-en,medium_booking,80.0,200.0,0.75,True,0,0.0,0.0
deepgram-medium_booking-r010,deepgram,flux-haley-en,medium_booking,80.0,400.0,0.25,True,0,0.0,0.0
deepgram-medium_booking-r010,deepgram,flux-haley-en,medium_booking,80.0,400.0,0.5,True,0,0.0,0.0
deepgram-medium_booking-r010,deepgram,flux-haley-en,medium_booking,80.0,400.0,0.75,True,0,0.0,0.0
deepgram-medium_booking-r010,deepgram,flux-haley-en,medium_booking,80.0,800.0,0.25,False,1,203.62191601097584,203.62191601097584
deepgram-medium_booking-r010,deepgram,flux-haley-en,medium_booking,80.0,800.0,0.5,True,0,0.0,0.0
deepgram-medium_booking-r010,deepgram,flux-haley-en,medium_booking,80.0,800.0,0.75,True,0,0.0,0.0
deepgram-medium_booking-r010,deepgram,flux-haley-en,medium_booking,80.0,1200.0,0.25,False,1,603.6219160109758,603.6219160109758
deepgram-medium_booking-r010,deepgram,flux-haley-en,medium_booking,80.0,1200.0,0.5,False,1,45.98204101342708,45.98204101342708
deepgram-medium_booking-r010,deepgram,flux-haley-en,medium_booking,80.0,1200.0,0.75,True,0,0.0,0.0
deepgram-medium_booking-r011,deepgram,flux-haley-en,medium_booking,80.0,0.0,0.25,True,0,0.0,0.0
deepgram-medium_booking-r011,deepgram,flux-haley-en,medium_booking,80.0,0.0,0.5,True,0,0.0,0.0
deepgram-medium_booking-r011,deepgram,flux-haley-en,medium_booking,80.0,0.0,0.75,True,0,0.0,0.0
deepgram-medium_booking-r011,deepgram,flux-haley-en,medium_booking,80.0,50.0,0.25,True,0,0.0,0.0
deepgram-medium_booking-r011,deepgram,flux-haley-en,medium_booking,80.0,50.0,0.5,True,0,0.0,0.0
deepgram-medium_booking-r011,deepgram,flux-haley-en,medium_booking,80.0,50.0,0.75,True,0,0.0,0.0
deepgram-medium_booking-r011,deepgram,flux-haley-en,medium_booking,80.0,100.0,0.25,True,0,0.0,0.0
deepgram-medium_booking-r011,deepgram,flux-haley-en,medium_booking,80.0,100.0,0.5,True,0,0.0,0.0
deepgram-medium_booking-r011,deepgram,flux-haley-en,medium_booking,80.0,100.0,0.75,True,0,0.0,0.0
deepgram-medium_booking-r011,deepgram,flux-haley-en,medium_booking,80.0,200.0,0.25,True,0,0.0,0.0
deepgram-medium_booking-r011,deepgram,flux-haley-en,medium_booking,80.0,200.0,0.5,True,0,0.0,0.0
deepgram-medium_booking-r011,deepgram,flux-haley-en,medium_booking,80.0,200.0,0.75,True,0,0.0,0.0
deepgram-medium_booking-r011,deepgram,flux-haley-en,medium_booking,80.0,400.0,0.25,True,0,0.0,0.0
deepgram-medium_booking-r011,deepgram,flux-haley-en,medium_booking,80.0,400.0,0.5,True,0,0.0,0.0
deepgram-medium_booking-r011,deepgram,flux-haley-en,medium_booking,80.0,400.0,0.75,True,0,0.0,0.0
deepgram-medium_booking-r011,deepgram,flux-haley-en,medium_booking,80.0,800.0,0.25,False,1,200.61354100843892,200.61354100843892
deepgram-medium_booking-r011,deepgram,flux-haley-en,medium_booking,80.0,800.0,0.5,True,0,0.0,0.0
deepgram-medium_booking-r011,deepgram,flux-haley-en,medium_booking,80.0,800.0,0.75,True,0,0.0,0.0
deepgram-medium_booking-r011,deepgram,flux-haley-en,medium_booking,80.0,1200.0,0.25,False,1,600.6135410084389,600.6135410084389
deepgram-medium_booking-r011,deepgram,flux-haley-en,medium_booking,80.0,1200.0,0.5,False,1,13.234833005350083,13.234833005350083
deepgram-medium_booking-r011,deepgram,flux-haley-en,medium_booking,80.0,1200.0,0.75,True,0,0.0,0.0
deepgram-medium_booking-r012,deepgram,flux-haley-en,medium_booking,80.0,0.0,0.25,True,0,0.0,0.0
deepgram-medium_booking-r012,deepgram,flux-haley-en,medium_booking,80.0,0.0,0.5,True,0,0.0,0.0
deepgram-medium_booking-r012,deepgram,flux-haley-en,medium_booking,80.0,0.0,0.75,True,0,0.0,0.0
deepgram-medium_booking-r012,deepgram,flux-haley-en,medium_booking,80.0,50.0,0.25,True,0,0.0,0.0
deepgram-medium_booking-r012,deepgram,flux-haley-en,medium_booking,80.0,50.0,0.5,True,0,0.0,0.0
deepgram-medium_booking-r012,deepgram,flux-haley-en,medium_booking,80.0,50.0,0.75,True,0,0.0,0.0
deepgram-medium_booking-r012,deepgram,flux-haley-en,medium_booking,80.0,100.0,0.25,True,0,0.0,0.0
deepgram-medium_booking-r012,deepgram,flux-haley-en,medium_booking,80.0,100.0,0.5,True,0,0.0,0.0
deepgram-medium_booking-r012,deepgram,flux-haley-en,medium_booking,80.0,100.0,0.75,True,0,0.0,0.0
deepgram-medium_booking-r012,deepgram,flux-haley-en,medium_booking,80.0,200.0,0.25,True,0,0.0,0.0
deepgram-medium_booking-r012,deepgram,flux-haley-en,medium_booking,80.0,200.0,0.5,True,0,0.0,0.0
deepgram-medium_booking-r012,deepgram,flux-haley-en,medium_booking,80.0,200.0,0.75,True,0,0.0,0.0
deepgram-medium_booking-r012,deepgram,flux-haley-en,medium_booking,80.0,400.0,0.25,True,0,0.0,0.0
deepgram-medium_booking-r012,deepgram,flux-haley-en,medium_booking,80.0,400.0,0.5,True,0,0.0,0.0
deepgram-medium_booking-r012,deepgram,flux-haley-en,medium_booking,80.0,400.0,0.75,True,0,0.0,0.0
deepgram-medium_booking-r012,deepgram,flux-haley-en,medium_booking,80.0,800.0,0.25,False,1,203.6120410230942,203.6120410230942
deepgram-medium_booking-r012,deepgram,flux-haley-en,medium_booking,80.0,800.0,0.5,True,0,0.0,0.0
deepgram-medium_booking-r012,deepgram,flux-haley-en,medium_booking,80.0,800.0,0.75,True,0,0.0,0.0
deepgram-medium_booking-r012,deepgram,flux-haley-en,medium_booking,80.0,1200.0,0.25,False,1,603.6120410230942,603.6120410230942
deepgram-medium_booking-r012,deepgram,flux-haley-en,medium_booking,80.0,1200.0,0.5,False,1,19.0652500432916,19.0652500432916
deepgram-medium_booking-r012,deepgram,flux-haley-en,medium_booking,80.0,1200.0,0.75,True,0,0.0,0.0
deepgram-medium_booking-r013,deepgram,flux-haley-en,medium_booking,80.0,0.0,0.25,True,0,0.0,0.0
deepgram-medium_booking-r013,deepgram,flux-haley-en,medium_booking,80.0,0.0,0.5,True,0,0.0,0.0
deepgram-medium_booking-r013,deepgram,flux-haley-en,medium_booking,80.0,0.0,0.75,True,0,0.0,0.0
deepgram-medium_booking-r013,deepgram,flux-haley-en,medium_booking,80.0,50.0,0.25,True,0,0.0,0.0
deepgram-medium_booking-r013,deepgram,flux-haley-en,medium_booking,80.0,50.0,0.5,True,0,0.0,0.0
deepgram-medium_booking-r013,deepgram,flux-haley-en,medium_booking,80.0,50.0,0.75,True,0,0.0,0.0
deepgram-medium_booking-r013,deepgram,flux-haley-en,medium_booking,80.0,100.0,0.25,True,0,0.0,0.0
deepgram-medium_booking-r013,deepgram,flux-haley-en,medium_booking,80.0,100.0,0.5,True,0,0.0,0.0
deepgram-medium_booking-r013,deepgram,flux-haley-en,medium_booking,80.0,100.0,0.75,True,0,0.0,0.0
deepgram-medium_booking-r013,deepgram,flux-haley-en,medium_booking,80.0,200.0,0.25,True,0,0.0,0.0
deepgram-medium_booking-r013,deepgram,flux-haley-en,medium_booking,80.0,200.0,0.5,True,0,0.0,0.0
deepgram-medium_booking-r013,deepgram,flux-haley-en,medium_booking,80.0,200.0,0.75,True,0,0.0,0.0
deepgram-medium_booking-r013,deepgram,flux-haley-en,medium_booking,80.0,400.0,0.25,True,0,0.0,0.0
deepgram-medium_booking-r013,deepgram,flux-haley-en,medium_booking,80.0,400.0,0.5,True,0,0.0,0.0
deepgram-medium_booking-r013,deepgram,flux-haley-en,medium_booking,80.0,400.0,0.75,True,0,0.0,0.0
deepgram-medium_booking-r013,deepgram,flux-haley-en,medium_booking,80.0,800.0,0.25,False,1,203.1335409884341,203.1335409884341
deepgram-medium_booking-r013,deepgram,flux-haley-en,medium_booking,80.0,800.0,0.5,True,0,0.0,0.0
deepgram-medium_booking-r013,deepgram,flux-haley-en,medium_booking,80.0,800.0,0.75,True,0,0.0,0.0
deepgram-medium_booking-r013,deepgram,flux-haley-en,medium_booking,80.0,1200.0,0.25,False,1,603.1335409884341,603.1335409884341
deepgram-medium_booking-r013,deepgram,flux-haley-en,medium_booking,80.0,1200.0,0.5,False,1,15.76362501969561,15.76362501969561
deepgram-medium_booking-r013,deepgram,flux-haley-en,medium_booking,80.0,1200.0,0.75,True,0,0.0,0.0
deepgram-medium_booking-r014,deepgram,flux-haley-en,medium_booking,80.0,0.0,0.25,True,0,0.0,0.0
deepgram-medium_booking-r014,deepgram,flux-haley-en,medium_booking,80.0,0.0,0.5,True,0,0.0,0.0
deepgram-medium_booking-r014,deepgram,flux-haley-en,medium_booking,80.0,0.0,0.75,True,0,0.0,0.0
deepgram-medium_booking-r014,deepgram,flux-haley-en,medium_booking,80.0,50.0,0.25,True,0,0.0,0.0
deepgram-medium_booking-r014,deepgram,flux-haley-en,medium_booking,80.0,50.0,0.5,True,0,0.0,0.0
deepgram-medium_booking-r014,deepgram,flux-haley-en,medium_booking,80.0,50.0,0.75,True,0,0.0,0.0
deepgram-medium_booking-r014,deepgram,flux-haley-en,medium_booking,80.0,100.0,0.25,True,0,0.0,0.0
deepgram-medium_booking-r014,deepgram,flux-haley-en,medium_booking,80.0,100.0,0.5,True,0,0.0,0.0
deepgram-medium_booking-r014,deepgram,flux-haley-en,medium_booking,80.0,100.0,0.75,True,0,0.0,0.0
deepgram-medium_booking-r014,deepgram,flux-haley-en,medium_booking,80.0,200.0,0.25,True,0,0.0,0.0
deepgram-medium_booking-r014,deepgram,flux-haley-en,medium_booking,80.0,200.0,0.5,True,0,0.0,0.0
deepgram-medium_booking-r014,deepgram,flux-haley-en,medium_booking,80.0,200.0,0.75,True,0,0.0,0.0
deepgram-medium_booking-r014,deepgram,flux-haley-en,medium_booking,80.0,400.0,0.25,True,0,0.0,0.0
deepgram-medium_booking-r014,deepgram,flux-haley-en,medium_booking,80.0,400.0,0.5,True,0,0.0,0.0
deepgram-medium_booking-r014,deepgram,flux-haley-en,medium_booking,80.0,400.0,0.75,True,0,0.0,0.0
deepgram-medium_booking-r014,deepgram,flux-haley-en,medium_booking,80.0,800.0,0.25,False,1,197.2835839879699,197.2835839879699
deepgram-medium_booking-r014,deepgram,flux-haley-en,medium_booking,80.0,800.0,0.5,True,0,0.0,0.0
deepgram-medium_booking-r014,deepgram,flux-haley-en,medium_booking,80.0,800.0,0.75,True,0,0.0,0.0
deepgram-medium_booking-r014,deepgram,flux-haley-en,medium_booking,80.0,1200.0,0.25,False,1,597.2835839879699,597.2835839879699
deepgram-medium_booking-r014,deepgram,flux-haley-en,medium_booking,80.0,1200.0,0.5,False,1,10.738124995492399,10.738124995492399
deepgram-medium_booking-r014,deepgram,flux-haley-en,medium_booking,80.0,1200.0,0.75,True,0,0.0,0.0
deepgram-medium_booking-r015,deepgram,flux-haley-en,medium_booking,80.0,0.0,0.25,True,0,0.0,0.0
deepgram-medium_booking-r015,deepgram,flux-haley-en,medium_booking,80.0,0.0,0.5,True,0,0.0,0.0
deepgram-medium_booking-r015,deepgram,flux-haley-en,medium_booking,80.0,0.0,0.75,True,0,0.0,0.0
deepgram-medium_booking-r015,deepgram,flux-haley-en,medium_booking,80.0,50.0,0.25,True,0,0.0,0.0
deepgram-medium_booking-r015,deepgram,flux-haley-en,medium_booking,80.0,50.0,0.5,True,0,0.0,0.0
deepgram-medium_booking-r015,deepgram,flux-haley-en,medium_booking,80.0,50.0,0.75,True,0,0.0,0.0
deepgram-medium_booking-r015,deepgram,flux-haley-en,medium_booking,80.0,100.0,0.25,True,0,0.0,0.0
deepgram-medium_booking-r015,deepgram,flux-haley-en,medium_booking,80.0,100.0,0.5,True,0,0.0,0.0
deepgram-medium_booking-r015,deepgram,flux-haley-en,medium_booking,80.0,100.0,0.75,True,0,0.0,0.0
deepgram-medium_booking-r015,deepgram,flux-haley-en,medium_booking,80.0,200.0,0.25,True,0,0.0,0.0
deepgram-medium_booking-r015,deepgram,flux-haley-en,medium_booking,80.0,200.0,0.5,True,0,0.0,0.0
deepgram-medium_booking-r015,deepgram,flux-haley-en,medium_booking,80.0,200.0,0.75,True,0,0.0,0.0
deepgram-medium_booking-r015,deepgram,flux-haley-en,medium_booking,80.0,400.0,0.25,True,0,0.0,0.0
deepgram-medium_booking-r015,deepgram,flux-haley-en,medium_booking,80.0,400.0,0.5,True,0,0.0,0.0
deepgram-medium_booking-r015,deepgram,flux-haley-en,medium_booking,80.0,400.0,0.75,True,0,0.0,0.0
deepgram-medium_booking-r015,deepgram,flux-haley-en,medium_booking,80.0,800.0,0.25,False,1,170.50354202184826,170.50354202184826
deepgram-medium_booking-r015,deepgram,flux-haley-en,medium_booking,80.0,800.0,0.5,True,0,0.0,0.0
deepgram-medium_booking-r015,deepgram,flux-haley-en,medium_booking,80.0,800.0,0.75,True,0,0.0,0.0
deepgram-medium_booking-r015,deepgram,flux-haley-en,medium_booking,80.0,1200.0,0.25,False,1,570.5035420218483,570.5035420218483
deepgram-medium_booking-r015,deepgram,flux-haley-en,medium_booking,80.0,1200.0,0.5,True,0,0.0,0.0
deepgram-medium_booking-r015,deepgram,flux-haley-en,medium_booking,80.0,1200.0,0.75,True,0,0.0,0.0
deepgram-medium_booking-r016,deepgram,flux-haley-en,medium_booking,80.0,0.0,0.25,True,0,0.0,0.0
deepgram-medium_booking-r016,deepgram,flux-haley-en,medium_booking,80.0,0.0,0.5,True,0,0.0,0.0
deepgram-medium_booking-r016,deepgram,flux-haley-en,medium_booking,80.0,0.0,0.75,True,0,0.0,0.0
deepgram-medium_booking-r016,deepgram,flux-haley-en,medium_booking,80.0,50.0,0.25,True,0,0.0,0.0
deepgram-medium_booking-r016,deepgram,flux-haley-en,medium_booking,80.0,50.0,0.5,True,0,0.0,0.0
deepgram-medium_booking-r016,deepgram,flux-haley-en,medium_booking,80.0,50.0,0.75,True,0,0.0,0.0
deepgram-medium_booking-r016,deepgram,flux-haley-en,medium_booking,80.0,100.0,0.25,True,0,0.0,0.0
deepgram-medium_booking-r016,deepgram,flux-haley-en,medium_booking,80.0,100.0,0.5,True,0,0.0,0.0
deepgram-medium_booking-r016,deepgram,flux-haley-en,medium_booking,80.0,100.0,0.75,True,0,0.0,0.0
deepgram-medium_booking-r016,deepgram,flux-haley-en,medium_booking,80.0,200.0,0.25,True,0,0.0,0.0
deepgram-medium_booking-r016,deepgram,flux-haley-en,medium_booking,80.0,200.0,0.5,True,0,0.0,0.0
deepgram-medium_booking-r016,deepgram,flux-haley-en,medium_booking,80.0,200.0,0.75,True,0,0.0,0.0
deepgram-medium_booking-r016,deepgram,flux-haley-en,medium_booking,80.0,400.0,0.25,True,0,0.0,0.0
deepgram-medium_booking-r016,deepgram,flux-haley-en,medium_booking,80.0,400.0,0.5,True,0,0.0,0.0
deepgram-medium_booking-r016,deepgram,flux-haley-en,medium_booking,80.0,400.0,0.75,True,0,0.0,0.0
deepgram-medium_booking-r016,deepgram,flux-haley-en,medium_booking,80.0,800.0,0.25,False,1,204.78066598670557,204.78066598670557
deepgram-medium_booking-r016,deepgram,flux-haley-en,medium_booking,80.0,800.0,0.5,True,0,0.0,0.0
deepgram-medium_booking-r016,deepgram,flux-haley-en,medium_booking,80.0,800.0,0.75,True,0,0.0,0.0
deepgram-medium_booking-r016,deepgram,flux-haley-en,medium_booking,80.0,1200.0,0.25,False,1,604.7806659867056,604.7806659867056
deepgram-medium_booking-r016,deepgram,flux-haley-en,medium_booking,80.0,1200.0,0.5,False,1,48.143457995262,48.143457995262
deepgram-medium_booking-r016,deepgram,flux-haley-en,medium_booking,80.0,1200.0,0.75,True,0,0.0,0.0
deepgram-medium_booking-r017,deepgram,flux-haley-en,medium_booking,80.0,0.0,0.25,True,0,0.0,0.0
deepgram-medium_booking-r017,deepgram,flux-haley-en,medium_booking,80.0,0.0,0.5,True,0,0.0,0.0
deepgram-medium_booking-r017,deepgram,flux-haley-en,medium_booking,80.0,0.0,0.75,True,0,0.0,0.0
deepgram-medium_booking-r017,deepgram,flux-haley-en,medium_booking,80.0,50.0,0.25,True,0,0.0,0.0
deepgram-medium_booking-r017,deepgram,flux-haley-en,medium_booking,80.0,50.0,0.5,True,0,0.0,0.0
deepgram-medium_booking-r017,deepgram,flux-haley-en,medium_booking,80.0,50.0,0.75,True,0,0.0,0.0
deepgram-medium_booking-r017,deepgram,flux-haley-en,medium_booking,80.0,100.0,0.25,True,0,0.0,0.0
deepgram-medium_booking-r017,deepgram,flux-haley-en,medium_booking,80.0,100.0,0.5,True,0,0.0,0.0
deepgram-medium_booking-r017,deepgram,flux-haley-en,medium_booking,80.0,100.0,0.75,True,0,0.0,0.0
deepgram-medium_booking-r017,deepgram,flux-haley-en,medium_booking,80.0,200.0,0.25,True,0,0.0,0.0
deepgram-medium_booking-r017,deepgram,flux-haley-en,medium_booking,80.0,200.0,0.5,True,0,0.0,0.0
deepgram-medium_booking-r017,deepgram,flux-haley-en,medium_booking,80.0,200.0,0.75,True,0,0.0,0.0
deepgram-medium_booking-r017,deepgram,flux-haley-en,medium_booking,80.0,400.0,0.25,True,0,0.0,0.0
deepgram-medium_booking-r017,deepgram,flux-haley-en,medium_booking,80.0,400.0,0.5,True,0,0.0,0.0
deepgram-medium_booking-r017,deepgram,flux-haley-en,medium_booking,80.0,400.0,0.75,True,0,0.0,0.0
deepgram-medium_booking-r017,deepgram,flux-haley-en,medium_booking,80.0,800.0,0.25,False,1,202.0026659630239,202.0026659630239
deepgram-medium_booking-r017,deepgram,flux-haley-en,medium_booking,80.0,800.0,0.5,True,0,0.0,0.0
deepgram-medium_booking-r017,deepgram,flux-haley-en,medium_booking,80.0,800.0,0.75,True,0,0.0,0.0
deepgram-medium_booking-r017,deepgram,flux-haley-en,medium_booking,80.0,1200.0,0.25,False,1,602.0026659630239,602.0026659630239
deepgram-medium_booking-r017,deepgram,flux-haley-en,medium_booking,80.0,1200.0,0.5,False,1,45.39287500223145,45.39287500223145
deepgram-medium_booking-r017,deepgram,flux-haley-en,medium_booking,80.0,1200.0,0.75,True,0,0.0,0.0
deepgram-medium_booking-r018,deepgram,flux-haley-en,medium_booking,80.0,0.0,0.25,True,0,0.0,0.0
deepgram-medium_booking-r018,deepgram,flux-haley-en,medium_booking,80.0,0.0,0.5,True,0,0.0,0.0
deepgram-medium_booking-r018,deepgram,flux-haley-en,medium_booking,80.0,0.0,0.75,True,0,0.0,0.0
deepgram-medium_booking-r018,deepgram,flux-haley-en,medium_booking,80.0,50.0,0.25,True,0,0.0,0.0
deepgram-medium_booking-r018,deepgram,flux-haley-en,medium_booking,80.0,50.0,0.5,True,0,0.0,0.0
deepgram-medium_booking-r018,deepgram,flux-haley-en,medium_booking,80.0,50.0,0.75,True,0,0.0,0.0
deepgram-medium_booking-r018,deepgram,flux-haley-en,medium_booking,80.0,100.0,0.25,True,0,0.0,0.0
deepgram-medium_booking-r018,deepgram,flux-haley-en,medium_booking,80.0,100.0,0.5,True,0,0.0,0.0
deepgram-medium_booking-r018,deepgram,flux-haley-en,medium_booking,80.0,100.0,0.75,True,0,0.0,0.0
deepgram-medium_booking-r018,deepgram,flux-haley-en,medium_booking,80.0,200.0,0.25,True,0,0.0,0.0
deepgram-medium_booking-r018,deepgram,flux-haley-en,medium_booking,80.0,200.0,0.5,True,0,0.0,0.0
deepgram-medium_booking-r018,deepgram,flux-haley-en,medium_booking,80.0,200.0,0.75,True,0,0.0,0.0
deepgram-medium_booking-r018,deepgram,flux-haley-en,medium_booking,80.0,400.0,0.25,True,0,0.0,0.0
deepgram-medium_booking-r018,deepgram,flux-haley-en,medium_booking,80.0,400.0,0.5,True,0,0.0,0.0
deepgram-medium_booking-r018,deepgram,flux-haley-en,medium_booking,80.0,400.0,0.75,True,0,0.0,0.0
deepgram-medium_booking-r018,deepgram,flux-haley-en,medium_booking,80.0,800.0,0.25,False,1,202.26104202819988,202.26104202819988
deepgram-medium_booking-r018,deepgram,flux-haley-en,medium_booking,80.0,800.0,0.5,True,0,0.0,0.0
deepgram-medium_booking-r018,deepgram,flux-haley-en,medium_booking,80.0,800.0,0.75,True,0,0.0,0.0
deepgram-medium_booking-r018,deepgram,flux-haley-en,medium_booking,80.0,1200.0,0.25,False,1,602.2610420281999,602.2610420281999
deepgram-medium_booking-r018,deepgram,flux-haley-en,medium_booking,80.0,1200.0,0.5,False,1,15.267042018473148,15.267042018473148
deepgram-medium_booking-r018,deepgram,flux-haley-en,medium_booking,80.0,1200.0,0.75,True,0,0.0,0.0
deepgram-medium_booking-r019,deepgram,flux-haley-en,medium_booking,80.0,0.0,0.25,True,0,0.0,0.0
deepgram-medium_booking-r019,deepgram,flux-haley-en,medium_booking,80.0,0.0,0.5,True,0,0.0,0.0
deepgram-medium_booking-r019,deepgram,flux-haley-en,medium_booking,80.0,0.0,0.75,True,0,0.0,0.0
deepgram-medium_booking-r019,deepgram,flux-haley-en,medium_booking,80.0,50.0,0.25,True,0,0.0,0.0
deepgram-medium_booking-r019,deepgram,flux-haley-en,medium_booking,80.0,50.0,0.5,True,0,0.0,0.0
deepgram-medium_booking-r019,deepgram,flux-haley-en,medium_booking,80.0,50.0,0.75,True,0,0.0,0.0
deepgram-medium_booking-r019,deepgram,flux-haley-en,medium_booking,80.0,100.0,0.25,True,0,0.0,0.0
deepgram-medium_booking-r019,deepgram,flux-haley-en,medium_booking,80.0,100.0,0.5,True,0,0.0,0.0
deepgram-medium_booking-r019,deepgram,flux-haley-en,medium_booking,80.0,100.0,0.75,True,0,0.0,0.0
deepgram-medium_booking-r019,deepgram,flux-haley-en,medium_booking,80.0,200.0,0.25,True,0,0.0,0.0
deepgram-medium_booking-r019,deepgram,flux-haley-en,medium_booking,80.0,200.0,0.5,True,0,0.0,0.0
deepgram-medium_booking-r019,deepgram,flux-haley-en,medium_booking,80.0,200.0,0.75,True,0,0.0,0.0
deepgram-medium_booking-r019,deepgram,flux-haley-en,medium_booking,80.0,400.0,0.25,True,0,0.0,0.0
deepgram-medium_booking-r019,deepgram,flux-haley-en,medium_booking,80.0,400.0,0.5,True,0,0.0,0.0
deepgram-medium_booking-r019,deepgram,flux-haley-en,medium_booking,80.0,400.0,0.75,True,0,0.0,0.0
deepgram-medium_booking-r019,deepgram,flux-haley-en,medium_booking,80.0,800.0,0.25,False,1,203.10762495873496,203.10762495873496
deepgram-medium_booking-r019,deepgram,flux-haley-en,medium_booking,80.0,800.0,0.5,True,0,0.0,0.0
deepgram-medium_booking-r019,deepgram,flux-haley-en,medium_booking,80.0,800.0,0.75,True,0,0.0,0.0
deepgram-medium_booking-r019,deepgram,flux-haley-en,medium_booking,80.0,1200.0,0.25,False,1,603.107624958735,603.107624958735
deepgram-medium_booking-r019,deepgram,flux-haley-en,medium_booking,80.0,1200.0,0.5,False,1,50.35108301229775,50.35108301229775
deepgram-medium_booking-r019,deepgram,flux-haley-en,medium_booking,80.0,1200.0,0.75,True,0,0.0,0.0
deepgram-medium_support-r000,deepgram,flux-haley-en,medium_support,80.0,0.0,0.25,True,0,0.0,0.0
deepgram-medium_support-r000,deepgram,flux-haley-en,medium_support,80.0,0.0,0.5,True,0,0.0,0.0
deepgram-medium_support-r000,deepgram,flux-haley-en,medium_support,80.0,0.0,0.75,True,0,0.0,0.0
deepgram-medium_support-r000,deepgram,flux-haley-en,medium_support,80.0,50.0,0.25,True,0,0.0,0.0
deepgram-medium_support-r000,deepgram,flux-haley-en,medium_support,80.0,50.0,0.5,True,0,0.0,0.0
deepgram-medium_support-r000,deepgram,flux-haley-en,medium_support,80.0,50.0,0.75,True,0,0.0,0.0
deepgram-medium_support-r000,deepgram,flux-haley-en,medium_support,80.0,100.0,0.25,True,0,0.0,0.0
deepgram-medium_support-r000,deepgram,flux-haley-en,medium_support,80.0,100.0,0.5,True,0,0.0,0.0
deepgram-medium_support-r000,deepgram,flux-haley-en,medium_support,80.0,100.0,0.75,True,0,0.0,0.0
deepgram-medium_support-r000,deepgram,flux-haley-en,medium_support,80.0,200.0,0.25,True,0,0.0,0.0
deepgram-medium_support-r000,deepgram,flux-haley-en,medium_support,80.0,200.0,0.5,True,0,0.0,0.0
deepgram-medium_support-r000,deepgram,flux-haley-en,medium_support,80.0,200.0,0.75,True,0,0.0,0.0
deepgram-medium_support-r000,deepgram,flux-haley-en,medium_support,80.0,400.0,0.25,True,0,0.0,0.0
deepgram-medium_support-r000,deepgram,flux-haley-en,medium_support,80.0,400.0,0.5,True,0,0.0,0.0
deepgram-medium_support-r000,deepgram,flux-haley-en,medium_support,80.0,400.0,0.75,True,0,0.0,0.0
deepgram-medium_support-r000,deepgram,flux-haley-en,medium_support,80.0,800.0,0.25,False,1,235.32591595919803,235.32591595919803
deepgram-medium_support-r000,deepgram,flux-haley-en,medium_support,80.0,800.0,0.5,True,0,0.0,0.0
deepgram-medium_support-r000,deepgram,flux-haley-en,medium_support,80.0,800.0,0.75,True,0,0.0,0.0
deepgram-medium_support-r000,deepgram,flux-haley-en,medium_support,80.0,1200.0,0.25,False,1,635.325915959198,635.325915959198
deepgram-medium_support-r000,deepgram,flux-haley-en,medium_support,80.0,1200.0,0.5,False,1,126.5117499944754,126.5117499944754
deepgram-medium_support-r000,deepgram,flux-haley-en,medium_support,80.0,1200.0,0.75,True,0,0.0,0.0
deepgram-medium_support-r001,deepgram,flux-haley-en,medium_support,80.0,0.0,0.25,True,0,0.0,0.0
deepgram-medium_support-r001,deepgram,flux-haley-en,medium_support,80.0,0.0,0.5,True,0,0.0,0.0
deepgram-medium_support-r001,deepgram,flux-haley-en,medium_support,80.0,0.0,0.75,True,0,0.0,0.0
deepgram-medium_support-r001,deepgram,flux-haley-en,medium_support,80.0,50.0,0.25,True,0,0.0,0.0
deepgram-medium_support-r001,deepgram,flux-haley-en,medium_support,80.0,50.0,0.5,True,0,0.0,0.0
deepgram-medium_support-r001,deepgram,flux-haley-en,medium_support,80.0,50.0,0.75,True,0,0.0,0.0
deepgram-medium_support-r001,deepgram,flux-haley-en,medium_support,80.0,100.0,0.25,True,0,0.0,0.0
deepgram-medium_support-r001,deepgram,flux-haley-en,medium_support,80.0,100.0,0.5,True,0,0.0,0.0
deepgram-medium_support-r001,deepgram,flux-haley-en,medium_support,80.0,100.0,0.75,True,0,0.0,0.0
deepgram-medium_support-r001,deepgram,flux-haley-en,medium_support,80.0,200.0,0.25,True,0,0.0,0.0
deepgram-medium_support-r001,deepgram,flux-haley-en,medium_support,80.0,200.0,0.5,True,0,0.0,0.0
deepgram-medium_support-r001,deepgram,flux-haley-en,medium_support,80.0,200.0,0.75,True,0,0.0,0.0
deepgram-medium_support-r001,deepgram,flux-haley-en,medium_support,80.0,400.0,0.25,True,0,0.0,0.0
deepgram-medium_support-r001,deepgram,flux-haley-en,medium_support,80.0,400.0,0.5,True,0,0.0,0.0
deepgram-medium_support-r001,deepgram,flux-haley-en,medium_support,80.0,400.0,0.75,True,0,0.0,0.0
deepgram-medium_support-r001,deepgram,flux-haley-en,medium_support,80.0,800.0,0.25,False,1,234.45920796273276,234.45920796273276
deepgram-medium_support-r001,deepgram,flux-haley-en,medium_support,80.0,800.0,0.5,True,0,0.0,0.0
deepgram-medium_support-r001,deepgram,flux-haley-en,medium_support,80.0,800.0,0.75,True,0,0.0,0.0
deepgram-medium_support-r001,deepgram,flux-haley-en,medium_support,80.0,1200.0,0.25,False,1,634.4592079627328,634.4592079627328
deepgram-medium_support-r001,deepgram,flux-haley-en,medium_support,80.0,1200.0,0.5,False,1,153.72720796521753,153.72720796521753
deepgram-medium_support-r001,deepgram,flux-haley-en,medium_support,80.0,1200.0,0.75,True,0,0.0,0.0
deepgram-medium_support-r002,deepgram,flux-haley-en,medium_support,80.0,0.0,0.25,True,0,0.0,0.0
deepgram-medium_support-r002,deepgram,flux-haley-en,medium_support,80.0,0.0,0.5,True,0,0.0,0.0
deepgram-medium_support-r002,deepgram,flux-haley-en,medium_support,80.0,0.0,0.75,True,0,0.0,0.0
deepgram-medium_support-r002,deepgram,flux-haley-en,medium_support,80.0,50.0,0.25,True,0,0.0,0.0
deepgram-medium_support-r002,deepgram,flux-haley-en,medium_support,80.0,50.0,0.5,True,0,0.0,0.0
deepgram-medium_support-r002,deepgram,flux-haley-en,medium_support,80.0,50.0,0.75,True,0,0.0,0.0
deepgram-medium_support-r002,deepgram,flux-haley-en,medium_support,80.0,100.0,0.25,True,0,0.0,0.0
deepgram-medium_support-r002,deepgram,flux-haley-en,medium_support,80.0,100.0,0.5,True,0,0.0,0.0
deepgram-medium_support-r002,deepgram,flux-haley-en,medium_support,80.0,100.0,0.75,True,0,0.0,0.0
deepgram-medium_support-r002,deepgram,flux-haley-en,medium_support,80.0,200.0,0.25,True,0,0.0,0.0
deepgram-medium_support-r002,deepgram,flux-haley-en,medium_support,80.0,200.0,0.5,True,0,0.0,0.0
deepgram-medium_support-r002,deepgram,flux-haley-en,medium_support,80.0,200.0,0.75,True,0,0.0,0.0
deepgram-medium_support-r002,deepgram,flux-haley-en,medium_support,80.0,400.0,0.25,True,0,0.0,0.0
deepgram-medium_support-r002,deepgram,flux-haley-en,medium_support,80.0,400.0,0.5,True,0,0.0,0.0
deepgram-medium_support-r002,deepgram,flux-haley-en,medium_support,80.0,400.0,0.75,True,0,0.0,0.0
deepgram-medium_support-r002,deepgram,flux-haley-en,medium_support,80.0,800.0,0.25,False,1,202.0086669982411,202.0086669982411
deepgram-medium_support-r002,deepgram,flux-haley-en,medium_support,80.0,800.0,0.5,True,0,0.0,0.0
deepgram-medium_support-r002,deepgram,flux-haley-en,medium_support,80.0,800.0,0.75,True,0,0.0,0.0
deepgram-medium_support-r002,deepgram,flux-haley-en,medium_support,80.0,1200.0,0.25,False,1,602.0086669982411,602.0086669982411
deepgram-medium_support-r002,deepgram,flux-haley-en,medium_support,80.0,1200.0,0.5,False,1,95.10737497033551,95.10737497033551
deepgram-medium_support-r002,deepgram,flux-haley-en,medium_support,80.0,1200.0,0.75,True,0,0.0,0.0
deepgram-medium_support-r003,deepgram,flux-haley-en,medium_support,80.0,0.0,0.25,True,0,0.0,0.0
deepgram-medium_support-r003,deepgram,flux-haley-en,medium_support,80.0,0.0,0.5,True,0,0.0,0.0
deepgram-medium_support-r003,deepgram,flux-haley-en,medium_support,80.0,0.0,0.75,True,0,0.0,0.0
deepgram-medium_support-r003,deepgram,flux-haley-en,medium_support,80.0,50.0,0.25,True,0,0.0,0.0
deepgram-medium_support-r003,deepgram,flux-haley-en,medium_support,80.0,50.0,0.5,True,0,0.0,0.0
deepgram-medium_support-r003,deepgram,flux-haley-en,medium_support,80.0,50.0,0.75,True,0,0.0,0.0
deepgram-medium_support-r003,deepgram,flux-haley-en,medium_support,80.0,100.0,0.25,True,0,0.0,0.0
deepgram-medium_support-r003,deepgram,flux-haley-en,medium_support,80.0,100.0,0.5,True,0,0.0,0.0
deepgram-medium_support-r003,deepgram,flux-haley-en,medium_support,80.0,100.0,0.75,True,0,0.0,0.0
deepgram-medium_support-r003,deepgram,flux-haley-en,medium_support,80.0,200.0,0.25,True,0,0.0,0.0
deepgram-medium_support-r003,deepgram,flux-haley-en,medium_support,80.0,200.0,0.5,True,0,0.0,0.0
deepgram-medium_support-r003,deepgram,flux-haley-en,medium_support,80.0,200.0,0.75,True,0,0.0,0.0
deepgram-medium_support-r003,deepgram,flux-haley-en,medium_support,80.0,400.0,0.25,True,0,0.0,0.0
deepgram-medium_support-r003,deepgram,flux-haley-en,medium_support,80.0,400.0,0.5,True,0,0.0,0.0
deepgram-medium_support-r003,deepgram,flux-haley-en,medium_support,80.0,400.0,0.75,True,0,0.0,0.0
deepgram-medium_support-r003,deepgram,flux-haley-en,medium_support,80.0,800.0,0.25,False,1,202.70399999944493,202.70399999944493
deepgram-medium_support-r003,deepgram,flux-haley-en,medium_support,80.0,800.0,0.5,True,0,0.0,0.0
deepgram-medium_support-r003,deepgram,flux-haley-en,medium_support,80.0,800.0,0.75,True,0,0.0,0.0
deepgram-medium_support-r003,deepgram,flux-haley-en,medium_support,80.0,1200.0,0.25,False,1,602.7039999994449,602.7039999994449
deepgram-medium_support-r003,deepgram,flux-haley-en,medium_support,80.0,1200.0,0.5,False,1,53.35275000566617,53.35275000566617
deepgram-medium_support-r003,deepgram,flux-haley-en,medium_support,80.0,1200.0,0.75,True,0,0.0,0.0
deepgram-medium_support-r004,deepgram,flux-haley-en,medium_support,80.0,0.0,0.25,True,0,0.0,0.0
deepgram-medium_support-r004,deepgram,flux-haley-en,medium_support,80.0,0.0,0.5,True,0,0.0,0.0
deepgram-medium_support-r004,deepgram,flux-haley-en,medium_support,80.0,0.0,0.75,True,0,0.0,0.0
deepgram-medium_support-r004,deepgram,flux-haley-en,medium_support,80.0,50.0,0.25,True,0,0.0,0.0
deepgram-medium_support-r004,deepgram,flux-haley-en,medium_support,80.0,50.0,0.5,True,0,0.0,0.0
deepgram-medium_support-r004,deepgram,flux-haley-en,medium_support,80.0,50.0,0.75,True,0,0.0,0.0
deepgram-medium_support-r004,deepgram,flux-haley-en,medium_support,80.0,100.0,0.25,True,0,0.0,0.0
deepgram-medium_support-r004,deepgram,flux-haley-en,medium_support,80.0,100.0,0.5,True,0,0.0,0.0
deepgram-medium_support-r004,deepgram,flux-haley-en,medium_support,80.0,100.0,0.75,True,0,0.0,0.0
deepgram-medium_support-r004,deepgram,flux-haley-en,medium_support,80.0,200.0,0.25,True,0,0.0,0.0
deepgram-medium_support-r004,deepgram,flux-haley-en,medium_support,80.0,200.0,0.5,True,0,0.0,0.0
deepgram-medium_support-r004,deepgram,flux-haley-en,medium_support,80.0,200.0,0.75,True,0,0.0,0.0
deepgram-medium_support-r004,deepgram,flux-haley-en,medium_support,80.0,400.0,0.25,True,0,0.0,0.0
deepgram-medium_support-r004,deepgram,flux-haley-en,medium_support,80.0,400.0,0.5,True,0,0.0,0.0
deepgram-medium_support-r004,deepgram,flux-haley-en,medium_support,80.0,400.0,0.75,True,0,0.0,0.0
deepgram-medium_support-r004,deepgram,flux-haley-en,medium_support,80.0,800.0,0.25,False,1,235.37608397798613,235.37608397798613
deepgram-medium_support-r004,deepgram,flux-haley-en,medium_support,80.0,800.0,0.5,True,0,0.0,0.0
deepgram-medium_support-r004,deepgram,flux-haley-en,medium_support,80.0,800.0,0.75,True,0,0.0,0.0
deepgram-medium_support-r004,deepgram,flux-haley-en,medium_support,80.0,1200.0,0.25,False,1,635.3760839779861,635.3760839779861
deepgram-medium_support-r004,deepgram,flux-haley-en,medium_support,80.0,1200.0,0.5,False,1,161.9839169937186,161.9839169937186
deepgram-medium_support-r004,deepgram,flux-haley-en,medium_support,80.0,1200.0,0.75,True,0,0.0,0.0
deepgram-medium_support-r005,deepgram,flux-haley-en,medium_support,80.0,0.0,0.25,True,0,0.0,0.0
deepgram-medium_support-r005,deepgram,flux-haley-en,medium_support,80.0,0.0,0.5,True,0,0.0,0.0
deepgram-medium_support-r005,deepgram,flux-haley-en,medium_support,80.0,0.0,0.75,True,0,0.0,0.0
deepgram-medium_support-r005,deepgram,flux-haley-en,medium_support,80.0,50.0,0.25,True,0,0.0,0.0
deepgram-medium_support-r005,deepgram,flux-haley-en,medium_support,80.0,50.0,0.5,True,0,0.0,0.0
deepgram-medium_support-r005,deepgram,flux-haley-en,medium_support,80.0,50.0,0.75,True,0,0.0,0.0
deepgram-medium_support-r005,deepgram,flux-haley-en,medium_support,80.0,100.0,0.25,True,0,0.0,0.0
deepgram-medium_support-r005,deepgram,flux-haley-en,medium_support,80.0,100.0,0.5,True,0,0.0,0.0
deepgram-medium_support-r005,deepgram,flux-haley-en,medium_support,80.0,100.0,0.75,True,0,0.0,0.0
deepgram-medium_support-r005,deepgram,flux-haley-en,medium_support,80.0,200.0,0.25,True,0,0.0,0.0
deepgram-medium_support-r005,deepgram,flux-haley-en,medium_support,80.0,200.0,0.5,True,0,0.0,0.0
deepgram-medium_support-r005,deepgram,flux-haley-en,medium_support,80.0,200.0,0.75,True,0,0.0,0.0
deepgram-medium_support-r005,deepgram,flux-haley-en,medium_support,80.0,400.0,0.25,True,0,0.0,0.0
deepgram-medium_support-r005,deepgram,flux-haley-en,medium_support,80.0,400.0,0.5,True,0,0.0,0.0
deepgram-medium_support-r005,deepgram,flux-haley-en,medium_support,80.0,400.0,0.75,True,0,0.0,0.0
deepgram-medium_support-r005,deepgram,flux-haley-en,medium_support,80.0,800.0,0.25,False,1,237.466750013642,237.466750013642
deepgram-medium_support-r005,deepgram,flux-haley-en,medium_support,80.0,800.0,0.5,True,0,0.0,0.0
deepgram-medium_support-r005,deepgram,flux-haley-en,medium_support,80.0,800.0,0.75,True,0,0.0,0.0
deepgram-medium_support-r005,deepgram,flux-haley-en,medium_support,80.0,1200.0,0.25,False,1,637.466750013642,637.466750013642
deepgram-medium_support-r005,deepgram,flux-haley-en,medium_support,80.0,1200.0,0.5,False,1,129.59291699482128,129.59291699482128
deepgram-medium_support-r005,deepgram,flux-haley-en,medium_support,80.0,1200.0,0.75,True,0,0.0,0.0
deepgram-medium_support-r006,deepgram,flux-haley-en,medium_support,80.0,0.0,0.25,True,0,0.0,0.0
deepgram-medium_support-r006,deepgram,flux-haley-en,medium_support,80.0,0.0,0.5,True,0,0.0,0.0
deepgram-medium_support-r006,deepgram,flux-haley-en,medium_support,80.0,0.0,0.75,True,0,0.0,0.0
deepgram-medium_support-r006,deepgram,flux-haley-en,medium_support,80.0,50.0,0.25,True,0,0.0,0.0
deepgram-medium_support-r006,deepgram,flux-haley-en,medium_support,80.0,50.0,0.5,True,0,0.0,0.0
deepgram-medium_support-r006,deepgram,flux-haley-en,medium_support,80.0,50.0,0.75,True,0,0.0,0.0
deepgram-medium_support-r006,deepgram,flux-haley-en,medium_support,80.0,100.0,0.25,True,0,0.0,0.0
deepgram-medium_support-r006,deepgram,flux-haley-en,medium_support,80.0,100.0,0.5,True,0,0.0,0.0
deepgram-medium_support-r006,deepgram,flux-haley-en,medium_support,80.0,100.0,0.75,True,0,0.0,0.0
deepgram-medium_support-r006,deepgram,flux-haley-en,medium_support,80.0,200.0,0.25,True,0,0.0,0.0
deepgram-medium_support-r006,deepgram,flux-haley-en,medium_support,80.0,200.0,0.5,True,0,0.0,0.0
deepgram-medium_support-r006,deepgram,flux-haley-en,medium_support,80.0,200.0,0.75,True,0,0.0,0.0
deepgram-medium_support-r006,deepgram,flux-haley-en,medium_support,80.0,400.0,0.25,True,0,0.0,0.0
deepgram-medium_support-r006,deepgram,flux-haley-en,medium_support,80.0,400.0,0.5,True,0,0.0,0.0
deepgram-medium_support-r006,deepgram,flux-haley-en,medium_support,80.0,400.0,0.75,True,0,0.0,0.0
deepgram-medium_support-r006,deepgram,flux-haley-en,medium_support,80.0,800.0,0.25,False,1,235.89550004014745,235.89550004014745
deepgram-medium_support-r006,deepgram,flux-haley-en,medium_support,80.0,800.0,0.5,True,0,0.0,0.0
deepgram-medium_support-r006,deepgram,flux-haley-en,medium_support,80.0,800.0,0.75,True,0,0.0,0.0
deepgram-medium_support-r006,deepgram,flux-haley-en,medium_support,80.0,1200.0,0.25,False,1,635.8955000401475,635.8955000401475
deepgram-medium_support-r006,deepgram,flux-haley-en,medium_support,80.0,1200.0,0.5,False,1,155.34279203647748,155.34279203647748
deepgram-medium_support-r006,deepgram,flux-haley-en,medium_support,80.0,1200.0,0.75,True,0,0.0,0.0
deepgram-medium_support-r007,deepgram,flux-haley-en,medium_support,80.0,0.0,0.25,True,0,0.0,0.0
deepgram-medium_support-r007,deepgram,flux-haley-en,medium_support,80.0,0.0,0.5,True,0,0.0,0.0
deepgram-medium_support-r007,deepgram,flux-haley-en,medium_support,80.0,0.0,0.75,True,0,0.0,0.0
deepgram-medium_support-r007,deepgram,flux-haley-en,medium_support,80.0,50.0,0.25,True,0,0.0,0.0
deepgram-medium_support-r007,deepgram,flux-haley-en,medium_support,80.0,50.0,0.5,True,0,0.0,0.0
deepgram-medium_support-r007,deepgram,flux-haley-en,medium_support,80.0,50.0,0.75,True,0,0.0,0.0
deepgram-medium_support-r007,deepgram,flux-haley-en,medium_support,80.0,100.0,0.25,True,0,0.0,0.0
deepgram-medium_support-r007,deepgram,flux-haley-en,medium_support,80.0,100.0,0.5,True,0,0.0,0.0
deepgram-medium_support-r007,deepgram,flux-haley-en,medium_support,80.0,100.0,0.75,True,0,0.0,0.0
deepgram-medium_support-r007,deepgram,flux-haley-en,medium_support,80.0,200.0,0.25,True,0,0.0,0.0
deepgram-medium_support-r007,deepgram,flux-haley-en,medium_support,80.0,200.0,0.5,True,0,0.0,0.0
deepgram-medium_support-r007,deepgram,flux-haley-en,medium_support,80.0,200.0,0.75,True,0,0.0,0.0
deepgram-medium_support-r007,deepgram,flux-haley-en,medium_support,80.0,400.0,0.25,True,0,0.0,0.0
deepgram-medium_support-r007,deepgram,flux-haley-en,medium_support,80.0,400.0,0.5,True,0,0.0,0.0
deepgram-medium_support-r007,deepgram,flux-haley-en,medium_support,80.0,400.0,0.75,True,0,0.0,0.0
deepgram-medium_support-r007,deepgram,flux-haley-en,medium_support,80.0,800.0,0.25,False,1,234.2211659871973,234.2211659871973
deepgram-medium_support-r007,deepgram,flux-haley-en,medium_support,80.0,800.0,0.5,True,0,0.0,0.0
deepgram-medium_support-r007,deepgram,flux-haley-en,medium_support,80.0,800.0,0.75,True,0,0.0,0.0
deepgram-medium_support-r007,deepgram,flux-haley-en,medium_support,80.0,1200.0,0.25,False,1,634.2211659871973,634.2211659871973
deepgram-medium_support-r007,deepgram,flux-haley-en,medium_support,80.0,1200.0,0.5,False,1,126.96779101062566,126.96779101062566
deepgram-medium_support-r007,deepgram,flux-haley-en,medium_support,80.0,1200.0,0.75,True,0,0.0,0.0
deepgram-medium_support-r008,deepgram,flux-haley-en,medium_support,80.0,0.0,0.25,True,0,0.0,0.0
deepgram-medium_support-r008,deepgram,flux-haley-en,medium_support,80.0,0.0,0.5,True,0,0.0,0.0
deepgram-medium_support-r008,deepgram,flux-haley-en,medium_support,80.0,0.0,0.75,True,0,0.0,0.0
deepgram-medium_support-r008,deepgram,flux-haley-en,medium_support,80.0,50.0,0.25,True,0,0.0,0.0
deepgram-medium_support-r008,deepgram,flux-haley-en,medium_support,80.0,50.0,0.5,True,0,0.0,0.0
deepgram-medium_support-r008,deepgram,flux-haley-en,medium_support,80.0,50.0,0.75,True,0,0.0,0.0
deepgram-medium_support-r008,deepgram,flux-haley-en,medium_support,80.0,100.0,0.25,True,0,0.0,0.0
deepgram-medium_support-r008,deepgram,flux-haley-en,medium_support,80.0,100.0,0.5,True,0,0.0,0.0
deepgram-medium_support-r008,deepgram,flux-haley-en,medium_support,80.0,100.0,0.75,True,0,0.0,0.0
deepgram-medium_support-r008,deepgram,flux-haley-en,medium_support,80.0,200.0,0.25,True,0,0.0,0.0
deepgram-medium_support-r008,deepgram,flux-haley-en,medium_support,80.0,200.0,0.5,True,0,0.0,0.0
deepgram-medium_support-r008,deepgram,flux-haley-en,medium_support,80.0,200.0,0.75,True,0,0.0,0.0
deepgram-medium_support-r008,deepgram,flux-haley-en,medium_support,80.0,400.0,0.25,True,0,0.0,0.0
deepgram-medium_support-r008,deepgram,flux-haley-en,medium_support,80.0,400.0,0.5,True,0,0.0,0.0
deepgram-medium_support-r008,deepgram,flux-haley-en,medium_support,80.0,400.0,0.75,True,0,0.0,0.0
deepgram-medium_support-r008,deepgram,flux-haley-en,medium_support,80.0,800.0,0.25,False,1,235.27766698878258,235.27766698878258
deepgram-medium_support-r008,deepgram,flux-haley-en,medium_support,80.0,800.0,0.5,True,0,0.0,0.0
deepgram-medium_support-r008,deepgram,flux-haley-en,medium_support,80.0,800.0,0.75,True,0,0.0,0.0
deepgram-medium_support-r008,deepgram,flux-haley-en,medium_support,80.0,1200.0,0.25,False,1,635.2776669887826,635.2776669887826
deepgram-medium_support-r008,deepgram,flux-haley-en,medium_support,80.0,1200.0,0.5,False,1,120.51375001575798,120.51375001575798
deepgram-medium_support-r008,deepgram,flux-haley-en,medium_support,80.0,1200.0,0.75,True,0,0.0,0.0
deepgram-medium_support-r009,deepgram,flux-haley-en,medium_support,80.0,0.0,0.25,True,0,0.0,0.0
deepgram-medium_support-r009,deepgram,flux-haley-en,medium_support,80.0,0.0,0.5,True,0,0.0,0.0
deepgram-medium_support-r009,deepgram,flux-haley-en,medium_support,80.0,0.0,0.75,True,0,0.0,0.0
deepgram-medium_support-r009,deepgram,flux-haley-en,medium_support,80.0,50.0,0.25,True,0,0.0,0.0
deepgram-medium_support-r009,deepgram,flux-haley-en,medium_support,80.0,50.0,0.5,True,0,0.0,0.0
deepgram-medium_support-r009,deepgram,flux-haley-en,medium_support,80.0,50.0,0.75,True,0,0.0,0.0
deepgram-medium_support-r009,deepgram,flux-haley-en,medium_support,80.0,100.0,0.25,True,0,0.0,0.0
deepgram-medium_support-r009,deepgram,flux-haley-en,medium_support,80.0,100.0,0.5,True,0,0.0,0.0
deepgram-medium_support-r009,deepgram,flux-haley-en,medium_support,80.0,100.0,0.75,True,0,0.0,0.0
deepgram-medium_support-r009,deepgram,flux-haley-en,medium_support,80.0,200.0,0.25,True,0,0.0,0.0
deepgram-medium_support-r009,deepgram,flux-haley-en,medium_support,80.0,200.0,0.5,True,0,0.0,0.0
deepgram-medium_support-r009,deepgram,flux-haley-en,medium_support,80.0,200.0,0.75,True,0,0.0,0.0
deepgram-medium_support-r009,deepgram,flux-haley-en,medium_support,80.0,400.0,0.25,True,0,0.0,0.0
deepgram-medium_support-r009,deepgram,flux-haley-en,medium_support,80.0,400.0,0.5,True,0,0.0,0.0
deepgram-medium_support-r009,deepgram,flux-haley-en,medium_support,80.0,400.0,0.75,True,0,0.0,0.0
deepgram-medium_support-r009,deepgram,flux-haley-en,medium_support,80.0,800.0,0.25,False,1,235.3887499650009,235.3887499650009
deepgram-medium_support-r009,deepgram,flux-haley-en,medium_support,80.0,800.0,0.5,True,0,0.0,0.0
deepgram-medium_support-r009,deepgram,flux-haley-en,medium_support,80.0,800.0,0.75,True,0,0.0,0.0
deepgram-medium_support-r009,deepgram,flux-haley-en,medium_support,80.0,1200.0,0.25,False,1,635.3887499650009,635.3887499650009
deepgram-medium_support-r009,deepgram,flux-haley-en,medium_support,80.0,1200.0,0.5,False,1,127.75354198785499,127.75354198785499
deepgram-medium_support-r009,deepgram,flux-haley-en,medium_support,80.0,1200.0,0.75,True,0,0.0,0.0
deepgram-medium_support-r010,deepgram,flux-haley-en,medium_support,80.0,0.0,0.25,True,0,0.0,0.0
deepgram-medium_support-r010,deepgram,flux-haley-en,medium_support,80.0,0.0,0.5,True,0,0.0,0.0
deepgram-medium_support-r010,deepgram,flux-haley-en,medium_support,80.0,0.0,0.75,True,0,0.0,0.0
deepgram-medium_support-r010,deepgram,flux-haley-en,medium_support,80.0,50.0,0.25,True,0,0.0,0.0
deepgram-medium_support-r010,deepgram,flux-haley-en,medium_support,80.0,50.0,0.5,True,0,0.0,0.0
deepgram-medium_support-r010,deepgram,flux-haley-en,medium_support,80.0,50.0,0.75,True,0,0.0,0.0
deepgram-medium_support-r010,deepgram,flux-haley-en,medium_support,80.0,100.0,0.25,True,0,0.0,0.0
deepgram-medium_support-r010,deepgram,flux-haley-en,medium_support,80.0,100.0,0.5,True,0,0.0,0.0
deepgram-medium_support-r010,deepgram,flux-haley-en,medium_support,80.0,100.0,0.75,True,0,0.0,0.0
deepgram-medium_support-r010,deepgram,flux-haley-en,medium_support,80.0,200.0,0.25,True,0,0.0,0.0
deepgram-medium_support-r010,deepgram,flux-haley-en,medium_support,80.0,200.0,0.5,True,0,0.0,0.0
deepgram-medium_support-r010,deepgram,flux-haley-en,medium_support,80.0,200.0,0.75,True,0,0.0,0.0
deepgram-medium_support-r010,deepgram,flux-haley-en,medium_support,80.0,400.0,0.25,True,0,0.0,0.0
deepgram-medium_support-r010,deepgram,flux-haley-en,medium_support,80.0,400.0,0.5,True,0,0.0,0.0
deepgram-medium_support-r010,deepgram,flux-haley-en,medium_support,80.0,400.0,0.75,True,0,0.0,0.0
deepgram-medium_support-r010,deepgram,flux-haley-en,medium_support,80.0,800.0,0.25,False,1,235.85529100289568,235.85529100289568
deepgram-medium_support-r010,deepgram,flux-haley-en,medium_support,80.0,800.0,0.5,True,0,0.0,0.0
deepgram-medium_support-r010,deepgram,flux-haley-en,medium_support,80.0,800.0,0.75,True,0,0.0,0.0
deepgram-medium_support-r010,deepgram,flux-haley-en,medium_support,80.0,1200.0,0.25,False,1,635.8552910028957,635.8552910028957
deepgram-medium_support-r010,deepgram,flux-haley-en,medium_support,80.0,1200.0,0.5,False,1,129.64033301360905,129.64033301360905
deepgram-medium_support-r010,deepgram,flux-haley-en,medium_support,80.0,1200.0,0.75,True,0,0.0,0.0
deepgram-medium_support-r011,deepgram,flux-haley-en,medium_support,80.0,0.0,0.25,True,0,0.0,0.0
deepgram-medium_support-r011,deepgram,flux-haley-en,medium_support,80.0,0.0,0.5,True,0,0.0,0.0
deepgram-medium_support-r011,deepgram,flux-haley-en,medium_support,80.0,0.0,0.75,True,0,0.0,0.0
deepgram-medium_support-r011,deepgram,flux-haley-en,medium_support,80.0,50.0,0.25,True,0,0.0,0.0
deepgram-medium_support-r011,deepgram,flux-haley-en,medium_support,80.0,50.0,0.5,True,0,0.0,0.0
deepgram-medium_support-r011,deepgram,flux-haley-en,medium_support,80.0,50.0,0.75,True,0,0.0,0.0
deepgram-medium_support-r011,deepgram,flux-haley-en,medium_support,80.0,100.0,0.25,True,0,0.0,0.0
deepgram-medium_support-r011,deepgram,flux-haley-en,medium_support,80.0,100.0,0.5,True,0,0.0,0.0
deepgram-medium_support-r011,deepgram,flux-haley-en,medium_support,80.0,100.0,0.75,True,0,0.0,0.0
deepgram-medium_support-r011,deepgram,flux-haley-en,medium_support,80.0,200.0,0.25,True,0,0.0,0.0
deepgram-medium_support-r011,deepgram,flux-haley-en,medium_support,80.0,200.0,0.5,True,0,0.0,0.0
deepgram-medium_support-r011,deepgram,flux-haley-en,medium_support,80.0,200.0,0.75,True,0,0.0,0.0
deepgram-medium_support-r011,deepgram,flux-haley-en,medium_support,80.0,400.0,0.25,True,0,0.0,0.0
deepgram-medium_support-r011,deepgram,flux-haley-en,medium_support,80.0,400.0,0.5,True,0,0.0,0.0
deepgram-medium_support-r011,deepgram,flux-haley-en,medium_support,80.0,400.0,0.75,True,0,0.0,0.0
deepgram-medium_support-r011,deepgram,flux-haley-en,medium_support,80.0,800.0,0.25,False,1,236.06537496577948,236.06537496577948
deepgram-medium_support-r011,deepgram,flux-haley-en,medium_support,80.0,800.0,0.5,True,0,0.0,0.0
deepgram-medium_support-r011,deepgram,flux-haley-en,medium_support,80.0,800.0,0.75,True,0,0.0,0.0
deepgram-medium_support-r011,deepgram,flux-haley-en,medium_support,80.0,1200.0,0.25,False,1,636.0653749657795,636.0653749657795
deepgram-medium_support-r011,deepgram,flux-haley-en,medium_support,80.0,1200.0,0.5,False,1,129.9891669852659,129.9891669852659
deepgram-medium_support-r011,deepgram,flux-haley-en,medium_support,80.0,1200.0,0.75,True,0,0.0,0.0
deepgram-medium_support-r012,deepgram,flux-haley-en,medium_support,80.0,0.0,0.25,True,0,0.0,0.0
deepgram-medium_support-r012,deepgram,flux-haley-en,medium_support,80.0,0.0,0.5,True,0,0.0,0.0
deepgram-medium_support-r012,deepgram,flux-haley-en,medium_support,80.0,0.0,0.75,True,0,0.0,0.0
deepgram-medium_support-r012,deepgram,flux-haley-en,medium_support,80.0,50.0,0.25,True,0,0.0,0.0
deepgram-medium_support-r012,deepgram,flux-haley-en,medium_support,80.0,50.0,0.5,True,0,0.0,0.0
deepgram-medium_support-r012,deepgram,flux-haley-en,medium_support,80.0,50.0,0.75,True,0,0.0,0.0
deepgram-medium_support-r012,deepgram,flux-haley-en,medium_support,80.0,100.0,0.25,True,0,0.0,0.0
deepgram-medium_support-r012,deepgram,flux-haley-en,medium_support,80.0,100.0,0.5,True,0,0.0,0.0
deepgram-medium_support-r012,deepgram,flux-haley-en,medium_support,80.0,100.0,0.75,True,0,0.0,0.0
deepgram-medium_support-r012,deepgram,flux-haley-en,medium_support,80.0,200.0,0.25,True,0,0.0,0.0
deepgram-medium_support-r012,deepgram,flux-haley-en,medium_support,80.0,200.0,0.5,True,0,0.0,0.0
deepgram-medium_support-r012,deepgram,flux-haley-en,medium_support,80.0,200.0,0.75,True,0,0.0,0.0
deepgram-medium_support-r012,deepgram,flux-haley-en,medium_support,80.0,400.0,0.25,True,0,0.0,0.0
deepgram-medium_support-r012,deepgram,flux-haley-en,medium_support,80.0,400.0,0.5,True,0,0.0,0.0
deepgram-medium_support-r012,deepgram,flux-haley-en,medium_support,80.0,400.0,0.75,True,0,0.0,0.0
deepgram-medium_support-r012,deepgram,flux-haley-en,medium_support,80.0,800.0,0.25,False,1,239.73150002909824,239.73150002909824
deepgram-medium_support-r012,deepgram,flux-haley-en,medium_support,80.0,800.0,0.5,True,0,0.0,0.0
deepgram-medium_support-r012,deepgram,flux-haley-en,medium_support,80.0,800.0,0.75,True,0,0.0,0.0
deepgram-medium_support-r012,deepgram,flux-haley-en,medium_support,80.0,1200.0,0.25,False,1,639.7315000290982,639.7315000290982
deepgram-medium_support-r012,deepgram,flux-haley-en,medium_support,80.0,1200.0,0.5,False,1,119.79754200112075,119.79754200112075
deepgram-medium_support-r012,deepgram,flux-haley-en,medium_support,80.0,1200.0,0.75,True,0,0.0,0.0
deepgram-medium_support-r013,deepgram,flux-haley-en,medium_support,80.0,0.0,0.25,True,0,0.0,0.0
deepgram-medium_support-r013,deepgram,flux-haley-en,medium_support,80.0,0.0,0.5,True,0,0.0,0.0
deepgram-medium_support-r013,deepgram,flux-haley-en,medium_support,80.0,0.0,0.75,True,0,0.0,0.0
deepgram-medium_support-r013,deepgram,flux-haley-en,medium_support,80.0,50.0,0.25,True,0,0.0,0.0
deepgram-medium_support-r013,deepgram,flux-haley-en,medium_support,80.0,50.0,0.5,True,0,0.0,0.0
deepgram-medium_support-r013,deepgram,flux-haley-en,medium_support,80.0,50.0,0.75,True,0,0.0,0.0
deepgram-medium_support-r013,deepgram,flux-haley-en,medium_support,80.0,100.0,0.25,True,0,0.0,0.0
deepgram-medium_support-r013,deepgram,flux-haley-en,medium_support,80.0,100.0,0.5,True,0,0.0,0.0
deepgram-medium_support-r013,deepgram,flux-haley-en,medium_support,80.0,100.0,0.75,True,0,0.0,0.0
deepgram-medium_support-r013,deepgram,flux-haley-en,medium_support,80.0,200.0,0.25,True,0,0.0,0.0
deepgram-medium_support-r013,deepgram,flux-haley-en,medium_support,80.0,200.0,0.5,True,0,0.0,0.0
deepgram-medium_support-r013,deepgram,flux-haley-en,medium_support,80.0,200.0,0.75,True,0,0.0,0.0
deepgram-medium_support-r013,deepgram,flux-haley-en,medium_support,80.0,400.0,0.25,True,0,0.0,0.0
deepgram-medium_support-r013,deepgram,flux-haley-en,medium_support,80.0,400.0,0.5,True,0,0.0,0.0
deepgram-medium_support-r013,deepgram,flux-haley-en,medium_support,80.0,400.0,0.75,True,0,0.0,0.0
deepgram-medium_support-r013,deepgram,flux-haley-en,medium_support,80.0,800.0,0.25,False,1,233.43204199243337,233.43204199243337
deepgram-medium_support-r013,deepgram,flux-haley-en,medium_support,80.0,800.0,0.5,True,0,0.0,0.0
deepgram-medium_support-r013,deepgram,flux-haley-en,medium_support,80.0,800.0,0.75,True,0,0.0,0.0
deepgram-medium_support-r013,deepgram,flux-haley-en,medium_support,80.0,1200.0,0.25,False,1,633.4320419924334,633.4320419924334
deepgram-medium_support-r013,deepgram,flux-haley-en,medium_support,80.0,1200.0,0.5,False,1,127.45883398130536,127.45883398130536
deepgram-medium_support-r013,deepgram,flux-haley-en,medium_support,80.0,1200.0,0.75,True,0,0.0,0.0
deepgram-medium_support-r014,deepgram,flux-haley-en,medium_support,80.0,0.0,0.25,True,0,0.0,0.0
deepgram-medium_support-r014,deepgram,flux-haley-en,medium_support,80.0,0.0,0.5,True,0,0.0,0.0
deepgram-medium_support-r014,deepgram,flux-haley-en,medium_support,80.0,0.0,0.75,True,0,0.0,0.0
deepgram-medium_support-r014,deepgram,flux-haley-en,medium_support,80.0,50.0,0.25,True,0,0.0,0.0
deepgram-medium_support-r014,deepgram,flux-haley-en,medium_support,80.0,50.0,0.5,True,0,0.0,0.0
deepgram-medium_support-r014,deepgram,flux-haley-en,medium_support,80.0,50.0,0.75,True,0,0.0,0.0
deepgram-medium_support-r014,deepgram,flux-haley-en,medium_support,80.0,100.0,0.25,True,0,0.0,0.0
deepgram-medium_support-r014,deepgram,flux-haley-en,medium_support,80.0,100.0,0.5,True,0,0.0,0.0
deepgram-medium_support-r014,deepgram,flux-haley-en,medium_support,80.0,100.0,0.75,True,0,0.0,0.0
deepgram-medium_support-r014,deepgram,flux-haley-en,medium_support,80.0,200.0,0.25,True,0,0.0,0.0
deepgram-medium_support-r014,deepgram,flux-haley-en,medium_support,80.0,200.0,0.5,True,0,0.0,0.0
deepgram-medium_support-r014,deepgram,flux-haley-en,medium_support,80.0,200.0,0.75,True,0,0.0,0.0
deepgram-medium_support-r014,deepgram,flux-haley-en,medium_support,80.0,400.0,0.25,True,0,0.0,0.0
deepgram-medium_support-r014,deepgram,flux-haley-en,medium_support,80.0,400.0,0.5,True,0,0.0,0.0
deepgram-medium_support-r014,deepgram,flux-haley-en,medium_support,80.0,400.0,0.75,True,0,0.0,0.0
deepgram-medium_support-r014,deepgram,flux-haley-en,medium_support,80.0,800.0,0.25,False,1,237.10049996059388,237.10049996059388
deepgram-medium_support-r014,deepgram,flux-haley-en,medium_support,80.0,800.0,0.5,True,0,0.0,0.0
deepgram-medium_support-r014,deepgram,flux-haley-en,medium_support,80.0,800.0,0.75,True,0,0.0,0.0
deepgram-medium_support-r014,deepgram,flux-haley-en,medium_support,80.0,1200.0,0.25,False,1,637.1004999605939,637.1004999605939
deepgram-medium_support-r014,deepgram,flux-haley-en,medium_support,80.0,1200.0,0.5,False,1,120.01149997487664,120.01149997487664
deepgram-medium_support-r014,deepgram,flux-haley-en,medium_support,80.0,1200.0,0.75,True,0,0.0,0.0
deepgram-medium_support-r015,deepgram,flux-haley-en,medium_support,80.0,0.0,0.25,True,0,0.0,0.0
deepgram-medium_support-r015,deepgram,flux-haley-en,medium_support,80.0,0.0,0.5,True,0,0.0,0.0
deepgram-medium_support-r015,deepgram,flux-haley-en,medium_support,80.0,0.0,0.75,True,0,0.0,0.0
deepgram-medium_support-r015,deepgram,flux-haley-en,medium_support,80.0,50.0,0.25,True,0,0.0,0.0
deepgram-medium_support-r015,deepgram,flux-haley-en,medium_support,80.0,50.0,0.5,True,0,0.0,0.0
deepgram-medium_support-r015,deepgram,flux-haley-en,medium_support,80.0,50.0,0.75,True,0,0.0,0.0
deepgram-medium_support-r015,deepgram,flux-haley-en,medium_support,80.0,100.0,0.25,True,0,0.0,0.0
deepgram-medium_support-r015,deepgram,flux-haley-en,medium_support,80.0,100.0,0.5,True,0,0.0,0.0
deepgram-medium_support-r015,deepgram,flux-haley-en,medium_support,80.0,100.0,0.75,True,0,0.0,0.0
deepgram-medium_support-r015,deepgram,flux-haley-en,medium_support,80.0,200.0,0.25,True,0,0.0,0.0
deepgram-medium_support-r015,deepgram,flux-haley-en,medium_support,80.0,200.0,0.5,True,0,0.0,0.0
deepgram-medium_support-r015,deepgram,flux-haley-en,medium_support,80.0,200.0,0.75,True,0,0.0,0.0
deepgram-medium_support-r015,deepgram,flux-haley-en,medium_support,80.0,400.0,0.25,True,0,0.0,0.0
deepgram-medium_support-r015,deepgram,flux-haley-en,medium_support,80.0,400.0,0.5,True,0,0.0,0.0
deepgram-medium_support-r015,deepgram,flux-haley-en,medium_support,80.0,400.0,0.75,True,0,0.0,0.0
deepgram-medium_support-r015,deepgram,flux-haley-en,medium_support,80.0,800.0,0.25,False,1,233.51566701801494,233.51566701801494
deepgram-medium_support-r015,deepgram,flux-haley-en,medium_support,80.0,800.0,0.5,True,0,0.0,0.0
deepgram-medium_support-r015,deepgram,flux-haley-en,medium_support,80.0,800.0,0.75,True,0,0.0,0.0
deepgram-medium_support-r015,deepgram,flux-haley-en,medium_support,80.0,1200.0,0.25,False,1,633.5156670180149,633.5156670180149
deepgram-medium_support-r015,deepgram,flux-haley-en,medium_support,80.0,1200.0,0.5,False,1,124.17324999952689,124.17324999952689
deepgram-medium_support-r015,deepgram,flux-haley-en,medium_support,80.0,1200.0,0.75,True,0,0.0,0.0
deepgram-medium_support-r016,deepgram,flux-haley-en,medium_support,80.0,0.0,0.25,True,0,0.0,0.0
deepgram-medium_support-r016,deepgram,flux-haley-en,medium_support,80.0,0.0,0.5,True,0,0.0,0.0
deepgram-medium_support-r016,deepgram,flux-haley-en,medium_support,80.0,0.0,0.75,True,0,0.0,0.0
deepgram-medium_support-r016,deepgram,flux-haley-en,medium_support,80.0,50.0,0.25,True,0,0.0,0.0
deepgram-medium_support-r016,deepgram,flux-haley-en,medium_support,80.0,50.0,0.5,True,0,0.0,0.0
deepgram-medium_support-r016,deepgram,flux-haley-en,medium_support,80.0,50.0,0.75,True,0,0.0,0.0
deepgram-medium_support-r016,deepgram,flux-haley-en,medium_support,80.0,100.0,0.25,True,0,0.0,0.0
deepgram-medium_support-r016,deepgram,flux-haley-en,medium_support,80.0,100.0,0.5,True,0,0.0,0.0
deepgram-medium_support-r016,deepgram,flux-haley-en,medium_support,80.0,100.0,0.75,True,0,0.0,0.0
deepgram-medium_support-r016,deepgram,flux-haley-en,medium_support,80.0,200.0,0.25,True,0,0.0,0.0
deepgram-medium_support-r016,deepgram,flux-haley-en,medium_support,80.0,200.0,0.5,True,0,0.0,0.0
deepgram-medium_support-r016,deepgram,flux-haley-en,medium_support,80.0,200.0,0.75,True,0,0.0,0.0
deepgram-medium_support-r016,deepgram,flux-haley-en,medium_support,80.0,400.0,0.25,True,0,0.0,0.0
deepgram-medium_support-r016,deepgram,flux-haley-en,medium_support,80.0,400.0,0.5,True,0,0.0,0.0
deepgram-medium_support-r016,deepgram,flux-haley-en,medium_support,80.0,400.0,0.75,True,0,0.0,0.0
deepgram-medium_support-r016,deepgram,flux-haley-en,medium_support,80.0,800.0,0.25,False,1,235.00354097830132,235.00354097830132
deepgram-medium_support-r016,deepgram,flux-haley-en,medium_support,80.0,800.0,0.5,True,0,0.0,0.0
deepgram-medium_support-r016,deepgram,flux-haley-en,medium_support,80.0,800.0,0.75,True,0,0.0,0.0
deepgram-medium_support-r016,deepgram,flux-haley-en,medium_support,80.0,1200.0,0.25,False,1,635.0035409783013,635.0035409783013
deepgram-medium_support-r016,deepgram,flux-haley-en,medium_support,80.0,1200.0,0.5,False,1,152.3018329674378,152.3018329674378
deepgram-medium_support-r016,deepgram,flux-haley-en,medium_support,80.0,1200.0,0.75,True,0,0.0,0.0
deepgram-medium_support-r017,deepgram,flux-haley-en,medium_support,80.0,0.0,0.25,True,0,0.0,0.0
deepgram-medium_support-r017,deepgram,flux-haley-en,medium_support,80.0,0.0,0.5,True,0,0.0,0.0
deepgram-medium_support-r017,deepgram,flux-haley-en,medium_support,80.0,0.0,0.75,True,0,0.0,0.0
deepgram-medium_support-r017,deepgram,flux-haley-en,medium_support,80.0,50.0,0.25,True,0,0.0,0.0
deepgram-medium_support-r017,deepgram,flux-haley-en,medium_support,80.0,50.0,0.5,True,0,0.0,0.0
deepgram-medium_support-r017,deepgram,flux-haley-en,medium_support,80.0,50.0,0.75,True,0,0.0,0.0
deepgram-medium_support-r017,deepgram,flux-haley-en,medium_support,80.0,100.0,0.25,True,0,0.0,0.0
deepgram-medium_support-r017,deepgram,flux-haley-en,medium_support,80.0,100.0,0.5,True,0,0.0,0.0
deepgram-medium_support-r017,deepgram,flux-haley-en,medium_support,80.0,100.0,0.75,True,0,0.0,0.0
deepgram-medium_support-r017,deepgram,flux-haley-en,medium_support,80.0,200.0,0.25,True,0,0.0,0.0
deepgram-medium_support-r017,deepgram,flux-haley-en,medium_support,80.0,200.0,0.5,True,0,0.0,0.0
deepgram-medium_support-r017,deepgram,flux-haley-en,medium_support,80.0,200.0,0.75,True,0,0.0,0.0
deepgram-medium_support-r017,deepgram,flux-haley-en,medium_support,80.0,400.0,0.25,True,0,0.0,0.0
deepgram-medium_support-r017,deepgram,flux-haley-en,medium_support,80.0,400.0,0.5,True,0,0.0,0.0
deepgram-medium_support-r017,deepgram,flux-haley-en,medium_support,80.0,400.0,0.75,True,0,0.0,0.0
deepgram-medium_support-r017,deepgram,flux-haley-en,medium_support,80.0,800.0,0.25,False,1,169.81620797561482,169.81620797561482
deepgram-medium_support-r017,deepgram,flux-haley-en,medium_support,80.0,800.0,0.5,True,0,0.0,0.0
deepgram-medium_support-r017,deepgram,flux-haley-en,medium_support,80.0,800.0,0.75,True,0,0.0,0.0
deepgram-medium_support-r017,deepgram,flux-haley-en,medium_support,80.0,1200.0,0.25,False,1,569.8162079756148,569.8162079756148
deepgram-medium_support-r017,deepgram,flux-haley-en,medium_support,80.0,1200.0,0.5,False,1,21.488124969415367,21.488124969415367
deepgram-medium_support-r017,deepgram,flux-haley-en,medium_support,80.0,1200.0,0.75,True,0,0.0,0.0
deepgram-medium_support-r018,deepgram,flux-haley-en,medium_support,80.0,0.0,0.25,True,0,0.0,0.0
deepgram-medium_support-r018,deepgram,flux-haley-en,medium_support,80.0,0.0,0.5,True,0,0.0,0.0
deepgram-medium_support-r018,deepgram,flux-haley-en,medium_support,80.0,0.0,0.75,True,0,0.0,0.0
deepgram-medium_support-r018,deepgram,flux-haley-en,medium_support,80.0,50.0,0.25,True,0,0.0,0.0
deepgram-medium_support-r018,deepgram,flux-haley-en,medium_support,80.0,50.0,0.5,True,0,0.0,0.0
deepgram-medium_support-r018,deepgram,flux-haley-en,medium_support,80.0,50.0,0.75,True,0,0.0,0.0
deepgram-medium_support-r018,deepgram,flux-haley-en,medium_support,80.0,100.0,0.25,True,0,0.0,0.0
deepgram-medium_support-r018,deepgram,flux-haley-en,medium_support,80.0,100.0,0.5,True,0,0.0,0.0
deepgram-medium_support-r018,deepgram,flux-haley-en,medium_support,80.0,100.0,0.75,True,0,0.0,0.0
deepgram-medium_support-r018,deepgram,flux-haley-en,medium_support,80.0,200.0,0.25,True,0,0.0,0.0
deepgram-medium_support-r018,deepgram,flux-haley-en,medium_support,80.0,200.0,0.5,True,0,0.0,0.0
deepgram-medium_support-r018,deepgram,flux-haley-en,medium_support,80.0,200.0,0.75,True,0,0.0,0.0
deepgram-medium_support-r018,deepgram,flux-haley-en,medium_support,80.0,400.0,0.25,True,0,0.0,0.0
deepgram-medium_support-r018,deepgram,flux-haley-en,medium_support,80.0,400.0,0.5,True,0,0.0,0.0
deepgram-medium_support-r018,deepgram,flux-haley-en,medium_support,80.0,400.0,0.75,True,0,0.0,0.0
deepgram-medium_support-r018,deepgram,flux-haley-en,medium_support,80.0,800.0,0.25,False,1,234.5722089977935,234.5722089977935
deepgram-medium_support-r018,deepgram,flux-haley-en,medium_support,80.0,800.0,0.5,True,0,0.0,0.0
deepgram-medium_support-r018,deepgram,flux-haley-en,medium_support,80.0,800.0,0.75,True,0,0.0,0.0
deepgram-medium_support-r018,deepgram,flux-haley-en,medium_support,80.0,1200.0,0.25,False,1,634.5722089977935,634.5722089977935
deepgram-medium_support-r018,deepgram,flux-haley-en,medium_support,80.0,1200.0,0.5,False,1,126.40016701444983,126.40016701444983
deepgram-medium_support-r018,deepgram,flux-haley-en,medium_support,80.0,1200.0,0.75,True,0,0.0,0.0
deepgram-medium_support-r019,deepgram,flux-haley-en,medium_support,80.0,0.0,0.25,True,0,0.0,0.0
deepgram-medium_support-r019,deepgram,flux-haley-en,medium_support,80.0,0.0,0.5,True,0,0.0,0.0
deepgram-medium_support-r019,deepgram,flux-haley-en,medium_support,80.0,0.0,0.75,True,0,0.0,0.0
deepgram-medium_support-r019,deepgram,flux-haley-en,medium_support,80.0,50.0,0.25,True,0,0.0,0.0
deepgram-medium_support-r019,deepgram,flux-haley-en,medium_support,80.0,50.0,0.5,True,0,0.0,0.0
deepgram-medium_support-r019,deepgram,flux-haley-en,medium_support,80.0,50.0,0.75,True,0,0.0,0.0
deepgram-medium_support-r019,deepgram,flux-haley-en,medium_support,80.0,100.0,0.25,True,0,0.0,0.0
deepgram-medium_support-r019,deepgram,flux-haley-en,medium_support,80.0,100.0,0.5,True,0,0.0,0.0
deepgram-medium_support-r019,deepgram,flux-haley-en,medium_support,80.0,100.0,0.75,True,0,0.0,0.0
deepgram-medium_support-r019,deepgram,flux-haley-en,medium_support,80.0,200.0,0.25,True,0,0.0,0.0
deepgram-medium_support-r019,deepgram,flux-haley-en,medium_support,80.0,200.0,0.5,True,0,0.0,0.0
deepgram-medium_support-r019,deepgram,flux-haley-en,medium_support,80.0,200.0,0.75,True,0,0.0,0.0
deepgram-medium_support-r019,deepgram,flux-haley-en,medium_support,80.0,400.0,0.25,True,0,0.0,0.0
deepgram-medium_support-r019,deepgram,flux-haley-en,medium_support,80.0,400.0,0.5,True,0,0.0,0.0
deepgram-medium_support-r019,deepgram,flux-haley-en,medium_support,80.0,400.0,0.75,True,0,0.0,0.0
deepgram-medium_support-r019,deepgram,flux-haley-en,medium_support,80.0,800.0,0.25,False,1,203.40004202816635,203.40004202816635
deepgram-medium_support-r019,deepgram,flux-haley-en,medium_support,80.0,800.0,0.5,True,0,0.0,0.0
deepgram-medium_support-r019,deepgram,flux-haley-en,medium_support,80.0,800.0,0.75,True,0,0.0,0.0
deepgram-medium_support-r019,deepgram,flux-haley-en,medium_support,80.0,1200.0,0.25,False,1,603.4000420281664,603.4000420281664
deepgram-medium_support-r019,deepgram,flux-haley-en,medium_support,80.0,1200.0,0.5,False,1,62.7391250282526,62.7391250282526
deepgram-medium_support-r019,deepgram,flux-haley-en,medium_support,80.0,1200.0,0.75,True,0,0.0,0.0
deepgram-short_ack-r000,deepgram,flux-haley-en,short_ack,80.0,0.0,0.25,True,0,0.0,0.0
deepgram-short_ack-r000,deepgram,flux-haley-en,short_ack,80.0,0.0,0.5,True,0,0.0,0.0
deepgram-short_ack-r000,deepgram,flux-haley-en,short_ack,80.0,0.0,0.75,True,0,0.0,0.0
deepgram-short_ack-r000,deepgram,flux-haley-en,short_ack,80.0,50.0,0.25,True,0,0.0,0.0
deepgram-short_ack-r000,deepgram,flux-haley-en,short_ack,80.0,50.0,0.5,True,0,0.0,0.0
deepgram-short_ack-r000,deepgram,flux-haley-en,short_ack,80.0,50.0,0.75,True,0,0.0,0.0
deepgram-short_ack-r000,deepgram,flux-haley-en,short_ack,80.0,100.0,0.25,True,0,0.0,0.0
deepgram-short_ack-r000,deepgram,flux-haley-en,short_ack,80.0,100.0,0.5,True,0,0.0,0.0
deepgram-short_ack-r000,deepgram,flux-haley-en,short_ack,80.0,100.0,0.75,True,0,0.0,0.0
deepgram-short_ack-r000,deepgram,flux-haley-en,short_ack,80.0,200.0,0.25,True,0,0.0,0.0
deepgram-short_ack-r000,deepgram,flux-haley-en,short_ack,80.0,200.0,0.5,True,0,0.0,0.0
deepgram-short_ack-r000,deepgram,flux-haley-en,short_ack,80.0,200.0,0.75,True,0,0.0,0.0
deepgram-short_ack-r000,deepgram,flux-haley-en,short_ack,80.0,400.0,0.25,False,1,192.42741697840393,192.42741697840393
deepgram-short_ack-r000,deepgram,flux-haley-en,short_ack,80.0,400.0,0.5,False,1,37.22329197824001,37.22329197824001
deepgram-short_ack-r000,deepgram,flux-haley-en,short_ack,80.0,400.0,0.75,True,0,0.0,0.0
deepgram-short_ack-r000,deepgram,flux-haley-en,short_ack,80.0,800.0,0.25,False,1,592.4274169784039,592.4274169784039
deepgram-short_ack-r000,deepgram,flux-haley-en,short_ack,80.0,800.0,0.5,False,1,437.22329197824,437.22329197824
deepgram-short_ack-r000,deepgram,flux-haley-en,short_ack,80.0,800.0,0.75,False,1,240.30208395933732,240.30208395933732
deepgram-short_ack-r000,deepgram,flux-haley-en,short_ack,80.0,1200.0,0.25,False,1,992.4274169784039,992.4274169784039
deepgram-short_ack-r000,deepgram,flux-haley-en,short_ack,80.0,1200.0,0.5,False,1,837.22329197824,837.22329197824
deepgram-short_ack-r000,deepgram,flux-haley-en,short_ack,80.0,1200.0,0.75,False,1,640.3020839593373,640.3020839593373
deepgram-short_ack-r001,deepgram,flux-haley-en,short_ack,80.0,0.0,0.25,True,0,0.0,0.0
deepgram-short_ack-r001,deepgram,flux-haley-en,short_ack,80.0,0.0,0.5,True,0,0.0,0.0
deepgram-short_ack-r001,deepgram,flux-haley-en,short_ack,80.0,0.0,0.75,True,0,0.0,0.0
deepgram-short_ack-r001,deepgram,flux-haley-en,short_ack,80.0,50.0,0.25,True,0,0.0,0.0
deepgram-short_ack-r001,deepgram,flux-haley-en,short_ack,80.0,50.0,0.5,True,0,0.0,0.0
deepgram-short_ack-r001,deepgram,flux-haley-en,short_ack,80.0,50.0,0.75,True,0,0.0,0.0
deepgram-short_ack-r001,deepgram,flux-haley-en,short_ack,80.0,100.0,0.25,True,0,0.0,0.0
deepgram-short_ack-r001,deepgram,flux-haley-en,short_ack,80.0,100.0,0.5,True,0,0.0,0.0
deepgram-short_ack-r001,deepgram,flux-haley-en,short_ack,80.0,100.0,0.75,True,0,0.0,0.0
deepgram-short_ack-r001,deepgram,flux-haley-en,short_ack,80.0,200.0,0.25,True,0,0.0,0.0
deepgram-short_ack-r001,deepgram,flux-haley-en,short_ack,80.0,200.0,0.5,True,0,0.0,0.0
deepgram-short_ack-r001,deepgram,flux-haley-en,short_ack,80.0,200.0,0.75,True,0,0.0,0.0
deepgram-short_ack-r001,deepgram,flux-haley-en,short_ack,80.0,400.0,0.25,False,1,196.0186249986291,196.0186249986291
deepgram-short_ack-r001,deepgram,flux-haley-en,short_ack,80.0,400.0,0.5,False,1,47.025167021434754,47.025167021434754
deepgram-short_ack-r001,deepgram,flux-haley-en,short_ack,80.0,400.0,0.75,True,0,0.0,0.0
deepgram-short_ack-r001,deepgram,flux-haley-en,short_ack,80.0,800.0,0.25,False,1,596.0186249986291,596.0186249986291
deepgram-short_ack-r001,deepgram,flux-haley-en,short_ack,80.0,800.0,0.5,False,1,447.02516702143475,447.02516702143475
deepgram-short_ack-r001,deepgram,flux-haley-en,short_ack,80.0,800.0,0.75,False,1,250.8618750181049,250.8618750181049
deepgram-short_ack-r001,deepgram,flux-haley-en,short_ack,80.0,1200.0,0.25,False,1,996.0186249986291,996.0186249986291
deepgram-short_ack-r001,deepgram,flux-haley-en,short_ack,80.0,1200.0,0.5,False,1,847.0251670214348,847.0251670214348
deepgram-short_ack-r001,deepgram,flux-haley-en,short_ack,80.0,1200.0,0.75,False,1,650.8618750181049,650.8618750181049
deepgram-short_ack-r002,deepgram,flux-haley-en,short_ack,80.0,0.0,0.25,True,0,0.0,0.0
deepgram-short_ack-r002,deepgram,flux-haley-en,short_ack,80.0,0.0,0.5,True,0,0.0,0.0
deepgram-short_ack-r002,deepgram,flux-haley-en,short_ack,80.0,0.0,0.75,True,0,0.0,0.0
deepgram-short_ack-r002,deepgram,flux-haley-en,short_ack,80.0,50.0,0.25,True,0,0.0,0.0
deepgram-short_ack-r002,deepgram,flux-haley-en,short_ack,80.0,50.0,0.5,True,0,0.0,0.0
deepgram-short_ack-r002,deepgram,flux-haley-en,short_ack,80.0,50.0,0.75,True,0,0.0,0.0
deepgram-short_ack-r002,deepgram,flux-haley-en,short_ack,80.0,100.0,0.25,True,0,0.0,0.0
deepgram-short_ack-r002,deepgram,flux-haley-en,short_ack,80.0,100.0,0.5,True,0,0.0,0.0
deepgram-short_ack-r002,deepgram,flux-haley-en,short_ack,80.0,100.0,0.75,True,0,0.0,0.0
deepgram-short_ack-r002,deepgram,flux-haley-en,short_ack,80.0,200.0,0.25,True,0,0.0,0.0
deepgram-short_ack-r002,deepgram,flux-haley-en,short_ack,80.0,200.0,0.5,True,0,0.0,0.0
deepgram-short_ack-r002,deepgram,flux-haley-en,short_ack,80.0,200.0,0.75,True,0,0.0,0.0
deepgram-short_ack-r002,deepgram,flux-haley-en,short_ack,80.0,400.0,0.25,False,1,195.67345799319446,195.67345799319446
deepgram-short_ack-r002,deepgram,flux-haley-en,short_ack,80.0,400.0,0.5,False,1,48.16337498975918,48.16337498975918
deepgram-short_ack-r002,deepgram,flux-haley-en,short_ack,80.0,400.0,0.75,True,0,0.0,0.0
deepgram-short_ack-r002,deepgram,flux-haley-en,short_ack,80.0,800.0,0.25,False,1,595.6734579931945,595.6734579931945
deepgram-short_ack-r002,deepgram,flux-haley-en,short_ack,80.0,800.0,0.5,False,1,448.1633749897592,448.1633749897592
deepgram-short_ack-r002,deepgram,flux-haley-en,short_ack,80.0,800.0,0.75,False,1,250.8722079838626,250.8722079838626
deepgram-short_ack-r002,deepgram,flux-haley-en,short_ack,80.0,1200.0,0.25,False,1,995.6734579931945,995.6734579931945
deepgram-short_ack-r002,deepgram,flux-haley-en,short_ack,80.0,1200.0,0.5,False,1,848.1633749897592,848.1633749897592
deepgram-short_ack-r002,deepgram,flux-haley-en,short_ack,80.0,1200.0,0.75,False,1,650.8722079838626,650.8722079838626
deepgram-short_ack-r003,deepgram,flux-haley-en,short_ack,80.0,0.0,0.25,True,0,0.0,0.0
deepgram-short_ack-r003,deepgram,flux-haley-en,short_ack,80.0,0.0,0.5,True,0,0.0,0.0
deepgram-short_ack-r003,deepgram,flux-haley-en,short_ack,80.0,0.0,0.75,True,0,0.0,0.0
deepgram-short_ack-r003,deepgram,flux-haley-en,short_ack,80.0,50.0,0.25,True,0,0.0,0.0
deepgram-short_ack-r003,deepgram,flux-haley-en,short_ack,80.0,50.0,0.5,True,0,0.0,0.0
deepgram-short_ack-r003,deepgram,flux-haley-en,short_ack,80.0,50.0,0.75,True,0,0.0,0.0
deepgram-short_ack-r003,deepgram,flux-haley-en,short_ack,80.0,100.0,0.25,True,0,0.0,0.0
deepgram-short_ack-r003,deepgram,flux-haley-en,short_ack,80.0,100.0,0.5,True,0,0.0,0.0
deepgram-short_ack-r003,deepgram,flux-haley-en,short_ack,80.0,100.0,0.75,True,0,0.0,0.0
deepgram-short_ack-r003,deepgram,flux-haley-en,short_ack,80.0,200.0,0.25,True,0,0.0,0.0
deepgram-short_ack-r003,deepgram,flux-haley-en,short_ack,80.0,200.0,0.5,True,0,0.0,0.0
deepgram-short_ack-r003,deepgram,flux-haley-en,short_ack,80.0,200.0,0.75,True,0,0.0,0.0
deepgram-short_ack-r003,deepgram,flux-haley-en,short_ack,80.0,400.0,0.25,False,1,195.2617080011405,195.2617080011405
deepgram-short_ack-r003,deepgram,flux-haley-en,short_ack,80.0,400.0,0.5,False,1,47.48654096527025,47.48654096527025
deepgram-short_ack-r003,deepgram,flux-haley-en,short_ack,80.0,400.0,0.75,True,0,0.0,0.0
deepgram-short_ack-r003,deepgram,flux-haley-en,short_ack,80.0,800.0,0.25,False,1,595.2617080011405,595.2617080011405
deepgram-short_ack-r003,deepgram,flux-haley-en,short_ack,80.0,800.0,0.5,False,1,447.48654096527025,447.48654096527025
deepgram-short_ack-r003,deepgram,flux-haley-en,short_ack,80.0,800.0,0.75,False,1,251.71104097180068,251.71104097180068
deepgram-short_ack-r003,deepgram,flux-haley-en,short_ack,80.0,1200.0,0.25,False,1,995.2617080011405,995.2617080011405
deepgram-short_ack-r003,deepgram,flux-haley-en,short_ack,80.0,1200.0,0.5,False,1,847.4865409652703,847.4865409652703
deepgram-short_ack-r003,deepgram,flux-haley-en,short_ack,80.0,1200.0,0.75,False,1,651.7110409718007,651.7110409718007
deepgram-short_ack-r004,deepgram,flux-haley-en,short_ack,80.0,0.0,0.25,True,0,0.0,0.0
deepgram-short_ack-r004,deepgram,flux-haley-en,short_ack,80.0,0.0,0.5,True,0,0.0,0.0
deepgram-short_ack-r004,deepgram,flux-haley-en,short_ack,80.0,0.0,0.75,True,0,0.0,0.0
deepgram-short_ack-r004,deepgram,flux-haley-en,short_ack,80.0,50.0,0.25,True,0,0.0,0.0
deepgram-short_ack-r004,deepgram,flux-haley-en,short_ack,80.0,50.0,0.5,True,0,0.0,0.0
deepgram-short_ack-r004,deepgram,flux-haley-en,short_ack,80.0,50.0,0.75,True,0,0.0,0.0
deepgram-short_ack-r004,deepgram,flux-haley-en,short_ack,80.0,100.0,0.25,True,0,0.0,0.0
deepgram-short_ack-r004,deepgram,flux-haley-en,short_ack,80.0,100.0,0.5,True,0,0.0,0.0
deepgram-short_ack-r004,deepgram,flux-haley-en,short_ack,80.0,100.0,0.75,True,0,0.0,0.0
deepgram-short_ack-r004,deepgram,flux-haley-en,short_ack,80.0,200.0,0.25,True,0,0.0,0.0
deepgram-short_ack-r004,deepgram,flux-haley-en,short_ack,80.0,200.0,0.5,True,0,0.0,0.0
deepgram-short_ack-r004,deepgram,flux-haley-en,short_ack,80.0,200.0,0.75,True,0,0.0,0.0
deepgram-short_ack-r004,deepgram,flux-haley-en,short_ack,80.0,400.0,0.25,False,1,162.57237499719486,162.57237499719486
deepgram-short_ack-r004,deepgram,flux-haley-en,short_ack,80.0,400.0,0.5,False,1,6.306999948807061,6.306999948807061
deepgram-short_ack-r004,deepgram,flux-haley-en,short_ack,80.0,400.0,0.75,True,0,0.0,0.0
deepgram-short_ack-r004,deepgram,flux-haley-en,short_ack,80.0,800.0,0.25,False,1,562.5723749971949,562.5723749971949
deepgram-short_ack-r004,deepgram,flux-haley-en,short_ack,80.0,800.0,0.5,False,1,406.30699994880706,406.30699994880706
deepgram-short_ack-r004,deepgram,flux-haley-en,short_ack,80.0,800.0,0.75,False,1,209.82341598393396,209.82341598393396
deepgram-short_ack-r004,deepgram,flux-haley-en,short_ack,80.0,1200.0,0.25,False,1,962.5723749971949,962.5723749971949
deepgram-short_ack-r004,deepgram,flux-haley-en,short_ack,80.0,1200.0,0.5,False,1,806.3069999488071,806.3069999488071
deepgram-short_ack-r004,deepgram,flux-haley-en,short_ack,80.0,1200.0,0.75,False,1,609.823415983934,609.823415983934
deepgram-short_ack-r005,deepgram,flux-haley-en,short_ack,80.0,0.0,0.25,True,0,0.0,0.0
deepgram-short_ack-r005,deepgram,flux-haley-en,short_ack,80.0,0.0,0.5,True,0,0.0,0.0
deepgram-short_ack-r005,deepgram,flux-haley-en,short_ack,80.0,0.0,0.75,True,0,0.0,0.0
deepgram-short_ack-r005,deepgram,flux-haley-en,short_ack,80.0,50.0,0.25,True,0,0.0,0.0
deepgram-short_ack-r005,deepgram,flux-haley-en,short_ack,80.0,50.0,0.5,True,0,0.0,0.0
deepgram-short_ack-r005,deepgram,flux-haley-en,short_ack,80.0,50.0,0.75,True,0,0.0,0.0
deepgram-short_ack-r005,deepgram,flux-haley-en,short_ack,80.0,100.0,0.25,True,0,0.0,0.0
deepgram-short_ack-r005,deepgram,flux-haley-en,short_ack,80.0,100.0,0.5,True,0,0.0,0.0
deepgram-short_ack-r005,deepgram,flux-haley-en,short_ack,80.0,100.0,0.75,True,0,0.0,0.0
deepgram-short_ack-r005,deepgram,flux-haley-en,short_ack,80.0,200.0,0.25,True,0,0.0,0.0
deepgram-short_ack-r005,deepgram,flux-haley-en,short_ack,80.0,200.0,0.5,True,0,0.0,0.0
deepgram-short_ack-r005,deepgram,flux-haley-en,short_ack,80.0,200.0,0.75,True,0,0.0,0.0
deepgram-short_ack-r005,deepgram,flux-haley-en,short_ack,80.0,400.0,0.25,False,1,162.92316695814952,162.92316695814952
deepgram-short_ack-r005,deepgram,flux-haley-en,short_ack,80.0,400.0,0.5,False,1,16.74954197742045,16.74954197742045
deepgram-short_ack-r005,deepgram,flux-haley-en,short_ack,80.0,400.0,0.75,True,0,0.0,0.0
deepgram-short_ack-r005,deepgram,flux-haley-en,short_ack,80.0,800.0,0.25,False,1,562.9231669581495,562.9231669581495
deepgram-short_ack-r005,deepgram,flux-haley-en,short_ack,80.0,800.0,0.5,False,1,416.74954197742045,416.74954197742045
deepgram-short_ack-r005,deepgram,flux-haley-en,short_ack,80.0,800.0,0.75,False,1,219.4801669884473,219.4801669884473
deepgram-short_ack-r005,deepgram,flux-haley-en,short_ack,80.0,1200.0,0.25,False,1,962.9231669581495,962.9231669581495
deepgram-short_ack-r005,deepgram,flux-haley-en,short_ack,80.0,1200.0,0.5,False,1,816.7495419774204,816.7495419774204
deepgram-short_ack-r005,deepgram,flux-haley-en,short_ack,80.0,1200.0,0.75,False,1,619.4801669884473,619.4801669884473
deepgram-short_ack-r006,deepgram,flux-haley-en,short_ack,80.0,0.0,0.25,True,0,0.0,0.0
deepgram-short_ack-r006,deepgram,flux-haley-en,short_ack,80.0,0.0,0.5,True,0,0.0,0.0
deepgram-short_ack-r006,deepgram,flux-haley-en,short_ack,80.0,0.0,0.75,True,0,0.0,0.0
deepgram-short_ack-r006,deepgram,flux-haley-en,short_ack,80.0,50.0,0.25,True,0,0.0,0.0
deepgram-short_ack-r006,deepgram,flux-haley-en,short_ack,80.0,50.0,0.5,True,0,0.0,0.0
deepgram-short_ack-r006,deepgram,flux-haley-en,short_ack,80.0,50.0,0.75,True,0,0.0,0.0
deepgram-short_ack-r006,deepgram,flux-haley-en,short_ack,80.0,100.0,0.25,True,0,0.0,0.0
deepgram-short_ack-r006,deepgram,flux-haley-en,short_ack,80.0,100.0,0.5,True,0,0.0,0.0
deepgram-short_ack-r006,deepgram,flux-haley-en,short_ack,80.0,100.0,0.75,True,0,0.0,0.0
deepgram-short_ack-r006,deepgram,flux-haley-en,short_ack,80.0,200.0,0.25,True,0,0.0,0.0
deepgram-short_ack-r006,deepgram,flux-haley-en,short_ack,80.0,200.0,0.5,True,0,0.0,0.0
deepgram-short_ack-r006,deepgram,flux-haley-en,short_ack,80.0,200.0,0.75,True,0,0.0,0.0
deepgram-short_ack-r006,deepgram,flux-haley-en,short_ack,80.0,400.0,0.25,False,1,162.8030829820782,162.8030829820782
deepgram-short_ack-r006,deepgram,flux-haley-en,short_ack,80.0,400.0,0.5,False,1,18.922165971249342,18.922165971249342
deepgram-short_ack-r006,deepgram,flux-haley-en,short_ack,80.0,400.0,0.75,True,0,0.0,0.0
deepgram-short_ack-r006,deepgram,flux-haley-en,short_ack,80.0,800.0,0.25,False,1,562.8030829820782,562.8030829820782
deepgram-short_ack-r006,deepgram,flux-haley-en,short_ack,80.0,800.0,0.5,False,1,418.92216597124934,418.92216597124934
deepgram-short_ack-r006,deepgram,flux-haley-en,short_ack,80.0,800.0,0.75,False,1,218.9607499949634,218.9607499949634
deepgram-short_ack-r006,deepgram,flux-haley-en,short_ack,80.0,1200.0,0.25,False,1,962.8030829820782,962.8030829820782
deepgram-short_ack-r006,deepgram,flux-haley-en,short_ack,80.0,1200.0,0.5,False,1,818.9221659712493,818.9221659712493
deepgram-short_ack-r006,deepgram,flux-haley-en,short_ack,80.0,1200.0,0.75,False,1,618.9607499949634,618.9607499949634
deepgram-short_ack-r007,deepgram,flux-haley-en,short_ack,80.0,0.0,0.25,True,0,0.0,0.0
deepgram-short_ack-r007,deepgram,flux-haley-en,short_ack,80.0,0.0,0.5,True,0,0.0,0.0
deepgram-short_ack-r007,deepgram,flux-haley-en,short_ack,80.0,0.0,0.75,True,0,0.0,0.0
deepgram-short_ack-r007,deepgram,flux-haley-en,short_ack,80.0,50.0,0.25,True,0,0.0,0.0
deepgram-short_ack-r007,deepgram,flux-haley-en,short_ack,80.0,50.0,0.5,True,0,0.0,0.0
deepgram-short_ack-r007,deepgram,flux-haley-en,short_ack,80.0,50.0,0.75,True,0,0.0,0.0
deepgram-short_ack-r007,deepgram,flux-haley-en,short_ack,80.0,100.0,0.25,True,0,0.0,0.0
deepgram-short_ack-r007,deepgram,flux-haley-en,short_ack,80.0,100.0,0.5,True,0,0.0,0.0
deepgram-short_ack-r007,deepgram,flux-haley-en,short_ack,80.0,100.0,0.75,True,0,0.0,0.0
deepgram-short_ack-r007,deepgram,flux-haley-en,short_ack,80.0,200.0,0.25,True,0,0.0,0.0
deepgram-short_ack-r007,deepgram,flux-haley-en,short_ack,80.0,200.0,0.5,True,0,0.0,0.0
deepgram-short_ack-r007,deepgram,flux-haley-en,short_ack,80.0,200.0,0.75,True,0,0.0,0.0
deepgram-short_ack-r007,deepgram,flux-haley-en,short_ack,80.0,400.0,0.25,False,1,163.2586660203524,163.2586660203524
deepgram-short_ack-r007,deepgram,flux-haley-en,short_ack,80.0,400.0,0.5,False,1,13.681458021979779,13.681458021979779
deepgram-short_ack-r007,deepgram,flux-haley-en,short_ack,80.0,400.0,0.75,True,0,0.0,0.0
deepgram-short_ack-r007,deepgram,flux-haley-en,short_ack,80.0,800.0,0.25,False,1,563.2586660203524,563.2586660203524
deepgram-short_ack-r007,deepgram,flux-haley-en,short_ack,80.0,800.0,0.5,False,1,413.6814580219798,413.6814580219798
deepgram-short_ack-r007,deepgram,flux-haley-en,short_ack,80.0,800.0,0.75,False,1,218.72066603647545,218.72066603647545
deepgram-short_ack-r007,deepgram,flux-haley-en,short_ack,80.0,1200.0,0.25,False,1,963.2586660203524,963.2586660203524
deepgram-short_ack-r007,deepgram,flux-haley-en,short_ack,80.0,1200.0,0.5,False,1,813.6814580219798,813.6814580219798
deepgram-short_ack-r007,deepgram,flux-haley-en,short_ack,80.0,1200.0,0.75,False,1,618.7206660364754,618.7206660364754
deepgram-short_ack-r008,deepgram,flux-haley-en,short_ack,80.0,0.0,0.25,True,0,0.0,0.0
deepgram-short_ack-r008,deepgram,flux-haley-en,short_ack,80.0,0.0,0.5,True,0,0.0,0.0
deepgram-short_ack-r008,deepgram,flux-haley-en,short_ack,80.0,0.0,0.75,True,0,0.0,0.0
deepgram-short_ack-r008,deepgram,flux-haley-en,short_ack,80.0,50.0,0.25,True,0,0.0,0.0
deepgram-short_ack-r008,deepgram,flux-haley-en,short_ack,80.0,50.0,0.5,True,0,0.0,0.0
deepgram-short_ack-r008,deepgram,flux-haley-en,short_ack,80.0,50.0,0.75,True,0,0.0,0.0
deepgram-short_ack-r008,deepgram,flux-haley-en,short_ack,80.0,100.0,0.25,True,0,0.0,0.0
deepgram-short_ack-r008,deepgram,flux-haley-en,short_ack,80.0,100.0,0.5,True,0,0.0,0.0
deepgram-short_ack-r008,deepgram,flux-haley-en,short_ack,80.0,100.0,0.75,True,0,0.0,0.0
deepgram-short_ack-r008,deepgram,flux-haley-en,short_ack,80.0,200.0,0.25,True,0,0.0,0.0
deepgram-short_ack-r008,deepgram,flux-haley-en,short_ack,80.0,200.0,0.5,True,0,0.0,0.0
deepgram-short_ack-r008,deepgram,flux-haley-en,short_ack,80.0,200.0,0.75,True,0,0.0,0.0
deepgram-short_ack-r008,deepgram,flux-haley-en,short_ack,80.0,400.0,0.25,False,1,163.42795904399827,163.42795904399827
deepgram-short_ack-r008,deepgram,flux-haley-en,short_ack,80.0,400.0,0.5,False,1,6.416791995521635,6.416791995521635
deepgram-short_ack-r008,deepgram,flux-haley-en,short_ack,80.0,400.0,0.75,True,0,0.0,0.0
deepgram-short_ack-r008,deepgram,flux-haley-en,short_ack,80.0,800.0,0.25,False,1,563.4279590439983,563.4279590439983
deepgram-short_ack-r008,deepgram,flux-haley-en,short_ack,80.0,800.0,0.5,False,1,406.41679199552163,406.41679199552163
deepgram-short_ack-r008,deepgram,flux-haley-en,short_ack,80.0,800.0,0.75,False,1,210.19454203452915,210.19454203452915
deepgram-short_ack-r008,deepgram,flux-haley-en,short_ack,80.0,1200.0,0.25,False,1,963.4279590439983,963.4279590439983
deepgram-short_ack-r008,deepgram,flux-haley-en,short_ack,80.0,1200.0,0.5,False,1,806.4167919955216,806.4167919955216
deepgram-short_ack-r008,deepgram,flux-haley-en,short_ack,80.0,1200.0,0.75,False,1,610.1945420345291,610.1945420345291
deepgram-short_ack-r009,deepgram,flux-haley-en,short_ack,80.0,0.0,0.25,True,0,0.0,0.0
deepgram-short_ack-r009,deepgram,flux-haley-en,short_ack,80.0,0.0,0.5,True,0,0.0,0.0
deepgram-short_ack-r009,deepgram,flux-haley-en,short_ack,80.0,0.0,0.75,True,0,0.0,0.0
deepgram-short_ack-r009,deepgram,flux-haley-en,short_ack,80.0,50.0,0.25,True,0,0.0,0.0
deepgram-short_ack-r009,deepgram,flux-haley-en,short_ack,80.0,50.0,0.5,True,0,0.0,0.0
deepgram-short_ack-r009,deepgram,flux-haley-en,short_ack,80.0,50.0,0.75,True,0,0.0,0.0
deepgram-short_ack-r009,deepgram,flux-haley-en,short_ack,80.0,100.0,0.25,True,0,0.0,0.0
deepgram-short_ack-r009,deepgram,flux-haley-en,short_ack,80.0,100.0,0.5,True,0,0.0,0.0
deepgram-short_ack-r009,deepgram,flux-haley-en,short_ack,80.0,100.0,0.75,True,0,0.0,0.0
deepgram-short_ack-r009,deepgram,flux-haley-en,short_ack,80.0,200.0,0.25,True,0,0.0,0.0
deepgram-short_ack-r009,deepgram,flux-haley-en,short_ack,80.0,200.0,0.5,True,0,0.0,0.0
deepgram-short_ack-r009,deepgram,flux-haley-en,short_ack,80.0,200.0,0.75,True,0,0.0,0.0
deepgram-short_ack-r009,deepgram,flux-haley-en,short_ack,80.0,400.0,0.25,False,1,162.23208398930728,162.23208398930728
deepgram-short_ack-r009,deepgram,flux-haley-en,short_ack,80.0,400.0,0.5,True,0,0.0,0.0
deepgram-short_ack-r009,deepgram,flux-haley-en,short_ack,80.0,400.0,0.75,True,0,0.0,0.0
deepgram-short_ack-r009,deepgram,flux-haley-en,short_ack,80.0,800.0,0.25,False,1,562.2320839893073,562.2320839893073
deepgram-short_ack-r009,deepgram,flux-haley-en,short_ack,80.0,800.0,0.5,False,1,381.73937500361353,381.73937500361353
deepgram-short_ack-r009,deepgram,flux-haley-en,short_ack,80.0,800.0,0.75,False,1,185.4647089857608,185.4647089857608
deepgram-short_ack-r009,deepgram,flux-haley-en,short_ack,80.0,1200.0,0.25,False,1,962.2320839893073,962.2320839893073
deepgram-short_ack-r009,deepgram,flux-haley-en,short_ack,80.0,1200.0,0.5,False,1,781.7393750036135,781.7393750036135
deepgram-short_ack-r009,deepgram,flux-haley-en,short_ack,80.0,1200.0,0.75,False,1,585.4647089857608,585.4647089857608
deepgram-short_ack-r010,deepgram,flux-haley-en,short_ack,80.0,0.0,0.25,True,0,0.0,0.0
deepgram-short_ack-r010,deepgram,flux-haley-en,short_ack,80.0,0.0,0.5,True,0,0.0,0.0
deepgram-short_ack-r010,deepgram,flux-haley-en,short_ack,80.0,0.0,0.75,True,0,0.0,0.0
deepgram-short_ack-r010,deepgram,flux-haley-en,short_ack,80.0,50.0,0.25,True,0,0.0,0.0
deepgram-short_ack-r010,deepgram,flux-haley-en,short_ack,80.0,50.0,0.5,True,0,0.0,0.0
deepgram-short_ack-r010,deepgram,flux-haley-en,short_ack,80.0,50.0,0.75,True,0,0.0,0.0
deepgram-short_ack-r010,deepgram,flux-haley-en,short_ack,80.0,100.0,0.25,True,0,0.0,0.0
deepgram-short_ack-r010,deepgram,flux-haley-en,short_ack,80.0,100.0,0.5,True,0,0.0,0.0
deepgram-short_ack-r010,deepgram,flux-haley-en,short_ack,80.0,100.0,0.75,True,0,0.0,0.0
deepgram-short_ack-r010,deepgram,flux-haley-en,short_ack,80.0,200.0,0.25,True,0,0.0,0.0
deepgram-short_ack-r010,deepgram,flux-haley-en,short_ack,80.0,200.0,0.5,True,0,0.0,0.0
deepgram-short_ack-r010,deepgram,flux-haley-en,short_ack,80.0,200.0,0.75,True,0,0.0,0.0
deepgram-short_ack-r010,deepgram,flux-haley-en,short_ack,80.0,400.0,0.25,False,1,162.34579102508724,162.34579102508724
deepgram-short_ack-r010,deepgram,flux-haley-en,short_ack,80.0,400.0,0.5,False,1,14.803375004790723,14.803375004790723
deepgram-short_ack-r010,deepgram,flux-haley-en,short_ack,80.0,400.0,0.75,True,0,0.0,0.0
deepgram-short_ack-r010,deepgram,flux-haley-en,short_ack,80.0,800.0,0.25,False,1,562.3457910250872,562.3457910250872
deepgram-short_ack-r010,deepgram,flux-haley-en,short_ack,80.0,800.0,0.5,False,1,414.8033750047907,414.8033750047907
deepgram-short_ack-r010,deepgram,flux-haley-en,short_ack,80.0,800.0,0.75,False,1,218.25208301562816,218.25208301562816
deepgram-short_ack-r010,deepgram,flux-haley-en,short_ack,80.0,1200.0,0.25,False,1,962.3457910250872,962.3457910250872
deepgram-short_ack-r010,deepgram,flux-haley-en,short_ack,80.0,1200.0,0.5,False,1,814.8033750047907,814.8033750047907
deepgram-short_ack-r010,deepgram,flux-haley-en,short_ack,80.0,1200.0,0.75,False,1,618.2520830156282,618.2520830156282
deepgram-short_ack-r011,deepgram,flux-haley-en,short_ack,80.0,0.0,0.25,True,0,0.0,0.0
deepgram-short_ack-r011,deepgram,flux-haley-en,short_ack,80.0,0.0,0.5,True,0,0.0,0.0
deepgram-short_ack-r011,deepgram,flux-haley-en,short_ack,80.0,0.0,0.75,True,0,0.0,0.0
deepgram-short_ack-r011,deepgram,flux-haley-en,short_ack,80.0,50.0,0.25,True,0,0.0,0.0
deepgram-short_ack-r011,deepgram,flux-haley-en,short_ack,80.0,50.0,0.5,True,0,0.0,0.0
deepgram-short_ack-r011,deepgram,flux-haley-en,short_ack,80.0,50.0,0.75,True,0,0.0,0.0
deepgram-short_ack-r011,deepgram,flux-haley-en,short_ack,80.0,100.0,0.25,True,0,0.0,0.0
deepgram-short_ack-r011,deepgram,flux-haley-en,short_ack,80.0,100.0,0.5,True,0,0.0,0.0
deepgram-short_ack-r011,deepgram,flux-haley-en,short_ack,80.0,100.0,0.75,True,0,0.0,0.0
deepgram-short_ack-r011,deepgram,flux-haley-en,short_ack,80.0,200.0,0.25,True,0,0.0,0.0
deepgram-short_ack-r011,deepgram,flux-haley-en,short_ack,80.0,200.0,0.5,True,0,0.0,0.0
deepgram-short_ack-r011,deepgram,flux-haley-en,short_ack,80.0,200.0,0.75,True,0,0.0,0.0
deepgram-short_ack-r011,deepgram,flux-haley-en,short_ack,80.0,400.0,0.25,False,1,164.01745800301433,164.01745800301433
deepgram-short_ack-r011,deepgram,flux-haley-en,short_ack,80.0,400.0,0.5,False,1,16.996708003804088,16.996708003804088
deepgram-short_ack-r011,deepgram,flux-haley-en,short_ack,80.0,400.0,0.75,True,0,0.0,0.0
deepgram-short_ack-r011,deepgram,flux-haley-en,short_ack,80.0,800.0,0.25,False,1,564.0174580030143,564.0174580030143
deepgram-short_ack-r011,deepgram,flux-haley-en,short_ack,80.0,800.0,0.5,False,1,416.9967080038041,416.9967080038041
deepgram-short_ack-r011,deepgram,flux-haley-en,short_ack,80.0,800.0,0.75,False,1,221.20583303878084,221.20583303878084
deepgram-short_ack-r011,deepgram,flux-haley-en,short_ack,80.0,1200.0,0.25,False,1,964.0174580030143,964.0174580030143
deepgram-short_ack-r011,deepgram,flux-haley-en,short_ack,80.0,1200.0,0.5,False,1,816.9967080038041,816.9967080038041
deepgram-short_ack-r011,deepgram,flux-haley-en,short_ack,80.0,1200.0,0.75,False,1,621.2058330387808,621.2058330387808
deepgram-short_ack-r012,deepgram,flux-haley-en,short_ack,80.0,0.0,0.25,True,0,0.0,0.0
deepgram-short_ack-r012,deepgram,flux-haley-en,short_ack,80.0,0.0,0.5,True,0,0.0,0.0
deepgram-short_ack-r012,deepgram,flux-haley-en,short_ack,80.0,0.0,0.75,True,0,0.0,0.0
deepgram-short_ack-r012,deepgram,flux-haley-en,short_ack,80.0,50.0,0.25,True,0,0.0,0.0
deepgram-short_ack-r012,deepgram,flux-haley-en,short_ack,80.0,50.0,0.5,True,0,0.0,0.0
deepgram-short_ack-r012,deepgram,flux-haley-en,short_ack,80.0,50.0,0.75,True,0,0.0,0.0
deepgram-short_ack-r012,deepgram,flux-haley-en,short_ack,80.0,100.0,0.25,True,0,0.0,0.0
deepgram-short_ack-r012,deepgram,flux-haley-en,short_ack,80.0,100.0,0.5,True,0,0.0,0.0
deepgram-short_ack-r012,deepgram,flux-haley-en,short_ack,80.0,100.0,0.75,True,0,0.0,0.0
deepgram-short_ack-r012,deepgram,flux-haley-en,short_ack,80.0,200.0,0.25,True,0,0.0,0.0
deepgram-short_ack-r012,deepgram,flux-haley-en,short_ack,80.0,200.0,0.5,True,0,0.0,0.0
deepgram-short_ack-r012,deepgram,flux-haley-en,short_ack,80.0,200.0,0.75,True,0,0.0,0.0
deepgram-short_ack-r012,deepgram,flux-haley-en,short_ack,80.0,400.0,0.25,False,1,162.9041659985669,162.9041659985669
deepgram-short_ack-r012,deepgram,flux-haley-en,short_ack,80.0,400.0,0.5,False,1,8.395083019509912,8.395083019509912
deepgram-short_ack-r012,deepgram,flux-haley-en,short_ack,80.0,400.0,0.75,True,0,0.0,0.0
deepgram-short_ack-r012,deepgram,flux-haley-en,short_ack,80.0,800.0,0.25,False,1,562.9041659985669,562.9041659985669
deepgram-short_ack-r012,deepgram,flux-haley-en,short_ack,80.0,800.0,0.5,False,1,408.3950830195099,408.3950830195099
deepgram-short_ack-r012,deepgram,flux-haley-en,short_ack,80.0,800.0,0.75,False,1,210.14420800749213,210.14420800749213
deepgram-short_ack-r012,deepgram,flux-haley-en,short_ack,80.0,1200.0,0.25,False,1,962.9041659985669,962.9041659985669
deepgram-short_ack-r012,deepgram,flux-haley-en,short_ack,80.0,1200.0,0.5,False,1,808.3950830195099,808.3950830195099
deepgram-short_ack-r012,deepgram,flux-haley-en,short_ack,80.0,1200.0,0.75,False,1,610.1442080074921,610.1442080074921
deepgram-short_ack-r013,deepgram,flux-haley-en,short_ack,80.0,0.0,0.25,True,0,0.0,0.0
deepgram-short_ack-r013,deepgram,flux-haley-en,short_ack,80.0,0.0,0.5,True,0,0.0,0.0
deepgram-short_ack-r013,deepgram,flux-haley-en,short_ack,80.0,0.0,0.75,True,0,0.0,0.0
deepgram-short_ack-r013,deepgram,flux-haley-en,short_ack,80.0,50.0,0.25,True,0,0.0,0.0
deepgram-short_ack-r013,deepgram,flux-haley-en,short_ack,80.0,50.0,0.5,True,0,0.0,0.0
deepgram-short_ack-r013,deepgram,flux-haley-en,short_ack,80.0,50.0,0.75,True,0,0.0,0.0
deepgram-short_ack-r013,deepgram,flux-haley-en,short_ack,80.0,100.0,0.25,True,0,0.0,0.0
deepgram-short_ack-r013,deepgram,flux-haley-en,short_ack,80.0,100.0,0.5,True,0,0.0,0.0
deepgram-short_ack-r013,deepgram,flux-haley-en,short_ack,80.0,100.0,0.75,True,0,0.0,0.0
deepgram-short_ack-r013,deepgram,flux-haley-en,short_ack,80.0,200.0,0.25,True,0,0.0,0.0
deepgram-short_ack-r013,deepgram,flux-haley-en,short_ack,80.0,200.0,0.5,True,0,0.0,0.0
deepgram-short_ack-r013,deepgram,flux-haley-en,short_ack,80.0,200.0,0.75,True,0,0.0,0.0
deepgram-short_ack-r013,deepgram,flux-haley-en,short_ack,80.0,400.0,0.25,False,1,195.9165419745259,195.9165419745259
deepgram-short_ack-r013,deepgram,flux-haley-en,short_ack,80.0,400.0,0.5,False,1,39.23920802678913,39.23920802678913
deepgram-short_ack-r013,deepgram,flux-haley-en,short_ack,80.0,400.0,0.75,True,0,0.0,0.0
deepgram-short_ack-r013,deepgram,flux-haley-en,short_ack,80.0,800.0,0.25,False,1,595.9165419745259,595.9165419745259
deepgram-short_ack-r013,deepgram,flux-haley-en,short_ack,80.0,800.0,0.5,False,1,439.23920802678913,439.23920802678913
deepgram-short_ack-r013,deepgram,flux-haley-en,short_ack,80.0,800.0,0.75,False,1,241.99750001216307,241.99750001216307
deepgram-short_ack-r013,deepgram,flux-haley-en,short_ack,80.0,1200.0,0.25,False,1,995.9165419745259,995.9165419745259
deepgram-short_ack-r013,deepgram,flux-haley-en,short_ack,80.0,1200.0,0.5,False,1,839.2392080267891,839.2392080267891
deepgram-short_ack-r013,deepgram,flux-haley-en,short_ack,80.0,1200.0,0.75,False,1,641.9975000121631,641.9975000121631
deepgram-short_ack-r014,deepgram,flux-haley-en,short_ack,80.0,0.0,0.25,True,0,0.0,0.0
deepgram-short_ack-r014,deepgram,flux-haley-en,short_ack,80.0,0.0,0.5,True,0,0.0,0.0
deepgram-short_ack-r014,deepgram,flux-haley-en,short_ack,80.0,0.0,0.75,True,0,0.0,0.0
deepgram-short_ack-r014,deepgram,flux-haley-en,short_ack,80.0,50.0,0.25,True,0,0.0,0.0
deepgram-short_ack-r014,deepgram,flux-haley-en,short_ack,80.0,50.0,0.5,True,0,0.0,0.0
deepgram-short_ack-r014,deepgram,flux-haley-en,short_ack,80.0,50.0,0.75,True,0,0.0,0.0
deepgram-short_ack-r014,deepgram,flux-haley-en,short_ack,80.0,100.0,0.25,True,0,0.0,0.0
deepgram-short_ack-r014,deepgram,flux-haley-en,short_ack,80.0,100.0,0.5,True,0,0.0,0.0
deepgram-short_ack-r014,deepgram,flux-haley-en,short_ack,80.0,100.0,0.75,True,0,0.0,0.0
deepgram-short_ack-r014,deepgram,flux-haley-en,short_ack,80.0,200.0,0.25,True,0,0.0,0.0
deepgram-short_ack-r014,deepgram,flux-haley-en,short_ack,80.0,200.0,0.5,True,0,0.0,0.0
deepgram-short_ack-r014,deepgram,flux-haley-en,short_ack,80.0,200.0,0.75,True,0,0.0,0.0
deepgram-short_ack-r014,deepgram,flux-haley-en,short_ack,80.0,400.0,0.25,False,1,195.26354101859033,195.26354101859033
deepgram-short_ack-r014,deepgram,flux-haley-en,short_ack,80.0,400.0,0.5,False,1,47.599915984552354,47.599915984552354
deepgram-short_ack-r014,deepgram,flux-haley-en,short_ack,80.0,400.0,0.75,True,0,0.0,0.0
deepgram-short_ack-r014,deepgram,flux-haley-en,short_ack,80.0,800.0,0.25,False,1,595.2635410185903,595.2635410185903
deepgram-short_ack-r014,deepgram,flux-haley-en,short_ack,80.0,800.0,0.5,False,1,447.59991598455235,447.59991598455235
deepgram-short_ack-r014,deepgram,flux-haley-en,short_ack,80.0,800.0,0.75,False,1,251.46554102329537,251.46554102329537
deepgram-short_ack-r014,deepgram,flux-haley-en,short_ack,80.0,1200.0,0.25,False,1,995.2635410185903,995.2635410185903
deepgram-short_ack-r014,deepgram,flux-haley-en,short_ack,80.0,1200.0,0.5,False,1,847.5999159845524,847.5999159845524
deepgram-short_ack-r014,deepgram,flux-haley-en,short_ack,80.0,1200.0,0.75,False,1,651.4655410232954,651.4655410232954
deepgram-short_ack-r015,deepgram,flux-haley-en,short_ack,80.0,0.0,0.25,True,0,0.0,0.0
deepgram-short_ack-r015,deepgram,flux-haley-en,short_ack,80.0,0.0,0.5,True,0,0.0,0.0
deepgram-short_ack-r015,deepgram,flux-haley-en,short_ack,80.0,0.0,0.75,True,0,0.0,0.0
deepgram-short_ack-r015,deepgram,flux-haley-en,short_ack,80.0,50.0,0.25,True,0,0.0,0.0
deepgram-short_ack-r015,deepgram,flux-haley-en,short_ack,80.0,50.0,0.5,True,0,0.0,0.0
deepgram-short_ack-r015,deepgram,flux-haley-en,short_ack,80.0,50.0,0.75,True,0,0.0,0.0
deepgram-short_ack-r015,deepgram,flux-haley-en,short_ack,80.0,100.0,0.25,True,0,0.0,0.0
deepgram-short_ack-r015,deepgram,flux-haley-en,short_ack,80.0,100.0,0.5,True,0,0.0,0.0
deepgram-short_ack-r015,deepgram,flux-haley-en,short_ack,80.0,100.0,0.75,True,0,0.0,0.0
deepgram-short_ack-r015,deepgram,flux-haley-en,short_ack,80.0,200.0,0.25,True,0,0.0,0.0
deepgram-short_ack-r015,deepgram,flux-haley-en,short_ack,80.0,200.0,0.5,True,0,0.0,0.0
deepgram-short_ack-r015,deepgram,flux-haley-en,short_ack,80.0,200.0,0.75,True,0,0.0,0.0
deepgram-short_ack-r015,deepgram,flux-haley-en,short_ack,80.0,400.0,0.25,False,1,165.960125007201,165.960125007201
deepgram-short_ack-r015,deepgram,flux-haley-en,short_ack,80.0,400.0,0.5,False,1,14.924874998629093,14.924874998629093
deepgram-short_ack-r015,deepgram,flux-haley-en,short_ack,80.0,400.0,0.75,True,0,0.0,0.0
deepgram-short_ack-r015,deepgram,flux-haley-en,short_ack,80.0,800.0,0.25,False,1,565.960125007201,565.960125007201
deepgram-short_ack-r015,deepgram,flux-haley-en,short_ack,80.0,800.0,0.5,False,1,414.9248749986291,414.9248749986291
deepgram-short_ack-r015,deepgram,flux-haley-en,short_ack,80.0,800.0,0.75,False,1,218.66412503551692,218.66412503551692
deepgram-short_ack-r015,deepgram,flux-haley-en,short_ack,80.0,1200.0,0.25,False,1,965.960125007201,965.960125007201
deepgram-short_ack-r015,deepgram,flux-haley-en,short_ack,80.0,1200.0,0.5,False,1,814.9248749986291,814.9248749986291
deepgram-short_ack-r015,deepgram,flux-haley-en,short_ack,80.0,1200.0,0.75,False,1,618.6641250355169,618.6641250355169
deepgram-short_ack-r016,deepgram,flux-haley-en,short_ack,80.0,0.0,0.25,True,0,0.0,0.0
deepgram-short_ack-r016,deepgram,flux-haley-en,short_ack,80.0,0.0,0.5,True,0,0.0,0.0
deepgram-short_ack-r016,deepgram,flux-haley-en,short_ack,80.0,0.0,0.75,True,0,0.0,0.0
deepgram-short_ack-r016,deepgram,flux-haley-en,short_ack,80.0,50.0,0.25,True,0,0.0,0.0
deepgram-short_ack-r016,deepgram,flux-haley-en,short_ack,80.0,50.0,0.5,True,0,0.0,0.0
deepgram-short_ack-r016,deepgram,flux-haley-en,short_ack,80.0,50.0,0.75,True,0,0.0,0.0
deepgram-short_ack-r016,deepgram,flux-haley-en,short_ack,80.0,100.0,0.25,True,0,0.0,0.0
deepgram-short_ack-r016,deepgram,flux-haley-en,short_ack,80.0,100.0,0.5,True,0,0.0,0.0
deepgram-short_ack-r016,deepgram,flux-haley-en,short_ack,80.0,100.0,0.75,True,0,0.0,0.0
deepgram-short_ack-r016,deepgram,flux-haley-en,short_ack,80.0,200.0,0.25,True,0,0.0,0.0
deepgram-short_ack-r016,deepgram,flux-haley-en,short_ack,80.0,200.0,0.5,True,0,0.0,0.0
deepgram-short_ack-r016,deepgram,flux-haley-en,short_ack,80.0,200.0,0.75,True,0,0.0,0.0
deepgram-short_ack-r016,deepgram,flux-haley-en,short_ack,80.0,400.0,0.25,False,1,194.77349997637793,194.77349997637793
deepgram-short_ack-r016,deepgram,flux-haley-en,short_ack,80.0,400.0,0.5,False,1,46.070666971150786,46.070666971150786
deepgram-short_ack-r016,deepgram,flux-haley-en,short_ack,80.0,400.0,0.75,True,0,0.0,0.0
deepgram-short_ack-r016,deepgram,flux-haley-en,short_ack,80.0,800.0,0.25,False,1,594.7734999763779,594.7734999763779
deepgram-short_ack-r016,deepgram,flux-haley-en,short_ack,80.0,800.0,0.5,False,1,446.0706669711508,446.0706669711508
deepgram-short_ack-r016,deepgram,flux-haley-en,short_ack,80.0,800.0,0.75,False,1,282.4637499745004,282.4637499745004
deepgram-short_ack-r016,deepgram,flux-haley-en,short_ack,80.0,1200.0,0.25,False,1,994.7734999763779,994.7734999763779
deepgram-short_ack-r016,deepgram,flux-haley-en,short_ack,80.0,1200.0,0.5,False,1,846.0706669711508,846.0706669711508
deepgram-short_ack-r016,deepgram,flux-haley-en,short_ack,80.0,1200.0,0.75,False,1,682.4637499745004,682.4637499745004
deepgram-short_ack-r017,deepgram,flux-haley-en,short_ack,80.0,0.0,0.25,True,0,0.0,0.0
deepgram-short_ack-r017,deepgram,flux-haley-en,short_ack,80.0,0.0,0.5,True,0,0.0,0.0
deepgram-short_ack-r017,deepgram,flux-haley-en,short_ack,80.0,0.0,0.75,True,0,0.0,0.0
deepgram-short_ack-r017,deepgram,flux-haley-en,short_ack,80.0,50.0,0.25,True,0,0.0,0.0
deepgram-short_ack-r017,deepgram,flux-haley-en,short_ack,80.0,50.0,0.5,True,0,0.0,0.0
deepgram-short_ack-r017,deepgram,flux-haley-en,short_ack,80.0,50.0,0.75,True,0,0.0,0.0
deepgram-short_ack-r017,deepgram,flux-haley-en,short_ack,80.0,100.0,0.25,True,0,0.0,0.0
deepgram-short_ack-r017,deepgram,flux-haley-en,short_ack,80.0,100.0,0.5,True,0,0.0,0.0
deepgram-short_ack-r017,deepgram,flux-haley-en,short_ack,80.0,100.0,0.75,True,0,0.0,0.0
deepgram-short_ack-r017,deepgram,flux-haley-en,short_ack,80.0,200.0,0.25,True,0,0.0,0.0
deepgram-short_ack-r017,deepgram,flux-haley-en,short_ack,80.0,200.0,0.5,True,0,0.0,0.0
deepgram-short_ack-r017,deepgram,flux-haley-en,short_ack,80.0,200.0,0.75,True,0,0.0,0.0
deepgram-short_ack-r017,deepgram,flux-haley-en,short_ack,80.0,400.0,0.25,False,1,162.15108302328736,162.15108302328736
deepgram-short_ack-r017,deepgram,flux-haley-en,short_ack,80.0,400.0,0.5,False,1,6.639375005848706,6.639375005848706
deepgram-short_ack-r017,deepgram,flux-haley-en,short_ack,80.0,400.0,0.75,True,0,0.0,0.0
deepgram-short_ack-r017,deepgram,flux-haley-en,short_ack,80.0,800.0,0.25,False,1,562.1510830232874,562.1510830232874
deepgram-short_ack-r017,deepgram,flux-haley-en,short_ack,80.0,800.0,0.5,False,1,406.6393750058487,406.6393750058487
deepgram-short_ack-r017,deepgram,flux-haley-en,short_ack,80.0,800.0,0.75,False,1,209.5590000008233,209.5590000008233
deepgram-short_ack-r017,deepgram,flux-haley-en,short_ack,80.0,1200.0,0.25,False,1,962.1510830232874,962.1510830232874
deepgram-short_ack-r017,deepgram,flux-haley-en,short_ack,80.0,1200.0,0.5,False,1,806.6393750058487,806.6393750058487
deepgram-short_ack-r017,deepgram,flux-haley-en,short_ack,80.0,1200.0,0.75,False,1,609.5590000008233,609.5590000008233
deepgram-short_ack-r018,deepgram,flux-haley-en,short_ack,80.0,0.0,0.25,True,0,0.0,0.0
deepgram-short_ack-r018,deepgram,flux-haley-en,short_ack,80.0,0.0,0.5,True,0,0.0,0.0
deepgram-short_ack-r018,deepgram,flux-haley-en,short_ack,80.0,0.0,0.75,True,0,0.0,0.0
deepgram-short_ack-r018,deepgram,flux-haley-en,short_ack,80.0,50.0,0.25,True,0,0.0,0.0
deepgram-short_ack-r018,deepgram,flux-haley-en,short_ack,80.0,50.0,0.5,True,0,0.0,0.0
deepgram-short_ack-r018,deepgram,flux-haley-en,short_ack,80.0,50.0,0.75,True,0,0.0,0.0
deepgram-short_ack-r018,deepgram,flux-haley-en,short_ack,80.0,100.0,0.25,True,0,0.0,0.0
deepgram-short_ack-r018,deepgram,flux-haley-en,short_ack,80.0,100.0,0.5,True,0,0.0,0.0
deepgram-short_ack-r018,deepgram,flux-haley-en,short_ack,80.0,100.0,0.75,True,0,0.0,0.0
deepgram-short_ack-r018,deepgram,flux-haley-en,short_ack,80.0,200.0,0.25,True,0,0.0,0.0
deepgram-short_ack-r018,deepgram,flux-haley-en,short_ack,80.0,200.0,0.5,True,0,0.0,0.0
deepgram-short_ack-r018,deepgram,flux-haley-en,short_ack,80.0,200.0,0.75,True,0,0.0,0.0
deepgram-short_ack-r018,deepgram,flux-haley-en,short_ack,80.0,400.0,0.25,False,1,163.56974999560043,163.56974999560043
deepgram-short_ack-r018,deepgram,flux-haley-en,short_ack,80.0,400.0,0.5,True,0,0.0,0.0
deepgram-short_ack-r018,deepgram,flux-haley-en,short_ack,80.0,400.0,0.75,True,0,0.0,0.0
deepgram-short_ack-r018,deepgram,flux-haley-en,short_ack,80.0,800.0,0.25,False,1,563.5697499956004,563.5697499956004
deepgram-short_ack-r018,deepgram,flux-haley-en,short_ack,80.0,800.0,0.5,False,1,381.71737495251,381.71737495251
deepgram-short_ack-r018,deepgram,flux-haley-en,short_ack,80.0,800.0,0.75,False,1,185.5171669521369,185.5171669521369
deepgram-short_ack-r018,deepgram,flux-haley-en,short_ack,80.0,1200.0,0.25,False,1,963.5697499956004,963.5697499956004
deepgram-short_ack-r018,deepgram,flux-haley-en,short_ack,80.0,1200.0,0.5,False,1,781.71737495251,781.71737495251
deepgram-short_ack-r018,deepgram,flux-haley-en,short_ack,80.0,1200.0,0.75,False,1,585.5171669521369,585.5171669521369
deepgram-short_ack-r019,deepgram,flux-haley-en,short_ack,80.0,0.0,0.25,True,0,0.0,0.0
deepgram-short_ack-r019,deepgram,flux-haley-en,short_ack,80.0,0.0,0.5,True,0,0.0,0.0
deepgram-short_ack-r019,deepgram,flux-haley-en,short_ack,80.0,0.0,0.75,True,0,0.0,0.0
deepgram-short_ack-r019,deepgram,flux-haley-en,short_ack,80.0,50.0,0.25,True,0,0.0,0.0
deepgram-short_ack-r019,deepgram,flux-haley-en,short_ack,80.0,50.0,0.5,True,0,0.0,0.0
deepgram-short_ack-r019,deepgram,flux-haley-en,short_ack,80.0,50.0,0.75,True,0,0.0,0.0
deepgram-short_ack-r019,deepgram,flux-haley-en,short_ack,80.0,100.0,0.25,True,0,0.0,0.0
deepgram-short_ack-r019,deepgram,flux-haley-en,short_ack,80.0,100.0,0.5,True,0,0.0,0.0
deepgram-short_ack-r019,deepgram,flux-haley-en,short_ack,80.0,100.0,0.75,True,0,0.0,0.0
deepgram-short_ack-r019,deepgram,flux-haley-en,short_ack,80.0,200.0,0.25,True,0,0.0,0.0
deepgram-short_ack-r019,deepgram,flux-haley-en,short_ack,80.0,200.0,0.5,True,0,0.0,0.0
deepgram-short_ack-r019,deepgram,flux-haley-en,short_ack,80.0,200.0,0.75,True,0,0.0,0.0
deepgram-short_ack-r019,deepgram,flux-haley-en,short_ack,80.0,400.0,0.25,False,1,192.62425002548844,192.62425002548844
deepgram-short_ack-r019,deepgram,flux-haley-en,short_ack,80.0,400.0,0.5,False,1,12.154458036180586,12.154458036180586
deepgram-short_ack-r019,deepgram,flux-haley-en,short_ack,80.0,400.0,0.75,True,0,0.0,0.0
deepgram-short_ack-r019,deepgram,flux-haley-en,short_ack,80.0,800.0,0.25,False,1,592.6242500254884,592.6242500254884
deepgram-short_ack-r019,deepgram,flux-haley-en,short_ack,80.0,800.0,0.5,False,2,412.1544580361806,398.3675830173306
deepgram-short_ack-r019,deepgram,flux-haley-en,short_ack,80.0,800.0,0.75,False,1,250.95499999960884,250.95499999960884
deepgram-short_ack-r019,deepgram,flux-haley-en,short_ack,80.0,1200.0,0.25,False,1,992.6242500254884,992.6242500254884
deepgram-short_ack-r019,deepgram,flux-haley-en,short_ack,80.0,1200.0,0.5,False,2,812.1544580361806,798.3675830173306
deepgram-short_ack-r019,deepgram,flux-haley-en,short_ack,80.0,1200.0,0.75,False,1,650.9549999996088,650.9549999996088
deepgram-short_question-r000,deepgram,flux-haley-en,short_question,80.0,0.0,0.25,True,0,0.0,0.0
deepgram-short_question-r000,deepgram,flux-haley-en,short_question,80.0,0.0,0.5,True,0,0.0,0.0
deepgram-short_question-r000,deepgram,flux-haley-en,short_question,80.0,0.0,0.75,True,0,0.0,0.0
deepgram-short_question-r000,deepgram,flux-haley-en,short_question,80.0,50.0,0.25,True,0,0.0,0.0
deepgram-short_question-r000,deepgram,flux-haley-en,short_question,80.0,50.0,0.5,True,0,0.0,0.0
deepgram-short_question-r000,deepgram,flux-haley-en,short_question,80.0,50.0,0.75,True,0,0.0,0.0
deepgram-short_question-r000,deepgram,flux-haley-en,short_question,80.0,100.0,0.25,True,0,0.0,0.0
deepgram-short_question-r000,deepgram,flux-haley-en,short_question,80.0,100.0,0.5,True,0,0.0,0.0
deepgram-short_question-r000,deepgram,flux-haley-en,short_question,80.0,100.0,0.75,True,0,0.0,0.0
deepgram-short_question-r000,deepgram,flux-haley-en,short_question,80.0,200.0,0.25,True,0,0.0,0.0
deepgram-short_question-r000,deepgram,flux-haley-en,short_question,80.0,200.0,0.5,True,0,0.0,0.0
deepgram-short_question-r000,deepgram,flux-haley-en,short_question,80.0,200.0,0.75,True,0,0.0,0.0
deepgram-short_question-r000,deepgram,flux-haley-en,short_question,80.0,400.0,0.25,False,1,194.84545896435156,194.84545896435156
deepgram-short_question-r000,deepgram,flux-haley-en,short_question,80.0,400.0,0.5,True,0,0.0,0.0
deepgram-short_question-r000,deepgram,flux-haley-en,short_question,80.0,400.0,0.75,True,0,0.0,0.0
deepgram-short_question-r000,deepgram,flux-haley-en,short_question,80.0,800.0,0.25,False,1,594.8454589643516,594.8454589643516
deepgram-short_question-r000,deepgram,flux-haley-en,short_question,80.0,800.0,0.5,False,1,399.01195899490267,399.01195899490267
deepgram-short_question-r000,deepgram,flux-haley-en,short_question,80.0,800.0,0.75,False,1,202.9073750055395,202.9073750055395
deepgram-short_question-r000,deepgram,flux-haley-en,short_question,80.0,1200.0,0.25,False,1,994.8454589643516,994.8454589643516
deepgram-short_question-r000,deepgram,flux-haley-en,short_question,80.0,1200.0,0.5,False,1,799.0119589949027,799.0119589949027
deepgram-short_question-r000,deepgram,flux-haley-en,short_question,80.0,1200.0,0.75,False,1,602.9073750055395,602.9073750055395
deepgram-short_question-r001,deepgram,flux-haley-en,short_question,80.0,0.0,0.25,True,0,0.0,0.0
deepgram-short_question-r001,deepgram,flux-haley-en,short_question,80.0,0.0,0.5,True,0,0.0,0.0
deepgram-short_question-r001,deepgram,flux-haley-en,short_question,80.0,0.0,0.75,True,0,0.0,0.0
deepgram-short_question-r001,deepgram,flux-haley-en,short_question,80.0,50.0,0.25,True,0,0.0,0.0
deepgram-short_question-r001,deepgram,flux-haley-en,short_question,80.0,50.0,0.5,True,0,0.0,0.0
deepgram-short_question-r001,deepgram,flux-haley-en,short_question,80.0,50.0,0.75,True,0,0.0,0.0
deepgram-short_question-r001,deepgram,flux-haley-en,short_question,80.0,100.0,0.25,True,0,0.0,0.0
deepgram-short_question-r001,deepgram,flux-haley-en,short_question,80.0,100.0,0.5,True,0,0.0,0.0
deepgram-short_question-r001,deepgram,flux-haley-en,short_question,80.0,100.0,0.75,True,0,0.0,0.0
deepgram-short_question-r001,deepgram,flux-haley-en,short_question,80.0,200.0,0.25,True,0,0.0,0.0
deepgram-short_question-r001,deepgram,flux-haley-en,short_question,80.0,200.0,0.5,True,0,0.0,0.0
deepgram-short_question-r001,deepgram,flux-haley-en,short_question,80.0,200.0,0.75,True,0,0.0,0.0
deepgram-short_question-r001,deepgram,flux-haley-en,short_question,80.0,400.0,0.25,False,1,196.77320798533037,196.77320798533037
deepgram-short_question-r001,deepgram,flux-haley-en,short_question,80.0,400.0,0.5,True,0,0.0,0.0
deepgram-short_question-r001,deepgram,flux-haley-en,short_question,80.0,400.0,0.75,True,0,0.0,0.0
deepgram-short_question-r001,deepgram,flux-haley-en,short_question,80.0,800.0,0.25,False,1,596.7732079853304,596.7732079853304
deepgram-short_question-r001,deepgram,flux-haley-en,short_question,80.0,800.0,0.5,False,1,399.22762495605275,399.22762495605275
deepgram-short_question-r001,deepgram,flux-haley-en,short_question,80.0,800.0,0.75,False,1,203.4874580022879,203.4874580022879
deepgram-short_question-r001,deepgram,flux-haley-en,short_question,80.0,1200.0,0.25,False,1,996.7732079853304,996.7732079853304
deepgram-short_question-r001,deepgram,flux-haley-en,short_question,80.0,1200.0,0.5,False,1,799.2276249560528,799.2276249560528
deepgram-short_question-r001,deepgram,flux-haley-en,short_question,80.0,1200.0,0.75,False,1,603.4874580022879,603.4874580022879
deepgram-short_question-r002,deepgram,flux-haley-en,short_question,80.0,0.0,0.25,True,0,0.0,0.0
deepgram-short_question-r002,deepgram,flux-haley-en,short_question,80.0,0.0,0.5,True,0,0.0,0.0
deepgram-short_question-r002,deepgram,flux-haley-en,short_question,80.0,0.0,0.75,True,0,0.0,0.0
deepgram-short_question-r002,deepgram,flux-haley-en,short_question,80.0,50.0,0.25,True,0,0.0,0.0
deepgram-short_question-r002,deepgram,flux-haley-en,short_question,80.0,50.0,0.5,True,0,0.0,0.0
deepgram-short_question-r002,deepgram,flux-haley-en,short_question,80.0,50.0,0.75,True,0,0.0,0.0
deepgram-short_question-r002,deepgram,flux-haley-en,short_question,80.0,100.0,0.25,True,0,0.0,0.0
deepgram-short_question-r002,deepgram,flux-haley-en,short_question,80.0,100.0,0.5,True,0,0.0,0.0
deepgram-short_question-r002,deepgram,flux-haley-en,short_question,80.0,100.0,0.75,True,0,0.0,0.0
deepgram-short_question-r002,deepgram,flux-haley-en,short_question,80.0,200.0,0.25,True,0,0.0,0.0
deepgram-short_question-r002,deepgram,flux-haley-en,short_question,80.0,200.0,0.5,True,0,0.0,0.0
deepgram-short_question-r002,deepgram,flux-haley-en,short_question,80.0,200.0,0.75,True,0,0.0,0.0
deepgram-short_question-r002,deepgram,flux-haley-en,short_question,80.0,400.0,0.25,False,1,195.51133301015943,195.51133301015943
deepgram-short_question-r002,deepgram,flux-haley-en,short_question,80.0,400.0,0.5,False,1,36.82620803033933,36.82620803033933
deepgram-short_question-r002,deepgram,flux-haley-en,short_question,80.0,400.0,0.75,True,0,0.0,0.0
deepgram-short_question-r002,deepgram,flux-haley-en,short_question,80.0,800.0,0.25,False,1,595.5113330101594,595.5113330101594
deepgram-short_question-r002,deepgram,flux-haley-en,short_question,80.0,800.0,0.5,False,1,436.82620803033933,436.82620803033933
deepgram-short_question-r002,deepgram,flux-haley-en,short_question,80.0,800.0,0.75,False,1,270.1371250152588,270.1371250152588
deepgram-short_question-r002,deepgram,flux-haley-en,short_question,80.0,1200.0,0.25,False,1,995.5113330101594,995.5113330101594
deepgram-short_question-r002,deepgram,flux-haley-en,short_question,80.0,1200.0,0.5,False,1,836.8262080303393,836.8262080303393
deepgram-short_question-r002,deepgram,flux-haley-en,short_question,80.0,1200.0,0.75,False,1,670.1371250152588,670.1371250152588
deepgram-short_question-r003,deepgram,flux-haley-en,short_question,80.0,0.0,0.25,True,0,0.0,0.0
deepgram-short_question-r003,deepgram,flux-haley-en,short_question,80.0,0.0,0.5,True,0,0.0,0.0
deepgram-short_question-r003,deepgram,flux-haley-en,short_question,80.0,0.0,0.75,True,0,0.0,0.0
deepgram-short_question-r003,deepgram,flux-haley-en,short_question,80.0,50.0,0.25,True,0,0.0,0.0
deepgram-short_question-r003,deepgram,flux-haley-en,short_question,80.0,50.0,0.5,True,0,0.0,0.0
deepgram-short_question-r003,deepgram,flux-haley-en,short_question,80.0,50.0,0.75,True,0,0.0,0.0
deepgram-short_question-r003,deepgram,flux-haley-en,short_question,80.0,100.0,0.25,True,0,0.0,0.0
deepgram-short_question-r003,deepgram,flux-haley-en,short_question,80.0,100.0,0.5,True,0,0.0,0.0
deepgram-short_question-r003,deepgram,flux-haley-en,short_question,80.0,100.0,0.75,True,0,0.0,0.0
deepgram-short_question-r003,deepgram,flux-haley-en,short_question,80.0,200.0,0.25,False,1,0.9797080014832318,0.9797080014832318
deepgram-short_question-r003,deepgram,flux-haley-en,short_question,80.0,200.0,0.5,True,0,0.0,0.0
deepgram-short_question-r003,deepgram,flux-haley-en,short_question,80.0,200.0,0.75,True,0,0.0,0.0
deepgram-short_question-r003,deepgram,flux-haley-en,short_question,80.0,400.0,0.25,False,1,200.97970800148323,200.97970800148323
deepgram-short_question-r003,deepgram,flux-haley-en,short_question,80.0,400.0,0.5,True,0,0.0,0.0
deepgram-short_question-r003,deepgram,flux-haley-en,short_question,80.0,400.0,0.75,True,0,0.0,0.0
deepgram-short_question-r003,deepgram,flux-haley-en,short_question,80.0,800.0,0.25,False,1,600.9797080014832,600.9797080014832
deepgram-short_question-r003,deepgram,flux-haley-en,short_question,80.0,800.0,0.5,False,1,399.269582958892,399.269582958892
deepgram-short_question-r003,deepgram,flux-haley-en,short_question,80.0,800.0,0.75,False,1,236.18062497023493,236.18062497023493
deepgram-short_question-r003,deepgram,flux-haley-en,short_question,80.0,1200.0,0.25,False,1,1000.9797080014832,1000.9797080014832
deepgram-short_question-r003,deepgram,flux-haley-en,short_question,80.0,1200.0,0.5,False,1,799.269582958892,799.269582958892
deepgram-short_question-r003,deepgram,flux-haley-en,short_question,80.0,1200.0,0.75,False,1,636.1806249702349,636.1806249702349
deepgram-short_question-r004,deepgram,flux-haley-en,short_question,80.0,0.0,0.25,True,0,0.0,0.0
deepgram-short_question-r004,deepgram,flux-haley-en,short_question,80.0,0.0,0.5,True,0,0.0,0.0
deepgram-short_question-r004,deepgram,flux-haley-en,short_question,80.0,0.0,0.75,True,0,0.0,0.0
deepgram-short_question-r004,deepgram,flux-haley-en,short_question,80.0,50.0,0.25,True,0,0.0,0.0
deepgram-short_question-r004,deepgram,flux-haley-en,short_question,80.0,50.0,0.5,True,0,0.0,0.0
deepgram-short_question-r004,deepgram,flux-haley-en,short_question,80.0,50.0,0.75,True,0,0.0,0.0
deepgram-short_question-r004,deepgram,flux-haley-en,short_question,80.0,100.0,0.25,True,0,0.0,0.0
deepgram-short_question-r004,deepgram,flux-haley-en,short_question,80.0,100.0,0.5,True,0,0.0,0.0
deepgram-short_question-r004,deepgram,flux-haley-en,short_question,80.0,100.0,0.75,True,0,0.0,0.0
deepgram-short_question-r004,deepgram,flux-haley-en,short_question,80.0,200.0,0.25,True,0,0.0,0.0
deepgram-short_question-r004,deepgram,flux-haley-en,short_question,80.0,200.0,0.5,True,0,0.0,0.0
deepgram-short_question-r004,deepgram,flux-haley-en,short_question,80.0,200.0,0.75,True,0,0.0,0.0
deepgram-short_question-r004,deepgram,flux-haley-en,short_question,80.0,400.0,0.25,False,1,162.67533398838714,162.67533398838714
deepgram-short_question-r004,deepgram,flux-haley-en,short_question,80.0,400.0,0.5,True,0,0.0,0.0
deepgram-short_question-r004,deepgram,flux-haley-en,short_question,80.0,400.0,0.75,True,0,0.0,0.0
deepgram-short_question-r004,deepgram,flux-haley-en,short_question,80.0,800.0,0.25,False,1,562.6753339883871,562.6753339883871
deepgram-short_question-r004,deepgram,flux-haley-en,short_question,80.0,800.0,0.5,False,1,366.28062503086403,366.28062503086403
deepgram-short_question-r004,deepgram,flux-haley-en,short_question,80.0,800.0,0.75,False,1,171.3558340179734,171.3558340179734
deepgram-short_question-r004,deepgram,flux-haley-en,short_question,80.0,1200.0,0.25,False,1,962.6753339883871,962.6753339883871
deepgram-short_question-r004,deepgram,flux-haley-en,short_question,80.0,1200.0,0.5,False,1,766.280625030864,766.280625030864
deepgram-short_question-r004,deepgram,flux-haley-en,short_question,80.0,1200.0,0.75,False,1,571.3558340179734,571.3558340179734
deepgram-short_question-r005,deepgram,flux-haley-en,short_question,80.0,0.0,0.25,True,0,0.0,0.0
deepgram-short_question-r005,deepgram,flux-haley-en,short_question,80.0,0.0,0.5,True,0,0.0,0.0
deepgram-short_question-r005,deepgram,flux-haley-en,short_question,80.0,0.0,0.75,True,0,0.0,0.0
deepgram-short_question-r005,deepgram,flux-haley-en,short_question,80.0,50.0,0.25,True,0,0.0,0.0
deepgram-short_question-r005,deepgram,flux-haley-en,short_question,80.0,50.0,0.5,True,0,0.0,0.0
deepgram-short_question-r005,deepgram,flux-haley-en,short_question,80.0,50.0,0.75,True,0,0.0,0.0
deepgram-short_question-r005,deepgram,flux-haley-en,short_question,80.0,100.0,0.25,True,0,0.0,0.0
deepgram-short_question-r005,deepgram,flux-haley-en,short_question,80.0,100.0,0.5,True,0,0.0,0.0
deepgram-short_question-r005,deepgram,flux-haley-en,short_question,80.0,100.0,0.75,True,0,0.0,0.0
deepgram-short_question-r005,deepgram,flux-haley-en,short_question,80.0,200.0,0.25,True,0,0.0,0.0
deepgram-short_question-r005,deepgram,flux-haley-en,short_question,80.0,200.0,0.5,True,0,0.0,0.0
deepgram-short_question-r005,deepgram,flux-haley-en,short_question,80.0,200.0,0.75,True,0,0.0,0.0
deepgram-short_question-r005,deepgram,flux-haley-en,short_question,80.0,400.0,0.25,False,1,194.6101249838248,194.6101249838248
deepgram-short_question-r005,deepgram,flux-haley-en,short_question,80.0,400.0,0.5,True,0,0.0,0.0
deepgram-short_question-r005,deepgram,flux-haley-en,short_question,80.0,400.0,0.75,True,0,0.0,0.0
deepgram-short_question-r005,deepgram,flux-haley-en,short_question,80.0,800.0,0.25,False,1,594.6101249838248,594.6101249838248
deepgram-short_question-r005,deepgram,flux-haley-en,short_question,80.0,800.0,0.5,False,1,398.53412497229874,398.53412497229874
deepgram-short_question-r005,deepgram,flux-haley-en,short_question,80.0,800.0,0.75,False,1,235.41570797003806,235.41570797003806
deepgram-short_question-r005,deepgram,flux-haley-en,short_question,80.0,1200.0,0.25,False,1,994.6101249838248,994.6101249838248
deepgram-short_question-r005,deepgram,flux-haley-en,short_question,80.0,1200.0,0.5,False,1,798.5341249722987,798.5341249722987
deepgram-short_question-r005,deepgram,flux-haley-en,short_question,80.0,1200.0,0.75,False,1,635.415707970038,635.415707970038
deepgram-short_question-r006,deepgram,flux-haley-en,short_question,80.0,0.0,0.25,True,0,0.0,0.0
deepgram-short_question-r006,deepgram,flux-haley-en,short_question,80.0,0.0,0.5,True,0,0.0,0.0
deepgram-short_question-r006,deepgram,flux-haley-en,short_question,80.0,0.0,0.75,True,0,0.0,0.0
deepgram-short_question-r006,deepgram,flux-haley-en,short_question,80.0,50.0,0.25,True,0,0.0,0.0
deepgram-short_question-r006,deepgram,flux-haley-en,short_question,80.0,50.0,0.5,True,0,0.0,0.0
deepgram-short_question-r006,deepgram,flux-haley-en,short_question,80.0,50.0,0.75,True,0,0.0,0.0
deepgram-short_question-r006,deepgram,flux-haley-en,short_question,80.0,100.0,0.25,True,0,0.0,0.0
deepgram-short_question-r006,deepgram,flux-haley-en,short_question,80.0,100.0,0.5,True,0,0.0,0.0
deepgram-short_question-r006,deepgram,flux-haley-en,short_question,80.0,100.0,0.75,True,0,0.0,0.0
deepgram-short_question-r006,deepgram,flux-haley-en,short_question,80.0,200.0,0.25,True,0,0.0,0.0
deepgram-short_question-r006,deepgram,flux-haley-en,short_question,80.0,200.0,0.5,True,0,0.0,0.0
deepgram-short_question-r006,deepgram,flux-haley-en,short_question,80.0,200.0,0.75,True,0,0.0,0.0
deepgram-short_question-r006,deepgram,flux-haley-en,short_question,80.0,400.0,0.25,False,1,196.33066602423787,196.33066602423787
deepgram-short_question-r006,deepgram,flux-haley-en,short_question,80.0,400.0,0.5,True,0,0.0,0.0
deepgram-short_question-r006,deepgram,flux-haley-en,short_question,80.0,400.0,0.75,True,0,0.0,0.0
deepgram-short_question-r006,deepgram,flux-haley-en,short_question,80.0,800.0,0.25,False,1,596.3306660242379,596.3306660242379
deepgram-short_question-r006,deepgram,flux-haley-en,short_question,80.0,800.0,0.5,False,1,398.486041020602,398.486041020602
deepgram-short_question-r006,deepgram,flux-haley-en,short_question,80.0,800.0,0.75,False,1,202.42370799323544,202.42370799323544
deepgram-short_question-r006,deepgram,flux-haley-en,short_question,80.0,1200.0,0.25,False,1,996.3306660242379,996.3306660242379
deepgram-short_question-r006,deepgram,flux-haley-en,short_question,80.0,1200.0,0.5,False,1,798.486041020602,798.486041020602
deepgram-short_question-r006,deepgram,flux-haley-en,short_question,80.0,1200.0,0.75,False,1,602.4237079932354,602.4237079932354
deepgram-short_question-r007,deepgram,flux-haley-en,short_question,80.0,0.0,0.25,True,0,0.0,0.0
deepgram-short_question-r007,deepgram,flux-haley-en,short_question,80.0,0.0,0.5,True,0,0.0,0.0
deepgram-short_question-r007,deepgram,flux-haley-en,short_question,80.0,0.0,0.75,True,0,0.0,0.0
deepgram-short_question-r007,deepgram,flux-haley-en,short_question,80.0,50.0,0.25,True,0,0.0,0.0
deepgram-short_question-r007,deepgram,flux-haley-en,short_question,80.0,50.0,0.5,True,0,0.0,0.0
deepgram-short_question-r007,deepgram,flux-haley-en,short_question,80.0,50.0,0.75,True,0,0.0,0.0
deepgram-short_question-r007,deepgram,flux-haley-en,short_question,80.0,100.0,0.25,True,0,0.0,0.0
deepgram-short_question-r007,deepgram,flux-haley-en,short_question,80.0,100.0,0.5,True,0,0.0,0.0
deepgram-short_question-r007,deepgram,flux-haley-en,short_question,80.0,100.0,0.75,True,0,0.0,0.0
deepgram-short_question-r007,deepgram,flux-haley-en,short_question,80.0,200.0,0.25,True,0,0.0,0.0
deepgram-short_question-r007,deepgram,flux-haley-en,short_question,80.0,200.0,0.5,True,0,0.0,0.0
deepgram-short_question-r007,deepgram,flux-haley-en,short_question,80.0,200.0,0.75,True,0,0.0,0.0
deepgram-short_question-r007,deepgram,flux-haley-en,short_question,80.0,400.0,0.25,False,1,193.58333404548466,193.58333404548466
deepgram-short_question-r007,deepgram,flux-haley-en,short_question,80.0,400.0,0.5,True,0,0.0,0.0
deepgram-short_question-r007,deepgram,flux-haley-en,short_question,80.0,400.0,0.75,True,0,0.0,0.0
deepgram-short_question-r007,deepgram,flux-haley-en,short_question,80.0,800.0,0.25,False,1,593.5833340454847,593.5833340454847
deepgram-short_question-r007,deepgram,flux-haley-en,short_question,80.0,800.0,0.5,False,1,397.4994590030983,397.4994590030983
deepgram-short_question-r007,deepgram,flux-haley-en,short_question,80.0,800.0,0.75,False,1,201.11533400276676,201.11533400276676
deepgram-short_question-r007,deepgram,flux-haley-en,short_question,80.0,1200.0,0.25,False,1,993.5833340454847,993.5833340454847
deepgram-short_question-r007,deepgram,flux-haley-en,short_question,80.0,1200.0,0.5,False,1,797.4994590030983,797.4994590030983
deepgram-short_question-r007,deepgram,flux-haley-en,short_question,80.0,1200.0,0.75,False,1,601.1153340027668,601.1153340027668
deepgram-short_question-r008,deepgram,flux-haley-en,short_question,80.0,0.0,0.25,True,0,0.0,0.0
deepgram-short_question-r008,deepgram,flux-haley-en,short_question,80.0,0.0,0.5,True,0,0.0,0.0
deepgram-short_question-r008,deepgram,flux-haley-en,short_question,80.0,0.0,0.75,True,0,0.0,0.0
deepgram-short_question-r008,deepgram,flux-haley-en,short_question,80.0,50.0,0.25,True,0,0.0,0.0
deepgram-short_question-r008,deepgram,flux-haley-en,short_question,80.0,50.0,0.5,True,0,0.0,0.0
deepgram-short_question-r008,deepgram,flux-haley-en,short_question,80.0,50.0,0.75,True,0,0.0,0.0
deepgram-short_question-r008,deepgram,flux-haley-en,short_question,80.0,100.0,0.25,True,0,0.0,0.0
deepgram-short_question-r008,deepgram,flux-haley-en,short_question,80.0,100.0,0.5,True,0,0.0,0.0
deepgram-short_question-r008,deepgram,flux-haley-en,short_question,80.0,100.0,0.75,True,0,0.0,0.0
deepgram-short_question-r008,deepgram,flux-haley-en,short_question,80.0,200.0,0.25,True,0,0.0,0.0
deepgram-short_question-r008,deepgram,flux-haley-en,short_question,80.0,200.0,0.5,True,0,0.0,0.0
deepgram-short_question-r008,deepgram,flux-haley-en,short_question,80.0,200.0,0.75,True,0,0.0,0.0
deepgram-short_question-r008,deepgram,flux-haley-en,short_question,80.0,400.0,0.25,False,1,194.60525003401563,194.60525003401563
deepgram-short_question-r008,deepgram,flux-haley-en,short_question,80.0,400.0,0.5,True,0,0.0,0.0
deepgram-short_question-r008,deepgram,flux-haley-en,short_question,80.0,400.0,0.75,True,0,0.0,0.0
deepgram-short_question-r008,deepgram,flux-haley-en,short_question,80.0,800.0,0.25,False,1,594.6052500340156,594.6052500340156
deepgram-short_question-r008,deepgram,flux-haley-en,short_question,80.0,800.0,0.5,False,1,398.0850830199197,398.0850830199197
deepgram-short_question-r008,deepgram,flux-haley-en,short_question,80.0,800.0,0.75,False,1,234.69437500368804,234.69437500368804
deepgram-short_question-r008,deepgram,flux-haley-en,short_question,80.0,1200.0,0.25,False,1,994.6052500340156,994.6052500340156
deepgram-short_question-r008,deepgram,flux-haley-en,short_question,80.0,1200.0,0.5,False,1,798.0850830199197,798.0850830199197
deepgram-short_question-r008,deepgram,flux-haley-en,short_question,80.0,1200.0,0.75,False,1,634.694375003688,634.694375003688
deepgram-short_question-r009,deepgram,flux-haley-en,short_question,80.0,0.0,0.25,True,0,0.0,0.0
deepgram-short_question-r009,deepgram,flux-haley-en,short_question,80.0,0.0,0.5,True,0,0.0,0.0
deepgram-short_question-r009,deepgram,flux-haley-en,short_question,80.0,0.0,0.75,True,0,0.0,0.0
deepgram-short_question-r009,deepgram,flux-haley-en,short_question,80.0,50.0,0.25,True,0,0.0,0.0
deepgram-short_question-r009,deepgram,flux-haley-en,short_question,80.0,50.0,0.5,True,0,0.0,0.0
deepgram-short_question-r009,deepgram,flux-haley-en,short_question,80.0,50.0,0.75,True,0,0.0,0.0
deepgram-short_question-r009,deepgram,flux-haley-en,short_question,80.0,100.0,0.25,True,0,0.0,0.0
deepgram-short_question-r009,deepgram,flux-haley-en,short_question,80.0,100.0,0.5,True,0,0.0,0.0
deepgram-short_question-r009,deepgram,flux-haley-en,short_question,80.0,100.0,0.75,True,0,0.0,0.0
deepgram-short_question-r009,deepgram,flux-haley-en,short_question,80.0,200.0,0.25,True,0,0.0,0.0
deepgram-short_question-r009,deepgram,flux-haley-en,short_question,80.0,200.0,0.5,True,0,0.0,0.0
deepgram-short_question-r009,deepgram,flux-haley-en,short_question,80.0,200.0,0.75,True,0,0.0,0.0
deepgram-short_question-r009,deepgram,flux-haley-en,short_question,80.0,400.0,0.25,False,1,195.1230409964919,195.1230409964919
deepgram-short_question-r009,deepgram,flux-haley-en,short_question,80.0,400.0,0.5,True,0,0.0,0.0
deepgram-short_question-r009,deepgram,flux-haley-en,short_question,80.0,400.0,0.75,True,0,0.0,0.0
deepgram-short_question-r009,deepgram,flux-haley-en,short_question,80.0,800.0,0.25,False,1,595.1230409964919,595.1230409964919
deepgram-short_question-r009,deepgram,flux-haley-en,short_question,80.0,800.0,0.5,False,1,399.25066599296406,399.25066599296406
deepgram-short_question-r009,deepgram,flux-haley-en,short_question,80.0,800.0,0.75,False,1,235.2145829810761,235.2145829810761
deepgram-short_question-r009,deepgram,flux-haley-en,short_question,80.0,1200.0,0.25,False,1,995.1230409964919,995.1230409964919
deepgram-short_question-r009,deepgram,flux-haley-en,short_question,80.0,1200.0,0.5,False,1,799.2506659929641,799.2506659929641
deepgram-short_question-r009,deepgram,flux-haley-en,short_question,80.0,1200.0,0.75,False,1,635.2145829810761,635.2145829810761
deepgram-short_question-r010,deepgram,flux-haley-en,short_question,80.0,0.0,0.25,True,0,0.0,0.0
deepgram-short_question-r010,deepgram,flux-haley-en,short_question,80.0,0.0,0.5,True,0,0.0,0.0
deepgram-short_question-r010,deepgram,flux-haley-en,short_question,80.0,0.0,0.75,True,0,0.0,0.0
deepgram-short_question-r010,deepgram,flux-haley-en,short_question,80.0,50.0,0.25,True,0,0.0,0.0
deepgram-short_question-r010,deepgram,flux-haley-en,short_question,80.0,50.0,0.5,True,0,0.0,0.0
deepgram-short_question-r010,deepgram,flux-haley-en,short_question,80.0,50.0,0.75,True,0,0.0,0.0
deepgram-short_question-r010,deepgram,flux-haley-en,short_question,80.0,100.0,0.25,True,0,0.0,0.0
deepgram-short_question-r010,deepgram,flux-haley-en,short_question,80.0,100.0,0.5,True,0,0.0,0.0
deepgram-short_question-r010,deepgram,flux-haley-en,short_question,80.0,100.0,0.75,True,0,0.0,0.0
deepgram-short_question-r010,deepgram,flux-haley-en,short_question,80.0,200.0,0.25,True,0,0.0,0.0
deepgram-short_question-r010,deepgram,flux-haley-en,short_question,80.0,200.0,0.5,True,0,0.0,0.0
deepgram-short_question-r010,deepgram,flux-haley-en,short_question,80.0,200.0,0.75,True,0,0.0,0.0
deepgram-short_question-r010,deepgram,flux-haley-en,short_question,80.0,400.0,0.25,False,1,195.82233299175277,195.82233299175277
deepgram-short_question-r010,deepgram,flux-haley-en,short_question,80.0,400.0,0.5,True,0,0.0,0.0
deepgram-short_question-r010,deepgram,flux-haley-en,short_question,80.0,400.0,0.75,True,0,0.0,0.0
deepgram-short_question-r010,deepgram,flux-haley-en,short_question,80.0,800.0,0.25,False,1,595.8223329917528,595.8223329917528
deepgram-short_question-r010,deepgram,flux-haley-en,short_question,80.0,800.0,0.5,False,1,397.1675829603337,397.1675829603337
deepgram-short_question-r010,deepgram,flux-haley-en,short_question,80.0,800.0,0.75,False,1,204.58520797919482,204.58520797919482
deepgram-short_question-r010,deepgram,flux-haley-en,short_question,80.0,1200.0,0.25,False,1,995.8223329917528,995.8223329917528
deepgram-short_question-r010,deepgram,flux-haley-en,short_question,80.0,1200.0,0.5,False,1,797.1675829603337,797.1675829603337
deepgram-short_question-r010,deepgram,flux-haley-en,short_question,80.0,1200.0,0.75,False,1,604.5852079791948,604.5852079791948
deepgram-short_question-r011,deepgram,flux-haley-en,short_question,80.0,0.0,0.25,True,0,0.0,0.0
deepgram-short_question-r011,deepgram,flux-haley-en,short_question,80.0,0.0,0.5,True,0,0.0,0.0
deepgram-short_question-r011,deepgram,flux-haley-en,short_question,80.0,0.0,0.75,True,0,0.0,0.0
deepgram-short_question-r011,deepgram,flux-haley-en,short_question,80.0,50.0,0.25,True,0,0.0,0.0
deepgram-short_question-r011,deepgram,flux-haley-en,short_question,80.0,50.0,0.5,True,0,0.0,0.0
deepgram-short_question-r011,deepgram,flux-haley-en,short_question,80.0,50.0,0.75,True,0,0.0,0.0
deepgram-short_question-r011,deepgram,flux-haley-en,short_question,80.0,100.0,0.25,True,0,0.0,0.0
deepgram-short_question-r011,deepgram,flux-haley-en,short_question,80.0,100.0,0.5,True,0,0.0,0.0
deepgram-short_question-r011,deepgram,flux-haley-en,short_question,80.0,100.0,0.75,True,0,0.0,0.0
deepgram-short_question-r011,deepgram,flux-haley-en,short_question,80.0,200.0,0.25,True,0,0.0,0.0
deepgram-short_question-r011,deepgram,flux-haley-en,short_question,80.0,200.0,0.5,True,0,0.0,0.0
deepgram-short_question-r011,deepgram,flux-haley-en,short_question,80.0,200.0,0.75,True,0,0.0,0.0
deepgram-short_question-r011,deepgram,flux-haley-en,short_question,80.0,400.0,0.25,False,1,195.00591699639335,195.00591699639335
deepgram-short_question-r011,deepgram,flux-haley-en,short_question,80.0,400.0,0.5,True,0,0.0,0.0
deepgram-short_question-r011,deepgram,flux-haley-en,short_question,80.0,400.0,0.75,True,0,0.0,0.0
deepgram-short_question-r011,deepgram,flux-haley-en,short_question,80.0,800.0,0.25,False,1,595.0059169963934,595.0059169963934
deepgram-short_question-r011,deepgram,flux-haley-en,short_question,80.0,800.0,0.5,False,1,398.87837497424334,398.87837497424334
deepgram-short_question-r011,deepgram,flux-haley-en,short_question,80.0,800.0,0.75,False,1,235.89208400715142,235.89208400715142
deepgram-short_question-r011,deepgram,flux-haley-en,short_question,80.0,1200.0,0.25,False,1,995.0059169963934,995.0059169963934
deepgram-short_question-r011,deepgram,flux-haley-en,short_question,80.0,1200.0,0.5,False,1,798.8783749742433,798.8783749742433
deepgram-short_question-r011,deepgram,flux-haley-en,short_question,80.0,1200.0,0.75,False,1,635.8920840071514,635.8920840071514
deepgram-short_question-r012,deepgram,flux-haley-en,short_question,80.0,0.0,0.25,True,0,0.0,0.0
deepgram-short_question-r012,deepgram,flux-haley-en,short_question,80.0,0.0,0.5,True,0,0.0,0.0
deepgram-short_question-r012,deepgram,flux-haley-en,short_question,80.0,0.0,0.75,True,0,0.0,0.0
deepgram-short_question-r012,deepgram,flux-haley-en,short_question,80.0,50.0,0.25,True,0,0.0,0.0
deepgram-short_question-r012,deepgram,flux-haley-en,short_question,80.0,50.0,0.5,True,0,0.0,0.0
deepgram-short_question-r012,deepgram,flux-haley-en,short_question,80.0,50.0,0.75,True,0,0.0,0.0
deepgram-short_question-r012,deepgram,flux-haley-en,short_question,80.0,100.0,0.25,True,0,0.0,0.0
deepgram-short_question-r012,deepgram,flux-haley-en,short_question,80.0,100.0,0.5,True,0,0.0,0.0
deepgram-short_question-r012,deepgram,flux-haley-en,short_question,80.0,100.0,0.75,True,0,0.0,0.0
deepgram-short_question-r012,deepgram,flux-haley-en,short_question,80.0,200.0,0.25,True,0,0.0,0.0
deepgram-short_question-r012,deepgram,flux-haley-en,short_question,80.0,200.0,0.5,True,0,0.0,0.0
deepgram-short_question-r012,deepgram,flux-haley-en,short_question,80.0,200.0,0.75,True,0,0.0,0.0
deepgram-short_question-r012,deepgram,flux-haley-en,short_question,80.0,400.0,0.25,False,1,162.83004098711535,162.83004098711535
deepgram-short_question-r012,deepgram,flux-haley-en,short_question,80.0,400.0,0.5,True,0,0.0,0.0
deepgram-short_question-r012,deepgram,flux-haley-en,short_question,80.0,400.0,0.75,True,0,0.0,0.0
deepgram-short_question-r012,deepgram,flux-haley-en,short_question,80.0,800.0,0.25,False,1,562.8300409871154,562.8300409871154
deepgram-short_question-r012,deepgram,flux-haley-en,short_question,80.0,800.0,0.5,False,1,366.9392499527894,366.9392499527894
deepgram-short_question-r012,deepgram,flux-haley-en,short_question,80.0,800.0,0.75,False,1,170.68445795122534,170.68445795122534
deepgram-short_question-r012,deepgram,flux-haley-en,short_question,80.0,1200.0,0.25,False,1,962.8300409871154,962.8300409871154
deepgram-short_question-r012,deepgram,flux-haley-en,short_question,80.0,1200.0,0.5,False,1,766.9392499527894,766.9392499527894
deepgram-short_question-r012,deepgram,flux-haley-en,short_question,80.0,1200.0,0.75,False,1,570.6844579512253,570.6844579512253
deepgram-short_question-r013,deepgram,flux-haley-en,short_question,80.0,0.0,0.25,True,0,0.0,0.0
deepgram-short_question-r013,deepgram,flux-haley-en,short_question,80.0,0.0,0.5,True,0,0.0,0.0
deepgram-short_question-r013,deepgram,flux-haley-en,short_question,80.0,0.0,0.75,True,0,0.0,0.0
deepgram-short_question-r013,deepgram,flux-haley-en,short_question,80.0,50.0,0.25,True,0,0.0,0.0
deepgram-short_question-r013,deepgram,flux-haley-en,short_question,80.0,50.0,0.5,True,0,0.0,0.0
deepgram-short_question-r013,deepgram,flux-haley-en,short_question,80.0,50.0,0.75,True,0,0.0,0.0
deepgram-short_question-r013,deepgram,flux-haley-en,short_question,80.0,100.0,0.25,True,0,0.0,0.0
deepgram-short_question-r013,deepgram,flux-haley-en,short_question,80.0,100.0,0.5,True,0,0.0,0.0
deepgram-short_question-r013,deepgram,flux-haley-en,short_question,80.0,100.0,0.75,True,0,0.0,0.0
deepgram-short_question-r013,deepgram,flux-haley-en,short_question,80.0,200.0,0.25,True,0,0.0,0.0
deepgram-short_question-r013,deepgram,flux-haley-en,short_question,80.0,200.0,0.5,True,0,0.0,0.0
deepgram-short_question-r013,deepgram,flux-haley-en,short_question,80.0,200.0,0.75,True,0,0.0,0.0
deepgram-short_question-r013,deepgram,flux-haley-en,short_question,80.0,400.0,0.25,False,1,195.36237500747666,195.36237500747666
deepgram-short_question-r013,deepgram,flux-haley-en,short_question,80.0,400.0,0.5,True,0,0.0,0.0
deepgram-short_question-r013,deepgram,flux-haley-en,short_question,80.0,400.0,0.75,True,0,0.0,0.0
deepgram-short_question-r013,deepgram,flux-haley-en,short_question,80.0,800.0,0.25,False,1,595.3623750074767,595.3623750074767
deepgram-short_question-r013,deepgram,flux-haley-en,short_question,80.0,800.0,0.5,False,1,398.62241697171703,398.62241697171703
deepgram-short_question-r013,deepgram,flux-haley-en,short_question,80.0,800.0,0.75,False,1,203.81499996082857,203.81499996082857
deepgram-short_question-r013,deepgram,flux-haley-en,short_question,80.0,1200.0,0.25,False,1,995.3623750074767,995.3623750074767
deepgram-short_question-r013,deepgram,flux-haley-en,short_question,80.0,1200.0,0.5,False,1,798.622416971717,798.622416971717
deepgram-short_question-r013,deepgram,flux-haley-en,short_question,80.0,1200.0,0.75,False,1,603.8149999608286,603.8149999608286
deepgram-short_question-r014,deepgram,flux-haley-en,short_question,80.0,0.0,0.25,True,0,0.0,0.0
deepgram-short_question-r014,deepgram,flux-haley-en,short_question,80.0,0.0,0.5,True,0,0.0,0.0
deepgram-short_question-r014,deepgram,flux-haley-en,short_question,80.0,0.0,0.75,True,0,0.0,0.0
deepgram-short_question-r014,deepgram,flux-haley-en,short_question,80.0,50.0,0.25,True,0,0.0,0.0
deepgram-short_question-r014,deepgram,flux-haley-en,short_question,80.0,50.0,0.5,True,0,0.0,0.0
deepgram-short_question-r014,deepgram,flux-haley-en,short_question,80.0,50.0,0.75,True,0,0.0,0.0
deepgram-short_question-r014,deepgram,flux-haley-en,short_question,80.0,100.0,0.25,True,0,0.0,0.0
deepgram-short_question-r014,deepgram,flux-haley-en,short_question,80.0,100.0,0.5,True,0,0.0,0.0
deepgram-short_question-r014,deepgram,flux-haley-en,short_question,80.0,100.0,0.75,True,0,0.0,0.0
deepgram-short_question-r014,deepgram,flux-haley-en,short_question,80.0,200.0,0.25,True,0,0.0,0.0
deepgram-short_question-r014,deepgram,flux-haley-en,short_question,80.0,200.0,0.5,True,0,0.0,0.0
deepgram-short_question-r014,deepgram,flux-haley-en,short_question,80.0,200.0,0.75,True,0,0.0,0.0
deepgram-short_question-r014,deepgram,flux-haley-en,short_question,80.0,400.0,0.25,False,1,194.8532090233639,194.8532090233639
deepgram-short_question-r014,deepgram,flux-haley-en,short_question,80.0,400.0,0.5,True,0,0.0,0.0
deepgram-short_question-r014,deepgram,flux-haley-en,short_question,80.0,400.0,0.75,True,0,0.0,0.0
deepgram-short_question-r014,deepgram,flux-haley-en,short_question,80.0,800.0,0.25,False,1,594.8532090233639,594.8532090233639
deepgram-short_question-r014,deepgram,flux-haley-en,short_question,80.0,800.0,0.5,False,1,399.2970420154743,399.2970420154743
deepgram-short_question-r014,deepgram,flux-haley-en,short_question,80.0,800.0,0.75,False,1,236.0987500161864,236.0987500161864
deepgram-short_question-r014,deepgram,flux-haley-en,short_question,80.0,1200.0,0.25,False,1,994.8532090233639,994.8532090233639
deepgram-short_question-r014,deepgram,flux-haley-en,short_question,80.0,1200.0,0.5,False,1,799.2970420154743,799.2970420154743
deepgram-short_question-r014,deepgram,flux-haley-en,short_question,80.0,1200.0,0.75,False,1,636.0987500161864,636.0987500161864
deepgram-short_question-r015,deepgram,flux-haley-en,short_question,80.0,0.0,0.25,True,0,0.0,0.0
deepgram-short_question-r015,deepgram,flux-haley-en,short_question,80.0,0.0,0.5,True,0,0.0,0.0
deepgram-short_question-r015,deepgram,flux-haley-en,short_question,80.0,0.0,0.75,True,0,0.0,0.0
deepgram-short_question-r015,deepgram,flux-haley-en,short_question,80.0,50.0,0.25,True,0,0.0,0.0
deepgram-short_question-r015,deepgram,flux-haley-en,short_question,80.0,50.0,0.5,True,0,0.0,0.0
deepgram-short_question-r015,deepgram,flux-haley-en,short_question,80.0,50.0,0.75,True,0,0.0,0.0
deepgram-short_question-r015,deepgram,flux-haley-en,short_question,80.0,100.0,0.25,True,0,0.0,0.0
deepgram-short_question-r015,deepgram,flux-haley-en,short_question,80.0,100.0,0.5,True,0,0.0,0.0
deepgram-short_question-r015,deepgram,flux-haley-en,short_question,80.0,100.0,0.75,True,0,0.0,0.0
deepgram-short_question-r015,deepgram,flux-haley-en,short_question,80.0,200.0,0.25,True,0,0.0,0.0
deepgram-short_question-r015,deepgram,flux-haley-en,short_question,80.0,200.0,0.5,True,0,0.0,0.0
deepgram-short_question-r015,deepgram,flux-haley-en,short_question,80.0,200.0,0.75,True,0,0.0,0.0
deepgram-short_question-r015,deepgram,flux-haley-en,short_question,80.0,400.0,0.25,False,1,194.3650419767946,194.3650419767946
deepgram-short_question-r015,deepgram,flux-haley-en,short_question,80.0,400.0,0.5,False,1,2.5784170012921095,2.5784170012921095
deepgram-short_question-r015,deepgram,flux-haley-en,short_question,80.0,400.0,0.75,True,0,0.0,0.0
deepgram-short_question-r015,deepgram,flux-haley-en,short_question,80.0,800.0,0.25,False,1,594.3650419767946,594.3650419767946
deepgram-short_question-r015,deepgram,flux-haley-en,short_question,80.0,800.0,0.5,False,1,402.5784170012921,402.5784170012921
deepgram-short_question-r015,deepgram,flux-haley-en,short_question,80.0,800.0,0.75,False,1,203.64012499712408,203.64012499712408
deepgram-short_question-r015,deepgram,flux-haley-en,short_question,80.0,1200.0,0.25,False,1,994.3650419767946,994.3650419767946
deepgram-short_question-r015,deepgram,flux-haley-en,short_question,80.0,1200.0,0.5,False,1,802.5784170012921,802.5784170012921
deepgram-short_question-r015,deepgram,flux-haley-en,short_question,80.0,1200.0,0.75,False,1,603.6401249971241,603.6401249971241
deepgram-short_question-r016,deepgram,flux-haley-en,short_question,80.0,0.0,0.25,True,0,0.0,0.0
deepgram-short_question-r016,deepgram,flux-haley-en,short_question,80.0,0.0,0.5,True,0,0.0,0.0
deepgram-short_question-r016,deepgram,flux-haley-en,short_question,80.0,0.0,0.75,True,0,0.0,0.0
deepgram-short_question-r016,deepgram,flux-haley-en,short_question,80.0,50.0,0.25,True,0,0.0,0.0
deepgram-short_question-r016,deepgram,flux-haley-en,short_question,80.0,50.0,0.5,True,0,0.0,0.0
deepgram-short_question-r016,deepgram,flux-haley-en,short_question,80.0,50.0,0.75,True,0,0.0,0.0
deepgram-short_question-r016,deepgram,flux-haley-en,short_question,80.0,100.0,0.25,True,0,0.0,0.0
deepgram-short_question-r016,deepgram,flux-haley-en,short_question,80.0,100.0,0.5,True,0,0.0,0.0
deepgram-short_question-r016,deepgram,flux-haley-en,short_question,80.0,100.0,0.75,True,0,0.0,0.0
deepgram-short_question-r016,deepgram,flux-haley-en,short_question,80.0,200.0,0.25,True,0,0.0,0.0
deepgram-short_question-r016,deepgram,flux-haley-en,short_question,80.0,200.0,0.5,True,0,0.0,0.0
deepgram-short_question-r016,deepgram,flux-haley-en,short_question,80.0,200.0,0.75,True,0,0.0,0.0
deepgram-short_question-r016,deepgram,flux-haley-en,short_question,80.0,400.0,0.25,False,1,195.1825000056997,195.1825000056997
deepgram-short_question-r016,deepgram,flux-haley-en,short_question,80.0,400.0,0.5,True,0,0.0,0.0
deepgram-short_question-r016,deepgram,flux-haley-en,short_question,80.0,400.0,0.75,True,0,0.0,0.0
deepgram-short_question-r016,deepgram,flux-haley-en,short_question,80.0,800.0,0.25,False,1,595.1825000056997,595.1825000056997
deepgram-short_question-r016,deepgram,flux-haley-en,short_question,80.0,800.0,0.5,False,1,398.6270840037614,398.6270840037614
deepgram-short_question-r016,deepgram,flux-haley-en,short_question,80.0,800.0,0.75,False,1,202.99720904231071,202.99720904231071
deepgram-short_question-r016,deepgram,flux-haley-en,short_question,80.0,1200.0,0.25,False,1,995.1825000056997,995.1825000056997
deepgram-short_question-r016,deepgram,flux-haley-en,short_question,80.0,1200.0,0.5,False,1,798.6270840037614,798.6270840037614
deepgram-short_question-r016,deepgram,flux-haley-en,short_question,80.0,1200.0,0.75,False,1,602.9972090423107,602.9972090423107
deepgram-short_question-r017,deepgram,flux-haley-en,short_question,80.0,0.0,0.25,True,0,0.0,0.0
deepgram-short_question-r017,deepgram,flux-haley-en,short_question,80.0,0.0,0.5,True,0,0.0,0.0
deepgram-short_question-r017,deepgram,flux-haley-en,short_question,80.0,0.0,0.75,True,0,0.0,0.0
deepgram-short_question-r017,deepgram,flux-haley-en,short_question,80.0,50.0,0.25,True,0,0.0,0.0
deepgram-short_question-r017,deepgram,flux-haley-en,short_question,80.0,50.0,0.5,True,0,0.0,0.0
deepgram-short_question-r017,deepgram,flux-haley-en,short_question,80.0,50.0,0.75,True,0,0.0,0.0
deepgram-short_question-r017,deepgram,flux-haley-en,short_question,80.0,100.0,0.25,True,0,0.0,0.0
deepgram-short_question-r017,deepgram,flux-haley-en,short_question,80.0,100.0,0.5,True,0,0.0,0.0
deepgram-short_question-r017,deepgram,flux-haley-en,short_question,80.0,100.0,0.75,True,0,0.0,0.0
deepgram-short_question-r017,deepgram,flux-haley-en,short_question,80.0,200.0,0.25,True,0,0.0,0.0
deepgram-short_question-r017,deepgram,flux-haley-en,short_question,80.0,200.0,0.5,True,0,0.0,0.0
deepgram-short_question-r017,deepgram,flux-haley-en,short_question,80.0,200.0,0.75,True,0,0.0,0.0
deepgram-short_question-r017,deepgram,flux-haley-en,short_question,80.0,400.0,0.25,False,1,196.6755410018377,196.6755410018377
deepgram-short_question-r017,deepgram,flux-haley-en,short_question,80.0,400.0,0.5,True,0,0.0,0.0
deepgram-short_question-r017,deepgram,flux-haley-en,short_question,80.0,400.0,0.75,True,0,0.0,0.0
deepgram-short_question-r017,deepgram,flux-haley-en,short_question,80.0,800.0,0.25,False,1,596.6755410018377,596.6755410018377
deepgram-short_question-r017,deepgram,flux-haley-en,short_question,80.0,800.0,0.5,False,1,399.75020798062906,399.75020798062906
deepgram-short_question-r017,deepgram,flux-haley-en,short_question,80.0,800.0,0.75,False,1,203.26212497102097,203.26212497102097
deepgram-short_question-r017,deepgram,flux-haley-en,short_question,80.0,1200.0,0.25,False,1,996.6755410018377,996.6755410018377
deepgram-short_question-r017,deepgram,flux-haley-en,short_question,80.0,1200.0,0.5,False,1,799.750207980629,799.750207980629
deepgram-short_question-r017,deepgram,flux-haley-en,short_question,80.0,1200.0,0.75,False,1,603.262124971021,603.262124971021
deepgram-short_question-r018,deepgram,flux-haley-en,short_question,80.0,0.0,0.25,True,0,0.0,0.0
deepgram-short_question-r018,deepgram,flux-haley-en,short_question,80.0,0.0,0.5,True,0,0.0,0.0
deepgram-short_question-r018,deepgram,flux-haley-en,short_question,80.0,0.0,0.75,True,0,0.0,0.0
deepgram-short_question-r018,deepgram,flux-haley-en,short_question,80.0,50.0,0.25,True,0,0.0,0.0
deepgram-short_question-r018,deepgram,flux-haley-en,short_question,80.0,50.0,0.5,True,0,0.0,0.0
deepgram-short_question-r018,deepgram,flux-haley-en,short_question,80.0,50.0,0.75,True,0,0.0,0.0
deepgram-short_question-r018,deepgram,flux-haley-en,short_question,80.0,100.0,0.25,True,0,0.0,0.0
deepgram-short_question-r018,deepgram,flux-haley-en,short_question,80.0,100.0,0.5,True,0,0.0,0.0
deepgram-short_question-r018,deepgram,flux-haley-en,short_question,80.0,100.0,0.75,True,0,0.0,0.0
deepgram-short_question-r018,deepgram,flux-haley-en,short_question,80.0,200.0,0.25,True,0,0.0,0.0
deepgram-short_question-r018,deepgram,flux-haley-en,short_question,80.0,200.0,0.5,True,0,0.0,0.0
deepgram-short_question-r018,deepgram,flux-haley-en,short_question,80.0,200.0,0.75,True,0,0.0,0.0
deepgram-short_question-r018,deepgram,flux-haley-en,short_question,80.0,400.0,0.25,False,1,162.21933400863782,162.21933400863782
deepgram-short_question-r018,deepgram,flux-haley-en,short_question,80.0,400.0,0.5,True,0,0.0,0.0
deepgram-short_question-r018,deepgram,flux-haley-en,short_question,80.0,400.0,0.75,True,0,0.0,0.0
deepgram-short_question-r018,deepgram,flux-haley-en,short_question,80.0,800.0,0.25,False,1,562.2193340086378,562.2193340086378
deepgram-short_question-r018,deepgram,flux-haley-en,short_question,80.0,800.0,0.5,False,1,368.6840000250377,368.6840000250377
deepgram-short_question-r018,deepgram,flux-haley-en,short_question,80.0,800.0,0.75,False,1,170.29870897205546,170.29870897205546
deepgram-short_question-r018,deepgram,flux-haley-en,short_question,80.0,1200.0,0.25,False,1,962.2193340086378,962.2193340086378
deepgram-short_question-r018,deepgram,flux-haley-en,short_question,80.0,1200.0,0.5,False,1,768.6840000250377,768.6840000250377
deepgram-short_question-r018,deepgram,flux-haley-en,short_question,80.0,1200.0,0.75,False,1,570.2987089720555,570.2987089720555
deepgram-short_question-r019,deepgram,flux-haley-en,short_question,80.0,0.0,0.25,True,0,0.0,0.0
deepgram-short_question-r019,deepgram,flux-haley-en,short_question,80.0,0.0,0.5,True,0,0.0,0.0
deepgram-short_question-r019,deepgram,flux-haley-en,short_question,80.0,0.0,0.75,True,0,0.0,0.0
deepgram-short_question-r019,deepgram,flux-haley-en,short_question,80.0,50.0,0.25,True,0,0.0,0.0
deepgram-short_question-r019,deepgram,flux-haley-en,short_question,80.0,50.0,0.5,True,0,0.0,0.0
deepgram-short_question-r019,deepgram,flux-haley-en,short_question,80.0,50.0,0.75,True,0,0.0,0.0
deepgram-short_question-r019,deepgram,flux-haley-en,short_question,80.0,100.0,0.25,True,0,0.0,0.0
deepgram-short_question-r019,deepgram,flux-haley-en,short_question,80.0,100.0,0.5,True,0,0.0,0.0
deepgram-short_question-r019,deepgram,flux-haley-en,short_question,80.0,100.0,0.75,True,0,0.0,0.0
deepgram-short_question-r019,deepgram,flux-haley-en,short_question,80.0,200.0,0.25,True,0,0.0,0.0
deepgram-short_question-r019,deepgram,flux-haley-en,short_question,80.0,200.0,0.5,True,0,0.0,0.0
deepgram-short_question-r019,deepgram,flux-haley-en,short_question,80.0,200.0,0.75,True,0,0.0,0.0
deepgram-short_question-r019,deepgram,flux-haley-en,short_question,80.0,400.0,0.25,False,1,195.3275419715792,195.3275419715792
deepgram-short_question-r019,deepgram,flux-haley-en,short_question,80.0,400.0,0.5,True,0,0.0,0.0
deepgram-short_question-r019,deepgram,flux-haley-en,short_question,80.0,400.0,0.75,True,0,0.0,0.0
deepgram-short_question-r019,deepgram,flux-haley-en,short_question,80.0,800.0,0.25,False,1,595.3275419715792,595.3275419715792
deepgram-short_question-r019,deepgram,flux-haley-en,short_question,80.0,800.0,0.5,False,1,399.17620896501467,399.17620896501467
deepgram-short_question-r019,deepgram,flux-haley-en,short_question,80.0,800.0,0.75,False,1,235.76216695271432,235.76216695271432
deepgram-short_question-r019,deepgram,flux-haley-en,short_question,80.0,1200.0,0.25,False,1,995.3275419715792,995.3275419715792
deepgram-short_question-r019,deepgram,flux-haley-en,short_question,80.0,1200.0,0.5,False,1,799.1762089650147,799.1762089650147
deepgram-short_question-r019,deepgram,flux-haley-en,short_question,80.0,1200.0,0.75,False,1,635.7621669527143,635.7621669527143
elevenlabs-long_incident-r000,elevenlabs,eleven_flash_v2_5,long_incident,80.0,0.0,0.25,True,0,0.0,0.0
elevenlabs-long_incident-r000,elevenlabs,eleven_flash_v2_5,long_incident,80.0,0.0,0.5,True,0,0.0,0.0
elevenlabs-long_incident-r000,elevenlabs,eleven_flash_v2_5,long_incident,80.0,0.0,0.75,True,0,0.0,0.0
elevenlabs-long_incident-r000,elevenlabs,eleven_flash_v2_5,long_incident,80.0,50.0,0.25,True,0,0.0,0.0
elevenlabs-long_incident-r000,elevenlabs,eleven_flash_v2_5,long_incident,80.0,50.0,0.5,True,0,0.0,0.0
elevenlabs-long_incident-r000,elevenlabs,eleven_flash_v2_5,long_incident,80.0,50.0,0.75,True,0,0.0,0.0
elevenlabs-long_incident-r000,elevenlabs,eleven_flash_v2_5,long_incident,80.0,100.0,0.25,True,0,0.0,0.0
elevenlabs-long_incident-r000,elevenlabs,eleven_flash_v2_5,long_incident,80.0,100.0,0.5,True,0,0.0,0.0
elevenlabs-long_incident-r000,elevenlabs,eleven_flash_v2_5,long_incident,80.0,100.0,0.75,True,0,0.0,0.0
elevenlabs-long_incident-r000,elevenlabs,eleven_flash_v2_5,long_incident,80.0,200.0,0.25,True,0,0.0,0.0
elevenlabs-long_incident-r000,elevenlabs,eleven_flash_v2_5,long_incident,80.0,200.0,0.5,True,0,0.0,0.0
elevenlabs-long_incident-r000,elevenlabs,eleven_flash_v2_5,long_incident,80.0,200.0,0.75,True,0,0.0,0.0
elevenlabs-long_incident-r000,elevenlabs,eleven_flash_v2_5,long_incident,80.0,400.0,0.25,True,0,0.0,0.0
elevenlabs-long_incident-r000,elevenlabs,eleven_flash_v2_5,long_incident,80.0,400.0,0.5,True,0,0.0,0.0
elevenlabs-long_incident-r000,elevenlabs,eleven_flash_v2_5,long_incident,80.0,400.0,0.75,True,0,0.0,0.0
elevenlabs-long_incident-r000,elevenlabs,eleven_flash_v2_5,long_incident,80.0,800.0,0.25,True,0,0.0,0.0
elevenlabs-long_incident-r000,elevenlabs,eleven_flash_v2_5,long_incident,80.0,800.0,0.5,True,0,0.0,0.0
elevenlabs-long_incident-r000,elevenlabs,eleven_flash_v2_5,long_incident,80.0,800.0,0.75,True,0,0.0,0.0
elevenlabs-long_incident-r000,elevenlabs,eleven_flash_v2_5,long_incident,80.0,1200.0,0.25,True,0,0.0,0.0
elevenlabs-long_incident-r000,elevenlabs,eleven_flash_v2_5,long_incident,80.0,1200.0,0.5,True,0,0.0,0.0
elevenlabs-long_incident-r000,elevenlabs,eleven_flash_v2_5,long_incident,80.0,1200.0,0.75,True,0,0.0,0.0
elevenlabs-long_incident-r001,elevenlabs,eleven_flash_v2_5,long_incident,80.0,0.0,0.25,True,0,0.0,0.0
elevenlabs-long_incident-r001,elevenlabs,eleven_flash_v2_5,long_incident,80.0,0.0,0.5,True,0,0.0,0.0
elevenlabs-long_incident-r001,elevenlabs,eleven_flash_v2_5,long_incident,80.0,0.0,0.75,True,0,0.0,0.0
elevenlabs-long_incident-r001,elevenlabs,eleven_flash_v2_5,long_incident,80.0,50.0,0.25,True,0,0.0,0.0
elevenlabs-long_incident-r001,elevenlabs,eleven_flash_v2_5,long_incident,80.0,50.0,0.5,True,0,0.0,0.0
elevenlabs-long_incident-r001,elevenlabs,eleven_flash_v2_5,long_incident,80.0,50.0,0.75,True,0,0.0,0.0
elevenlabs-long_incident-r001,elevenlabs,eleven_flash_v2_5,long_incident,80.0,100.0,0.25,True,0,0.0,0.0
elevenlabs-long_incident-r001,elevenlabs,eleven_flash_v2_5,long_incident,80.0,100.0,0.5,True,0,0.0,0.0
elevenlabs-long_incident-r001,elevenlabs,eleven_flash_v2_5,long_incident,80.0,100.0,0.75,True,0,0.0,0.0
elevenlabs-long_incident-r001,elevenlabs,eleven_flash_v2_5,long_incident,80.0,200.0,0.25,True,0,0.0,0.0
elevenlabs-long_incident-r001,elevenlabs,eleven_flash_v2_5,long_incident,80.0,200.0,0.5,True,0,0.0,0.0
elevenlabs-long_incident-r001,elevenlabs,eleven_flash_v2_5,long_incident,80.0,200.0,0.75,True,0,0.0,0.0
elevenlabs-long_incident-r001,elevenlabs,eleven_flash_v2_5,long_incident,80.0,400.0,0.25,True,0,0.0,0.0
elevenlabs-long_incident-r001,elevenlabs,eleven_flash_v2_5,long_incident,80.0,400.0,0.5,True,0,0.0,0.0
elevenlabs-long_incident-r001,elevenlabs,eleven_flash_v2_5,long_incident,80.0,400.0,0.75,True,0,0.0,0.0
elevenlabs-long_incident-r001,elevenlabs,eleven_flash_v2_5,long_incident,80.0,800.0,0.25,True,0,0.0,0.0
elevenlabs-long_incident-r001,elevenlabs,eleven_flash_v2_5,long_incident,80.0,800.0,0.5,True,0,0.0,0.0
elevenlabs-long_incident-r001,elevenlabs,eleven_flash_v2_5,long_incident,80.0,800.0,0.75,True,0,0.0,0.0
elevenlabs-long_incident-r001,elevenlabs,eleven_flash_v2_5,long_incident,80.0,1200.0,0.25,True,0,0.0,0.0
elevenlabs-long_incident-r001,elevenlabs,eleven_flash_v2_5,long_incident,80.0,1200.0,0.5,True,0,0.0,0.0
elevenlabs-long_incident-r001,elevenlabs,eleven_flash_v2_5,long_incident,80.0,1200.0,0.75,True,0,0.0,0.0
elevenlabs-long_incident-r002,elevenlabs,eleven_flash_v2_5,long_incident,80.0,0.0,0.25,True,0,0.0,0.0
elevenlabs-long_incident-r002,elevenlabs,eleven_flash_v2_5,long_incident,80.0,0.0,0.5,True,0,0.0,0.0
elevenlabs-long_incident-r002,elevenlabs,eleven_flash_v2_5,long_incident,80.0,0.0,0.75,True,0,0.0,0.0
elevenlabs-long_incident-r002,elevenlabs,eleven_flash_v2_5,long_incident,80.0,50.0,0.25,True,0,0.0,0.0
elevenlabs-long_incident-r002,elevenlabs,eleven_flash_v2_5,long_incident,80.0,50.0,0.5,True,0,0.0,0.0
elevenlabs-long_incident-r002,elevenlabs,eleven_flash_v2_5,long_incident,80.0,50.0,0.75,True,0,0.0,0.0
elevenlabs-long_incident-r002,elevenlabs,eleven_flash_v2_5,long_incident,80.0,100.0,0.25,True,0,0.0,0.0
elevenlabs-long_incident-r002,elevenlabs,eleven_flash_v2_5,long_incident,80.0,100.0,0.5,True,0,0.0,0.0
elevenlabs-long_incident-r002,elevenlabs,eleven_flash_v2_5,long_incident,80.0,100.0,0.75,True,0,0.0,0.0
elevenlabs-long_incident-r002,elevenlabs,eleven_flash_v2_5,long_incident,80.0,200.0,0.25,True,0,0.0,0.0
elevenlabs-long_incident-r002,elevenlabs,eleven_flash_v2_5,long_incident,80.0,200.0,0.5,True,0,0.0,0.0
elevenlabs-long_incident-r002,elevenlabs,eleven_flash_v2_5,long_incident,80.0,200.0,0.75,True,0,0.0,0.0
elevenlabs-long_incident-r002,elevenlabs,eleven_flash_v2_5,long_incident,80.0,400.0,0.25,True,0,0.0,0.0
elevenlabs-long_incident-r002,elevenlabs,eleven_flash_v2_5,long_incident,80.0,400.0,0.5,True,0,0.0,0.0
elevenlabs-long_incident-r002,elevenlabs,eleven_flash_v2_5,long_incident,80.0,400.0,0.75,True,0,0.0,0.0
elevenlabs-long_incident-r002,elevenlabs,eleven_flash_v2_5,long_incident,80.0,800.0,0.25,True,0,0.0,0.0
elevenlabs-long_incident-r002,elevenlabs,eleven_flash_v2_5,long_incident,80.0,800.0,0.5,True,0,0.0,0.0
elevenlabs-long_incident-r002,elevenlabs,eleven_flash_v2_5,long_incident,80.0,800.0,0.75,True,0,0.0,0.0
elevenlabs-long_incident-r002,elevenlabs,eleven_flash_v2_5,long_incident,80.0,1200.0,0.25,True,0,0.0,0.0
elevenlabs-long_incident-r002,elevenlabs,eleven_flash_v2_5,long_incident,80.0,1200.0,0.5,True,0,0.0,0.0
elevenlabs-long_incident-r002,elevenlabs,eleven_flash_v2_5,long_incident,80.0,1200.0,0.75,True,0,0.0,0.0
elevenlabs-long_incident-r003,elevenlabs,eleven_flash_v2_5,long_incident,80.0,0.0,0.25,True,0,0.0,0.0
elevenlabs-long_incident-r003,elevenlabs,eleven_flash_v2_5,long_incident,80.0,0.0,0.5,True,0,0.0,0.0
elevenlabs-long_incident-r003,elevenlabs,eleven_flash_v2_5,long_incident,80.0,0.0,0.75,True,0,0.0,0.0
elevenlabs-long_incident-r003,elevenlabs,eleven_flash_v2_5,long_incident,80.0,50.0,0.25,True,0,0.0,0.0
elevenlabs-long_incident-r003,elevenlabs,eleven_flash_v2_5,long_incident,80.0,50.0,0.5,True,0,0.0,0.0
elevenlabs-long_incident-r003,elevenlabs,eleven_flash_v2_5,long_incident,80.0,50.0,0.75,True,0,0.0,0.0
elevenlabs-long_incident-r003,elevenlabs,eleven_flash_v2_5,long_incident,80.0,100.0,0.25,True,0,0.0,0.0
elevenlabs-long_incident-r003,elevenlabs,eleven_flash_v2_5,long_incident,80.0,100.0,0.5,True,0,0.0,0.0
elevenlabs-long_incident-r003,elevenlabs,eleven_flash_v2_5,long_incident,80.0,100.0,0.75,True,0,0.0,0.0
elevenlabs-long_incident-r003,elevenlabs,eleven_flash_v2_5,long_incident,80.0,200.0,0.25,True,0,0.0,0.0
elevenlabs-long_incident-r003,elevenlabs,eleven_flash_v2_5,long_incident,80.0,200.0,0.5,True,0,0.0,0.0
elevenlabs-long_incident-r003,elevenlabs,eleven_flash_v2_5,long_incident,80.0,200.0,0.75,True,0,0.0,0.0
elevenlabs-long_incident-r003,elevenlabs,eleven_flash_v2_5,long_incident,80.0,400.0,0.25,True,0,0.0,0.0
elevenlabs-long_incident-r003,elevenlabs,eleven_flash_v2_5,long_incident,80.0,400.0,0.5,True,0,0.0,0.0
elevenlabs-long_incident-r003,elevenlabs,eleven_flash_v2_5,long_incident,80.0,400.0,0.75,True,0,0.0,0.0
elevenlabs-long_incident-r003,elevenlabs,eleven_flash_v2_5,long_incident,80.0,800.0,0.25,True,0,0.0,0.0
elevenlabs-long_incident-r003,elevenlabs,eleven_flash_v2_5,long_incident,80.0,800.0,0.5,True,0,0.0,0.0
elevenlabs-long_incident-r003,elevenlabs,eleven_flash_v2_5,long_incident,80.0,800.0,0.75,True,0,0.0,0.0
elevenlabs-long_incident-r003,elevenlabs,eleven_flash_v2_5,long_incident,80.0,1200.0,0.25,True,0,0.0,0.0
elevenlabs-long_incident-r003,elevenlabs,eleven_flash_v2_5,long_incident,80.0,1200.0,0.5,True,0,0.0,0.0
elevenlabs-long_incident-r003,elevenlabs,eleven_flash_v2_5,long_incident,80.0,1200.0,0.75,True,0,0.0,0.0
elevenlabs-long_incident-r004,elevenlabs,eleven_flash_v2_5,long_incident,80.0,0.0,0.25,True,0,0.0,0.0
elevenlabs-long_incident-r004,elevenlabs,eleven_flash_v2_5,long_incident,80.0,0.0,0.5,True,0,0.0,0.0
elevenlabs-long_incident-r004,elevenlabs,eleven_flash_v2_5,long_incident,80.0,0.0,0.75,True,0,0.0,0.0
elevenlabs-long_incident-r004,elevenlabs,eleven_flash_v2_5,long_incident,80.0,50.0,0.25,True,0,0.0,0.0
elevenlabs-long_incident-r004,elevenlabs,eleven_flash_v2_5,long_incident,80.0,50.0,0.5,True,0,0.0,0.0
elevenlabs-long_incident-r004,elevenlabs,eleven_flash_v2_5,long_incident,80.0,50.0,0.75,True,0,0.0,0.0
elevenlabs-long_incident-r004,elevenlabs,eleven_flash_v2_5,long_incident,80.0,100.0,0.25,True,0,0.0,0.0
elevenlabs-long_incident-r004,elevenlabs,eleven_flash_v2_5,long_incident,80.0,100.0,0.5,True,0,0.0,0.0
elevenlabs-long_incident-r004,elevenlabs,eleven_flash_v2_5,long_incident,80.0,100.0,0.75,True,0,0.0,0.0
elevenlabs-long_incident-r004,elevenlabs,eleven_flash_v2_5,long_incident,80.0,200.0,0.25,True,0,0.0,0.0
elevenlabs-long_incident-r004,elevenlabs,eleven_flash_v2_5,long_incident,80.0,200.0,0.5,True,0,0.0,0.0
elevenlabs-long_incident-r004,elevenlabs,eleven_flash_v2_5,long_incident,80.0,200.0,0.75,True,0,0.0,0.0
elevenlabs-long_incident-r004,elevenlabs,eleven_flash_v2_5,long_incident,80.0,400.0,0.25,True,0,0.0,0.0
elevenlabs-long_incident-r004,elevenlabs,eleven_flash_v2_5,long_incident,80.0,400.0,0.5,True,0,0.0,0.0
elevenlabs-long_incident-r004,elevenlabs,eleven_flash_v2_5,long_incident,80.0,400.0,0.75,True,0,0.0,0.0
elevenlabs-long_incident-r004,elevenlabs,eleven_flash_v2_5,long_incident,80.0,800.0,0.25,True,0,0.0,0.0
elevenlabs-long_incident-r004,elevenlabs,eleven_flash_v2_5,long_incident,80.0,800.0,0.5,True,0,0.0,0.0
elevenlabs-long_incident-r004,elevenlabs,eleven_flash_v2_5,long_incident,80.0,800.0,0.75,True,0,0.0,0.0
elevenlabs-long_incident-r004,elevenlabs,eleven_flash_v2_5,long_incident,80.0,1200.0,0.25,True,0,0.0,0.0
elevenlabs-long_incident-r004,elevenlabs,eleven_flash_v2_5,long_incident,80.0,1200.0,0.5,True,0,0.0,0.0
elevenlabs-long_incident-r004,elevenlabs,eleven_flash_v2_5,long_incident,80.0,1200.0,0.75,True,0,0.0,0.0
elevenlabs-long_incident-r005,elevenlabs,eleven_flash_v2_5,long_incident,80.0,0.0,0.25,True,0,0.0,0.0
elevenlabs-long_incident-r005,elevenlabs,eleven_flash_v2_5,long_incident,80.0,0.0,0.5,True,0,0.0,0.0
elevenlabs-long_incident-r005,elevenlabs,eleven_flash_v2_5,long_incident,80.0,0.0,0.75,True,0,0.0,0.0
elevenlabs-long_incident-r005,elevenlabs,eleven_flash_v2_5,long_incident,80.0,50.0,0.25,True,0,0.0,0.0
elevenlabs-long_incident-r005,elevenlabs,eleven_flash_v2_5,long_incident,80.0,50.0,0.5,True,0,0.0,0.0
elevenlabs-long_incident-r005,elevenlabs,eleven_flash_v2_5,long_incident,80.0,50.0,0.75,True,0,0.0,0.0
elevenlabs-long_incident-r005,elevenlabs,eleven_flash_v2_5,long_incident,80.0,100.0,0.25,True,0,0.0,0.0
elevenlabs-long_incident-r005,elevenlabs,eleven_flash_v2_5,long_incident,80.0,100.0,0.5,True,0,0.0,0.0
elevenlabs-long_incident-r005,elevenlabs,eleven_flash_v2_5,long_incident,80.0,100.0,0.75,True,0,0.0,0.0
elevenlabs-long_incident-r005,elevenlabs,eleven_flash_v2_5,long_incident,80.0,200.0,0.25,True,0,0.0,0.0
elevenlabs-long_incident-r005,elevenlabs,eleven_flash_v2_5,long_incident,80.0,200.0,0.5,True,0,0.0,0.0
elevenlabs-long_incident-r005,elevenlabs,eleven_flash_v2_5,long_incident,80.0,200.0,0.75,True,0,0.0,0.0
elevenlabs-long_incident-r005,elevenlabs,eleven_flash_v2_5,long_incident,80.0,400.0,0.25,True,0,0.0,0.0
elevenlabs-long_incident-r005,elevenlabs,eleven_flash_v2_5,long_incident,80.0,400.0,0.5,True,0,0.0,0.0
elevenlabs-long_incident-r005,elevenlabs,eleven_flash_v2_5,long_incident,80.0,400.0,0.75,True,0,0.0,0.0
elevenlabs-long_incident-r005,elevenlabs,eleven_flash_v2_5,long_incident,80.0,800.0,0.25,True,0,0.0,0.0
elevenlabs-long_incident-r005,elevenlabs,eleven_flash_v2_5,long_incident,80.0,800.0,0.5,True,0,0.0,0.0
elevenlabs-long_incident-r005,elevenlabs,eleven_flash_v2_5,long_incident,80.0,800.0,0.75,True,0,0.0,0.0
elevenlabs-long_incident-r005,elevenlabs,eleven_flash_v2_5,long_incident,80.0,1200.0,0.25,True,0,0.0,0.0
elevenlabs-long_incident-r005,elevenlabs,eleven_flash_v2_5,long_incident,80.0,1200.0,0.5,True,0,0.0,0.0
elevenlabs-long_incident-r005,elevenlabs,eleven_flash_v2_5,long_incident,80.0,1200.0,0.75,True,0,0.0,0.0
elevenlabs-long_incident-r006,elevenlabs,eleven_flash_v2_5,long_incident,80.0,0.0,0.25,True,0,0.0,0.0
elevenlabs-long_incident-r006,elevenlabs,eleven_flash_v2_5,long_incident,80.0,0.0,0.5,True,0,0.0,0.0
elevenlabs-long_incident-r006,elevenlabs,eleven_flash_v2_5,long_incident,80.0,0.0,0.75,True,0,0.0,0.0
elevenlabs-long_incident-r006,elevenlabs,eleven_flash_v2_5,long_incident,80.0,50.0,0.25,True,0,0.0,0.0
elevenlabs-long_incident-r006,elevenlabs,eleven_flash_v2_5,long_incident,80.0,50.0,0.5,True,0,0.0,0.0
elevenlabs-long_incident-r006,elevenlabs,eleven_flash_v2_5,long_incident,80.0,50.0,0.75,True,0,0.0,0.0
elevenlabs-long_incident-r006,elevenlabs,eleven_flash_v2_5,long_incident,80.0,100.0,0.25,True,0,0.0,0.0
elevenlabs-long_incident-r006,elevenlabs,eleven_flash_v2_5,long_incident,80.0,100.0,0.5,True,0,0.0,0.0
elevenlabs-long_incident-r006,elevenlabs,eleven_flash_v2_5,long_incident,80.0,100.0,0.75,True,0,0.0,0.0
elevenlabs-long_incident-r006,elevenlabs,eleven_flash_v2_5,long_incident,80.0,200.0,0.25,True,0,0.0,0.0
elevenlabs-long_incident-r006,elevenlabs,eleven_flash_v2_5,long_incident,80.0,200.0,0.5,True,0,0.0,0.0
elevenlabs-long_incident-r006,elevenlabs,eleven_flash_v2_5,long_incident,80.0,200.0,0.75,True,0,0.0,0.0
elevenlabs-long_incident-r006,elevenlabs,eleven_flash_v2_5,long_incident,80.0,400.0,0.25,True,0,0.0,0.0
elevenlabs-long_incident-r006,elevenlabs,eleven_flash_v2_5,long_incident,80.0,400.0,0.5,True,0,0.0,0.0
elevenlabs-long_incident-r006,elevenlabs,eleven_flash_v2_5,long_incident,80.0,400.0,0.75,True,0,0.0,0.0
elevenlabs-long_incident-r006,elevenlabs,eleven_flash_v2_5,long_incident,80.0,800.0,0.25,True,0,0.0,0.0
elevenlabs-long_incident-r006,elevenlabs,eleven_flash_v2_5,long_incident,80.0,800.0,0.5,True,0,0.0,0.0
elevenlabs-long_incident-r006,elevenlabs,eleven_flash_v2_5,long_incident,80.0,800.0,0.75,True,0,0.0,0.0
elevenlabs-long_incident-r006,elevenlabs,eleven_flash_v2_5,long_incident,80.0,1200.0,0.25,True,0,0.0,0.0
elevenlabs-long_incident-r006,elevenlabs,eleven_flash_v2_5,long_incident,80.0,1200.0,0.5,True,0,0.0,0.0
elevenlabs-long_incident-r006,elevenlabs,eleven_flash_v2_5,long_incident,80.0,1200.0,0.75,True,0,0.0,0.0
elevenlabs-long_incident-r007,elevenlabs,eleven_flash_v2_5,long_incident,80.0,0.0,0.25,True,0,0.0,0.0
elevenlabs-long_incident-r007,elevenlabs,eleven_flash_v2_5,long_incident,80.0,0.0,0.5,True,0,0.0,0.0
elevenlabs-long_incident-r007,elevenlabs,eleven_flash_v2_5,long_incident,80.0,0.0,0.75,True,0,0.0,0.0
elevenlabs-long_incident-r007,elevenlabs,eleven_flash_v2_5,long_incident,80.0,50.0,0.25,True,0,0.0,0.0
elevenlabs-long_incident-r007,elevenlabs,eleven_flash_v2_5,long_incident,80.0,50.0,0.5,True,0,0.0,0.0
elevenlabs-long_incident-r007,elevenlabs,eleven_flash_v2_5,long_incident,80.0,50.0,0.75,True,0,0.0,0.0
elevenlabs-long_incident-r007,elevenlabs,eleven_flash_v2_5,long_incident,80.0,100.0,0.25,True,0,0.0,0.0
elevenlabs-long_incident-r007,elevenlabs,eleven_flash_v2_5,long_incident,80.0,100.0,0.5,True,0,0.0,0.0
elevenlabs-long_incident-r007,elevenlabs,eleven_flash_v2_5,long_incident,80.0,100.0,0.75,True,0,0.0,0.0
elevenlabs-long_incident-r007,elevenlabs,eleven_flash_v2_5,long_incident,80.0,200.0,0.25,True,0,0.0,0.0
elevenlabs-long_incident-r007,elevenlabs,eleven_flash_v2_5,long_incident,80.0,200.0,0.5,True,0,0.0,0.0
elevenlabs-long_incident-r007,elevenlabs,eleven_flash_v2_5,long_incident,80.0,200.0,0.75,True,0,0.0,0.0
elevenlabs-long_incident-r007,elevenlabs,eleven_flash_v2_5,long_incident,80.0,400.0,0.25,True,0,0.0,0.0
elevenlabs-long_incident-r007,elevenlabs,eleven_flash_v2_5,long_incident,80.0,400.0,0.5,True,0,0.0,0.0
elevenlabs-long_incident-r007,elevenlabs,eleven_flash_v2_5,long_incident,80.0,400.0,0.75,True,0,0.0,0.0
elevenlabs-long_incident-r007,elevenlabs,eleven_flash_v2_5,long_incident,80.0,800.0,0.25,True,0,0.0,0.0
elevenlabs-long_incident-r007,elevenlabs,eleven_flash_v2_5,long_incident,80.0,800.0,0.5,True,0,0.0,0.0
elevenlabs-long_incident-r007,elevenlabs,eleven_flash_v2_5,long_incident,80.0,800.0,0.75,True,0,0.0,0.0
elevenlabs-long_incident-r007,elevenlabs,eleven_flash_v2_5,long_incident,80.0,1200.0,0.25,True,0,0.0,0.0
elevenlabs-long_incident-r007,elevenlabs,eleven_flash_v2_5,long_incident,80.0,1200.0,0.5,True,0,0.0,0.0
elevenlabs-long_incident-r007,elevenlabs,eleven_flash_v2_5,long_incident,80.0,1200.0,0.75,True,0,0.0,0.0
elevenlabs-long_incident-r008,elevenlabs,eleven_flash_v2_5,long_incident,80.0,0.0,0.25,True,0,0.0,0.0
elevenlabs-long_incident-r008,elevenlabs,eleven_flash_v2_5,long_incident,80.0,0.0,0.5,True,0,0.0,0.0
elevenlabs-long_incident-r008,elevenlabs,eleven_flash_v2_5,long_incident,80.0,0.0,0.75,True,0,0.0,0.0
elevenlabs-long_incident-r008,elevenlabs,eleven_flash_v2_5,long_incident,80.0,50.0,0.25,True,0,0.0,0.0
elevenlabs-long_incident-r008,elevenlabs,eleven_flash_v2_5,long_incident,80.0,50.0,0.5,True,0,0.0,0.0
elevenlabs-long_incident-r008,elevenlabs,eleven_flash_v2_5,long_incident,80.0,50.0,0.75,True,0,0.0,0.0
elevenlabs-long_incident-r008,elevenlabs,eleven_flash_v2_5,long_incident,80.0,100.0,0.25,True,0,0.0,0.0
elevenlabs-long_incident-r008,elevenlabs,eleven_flash_v2_5,long_incident,80.0,100.0,0.5,True,0,0.0,0.0
elevenlabs-long_incident-r008,elevenlabs,eleven_flash_v2_5,long_incident,80.0,100.0,0.75,True,0,0.0,0.0
elevenlabs-long_incident-r008,elevenlabs,eleven_flash_v2_5,long_incident,80.0,200.0,0.25,True,0,0.0,0.0
elevenlabs-long_incident-r008,elevenlabs,eleven_flash_v2_5,long_incident,80.0,200.0,0.5,True,0,0.0,0.0
elevenlabs-long_incident-r008,elevenlabs,eleven_flash_v2_5,long_incident,80.0,200.0,0.75,True,0,0.0,0.0
elevenlabs-long_incident-r008,elevenlabs,eleven_flash_v2_5,long_incident,80.0,400.0,0.25,True,0,0.0,0.0
elevenlabs-long_incident-r008,elevenlabs,eleven_flash_v2_5,long_incident,80.0,400.0,0.5,True,0,0.0,0.0
elevenlabs-long_incident-r008,elevenlabs,eleven_flash_v2_5,long_incident,80.0,400.0,0.75,True,0,0.0,0.0
elevenlabs-long_incident-r008,elevenlabs,eleven_flash_v2_5,long_incident,80.0,800.0,0.25,True,0,0.0,0.0
elevenlabs-long_incident-r008,elevenlabs,eleven_flash_v2_5,long_incident,80.0,800.0,0.5,True,0,0.0,0.0
elevenlabs-long_incident-r008,elevenlabs,eleven_flash_v2_5,long_incident,80.0,800.0,0.75,True,0,0.0,0.0
elevenlabs-long_incident-r008,elevenlabs,eleven_flash_v2_5,long_incident,80.0,1200.0,0.25,True,0,0.0,0.0
elevenlabs-long_incident-r008,elevenlabs,eleven_flash_v2_5,long_incident,80.0,1200.0,0.5,True,0,0.0,0.0
elevenlabs-long_incident-r008,elevenlabs,eleven_flash_v2_5,long_incident,80.0,1200.0,0.75,True,0,0.0,0.0
elevenlabs-long_incident-r009,elevenlabs,eleven_flash_v2_5,long_incident,80.0,0.0,0.25,True,0,0.0,0.0
elevenlabs-long_incident-r009,elevenlabs,eleven_flash_v2_5,long_incident,80.0,0.0,0.5,True,0,0.0,0.0
elevenlabs-long_incident-r009,elevenlabs,eleven_flash_v2_5,long_incident,80.0,0.0,0.75,True,0,0.0,0.0
elevenlabs-long_incident-r009,elevenlabs,eleven_flash_v2_5,long_incident,80.0,50.0,0.25,True,0,0.0,0.0
elevenlabs-long_incident-r009,elevenlabs,eleven_flash_v2_5,long_incident,80.0,50.0,0.5,True,0,0.0,0.0
elevenlabs-long_incident-r009,elevenlabs,eleven_flash_v2_5,long_incident,80.0,50.0,0.75,True,0,0.0,0.0
elevenlabs-long_incident-r009,elevenlabs,eleven_flash_v2_5,long_incident,80.0,100.0,0.25,True,0,0.0,0.0
elevenlabs-long_incident-r009,elevenlabs,eleven_flash_v2_5,long_incident,80.0,100.0,0.5,True,0,0.0,0.0
elevenlabs-long_incident-r009,elevenlabs,eleven_flash_v2_5,long_incident,80.0,100.0,0.75,True,0,0.0,0.0
elevenlabs-long_incident-r009,elevenlabs,eleven_flash_v2_5,long_incident,80.0,200.0,0.25,True,0,0.0,0.0
elevenlabs-long_incident-r009,elevenlabs,eleven_flash_v2_5,long_incident,80.0,200.0,0.5,True,0,0.0,0.0
elevenlabs-long_incident-r009,elevenlabs,eleven_flash_v2_5,long_incident,80.0,200.0,0.75,True,0,0.0,0.0
elevenlabs-long_incident-r009,elevenlabs,eleven_flash_v2_5,long_incident,80.0,400.0,0.25,True,0,0.0,0.0
elevenlabs-long_incident-r009,elevenlabs,eleven_flash_v2_5,long_incident,80.0,400.0,0.5,True,0,0.0,0.0
elevenlabs-long_incident-r009,elevenlabs,eleven_flash_v2_5,long_incident,80.0,400.0,0.75,True,0,0.0,0.0
elevenlabs-long_incident-r009,elevenlabs,eleven_flash_v2_5,long_incident,80.0,800.0,0.25,True,0,0.0,0.0
elevenlabs-long_incident-r009,elevenlabs,eleven_flash_v2_5,long_incident,80.0,800.0,0.5,True,0,0.0,0.0
elevenlabs-long_incident-r009,elevenlabs,eleven_flash_v2_5,long_incident,80.0,800.0,0.75,True,0,0.0,0.0
elevenlabs-long_incident-r009,elevenlabs,eleven_flash_v2_5,long_incident,80.0,1200.0,0.25,True,0,0.0,0.0
elevenlabs-long_incident-r009,elevenlabs,eleven_flash_v2_5,long_incident,80.0,1200.0,0.5,True,0,0.0,0.0
elevenlabs-long_incident-r009,elevenlabs,eleven_flash_v2_5,long_incident,80.0,1200.0,0.75,True,0,0.0,0.0
elevenlabs-long_incident-r010,elevenlabs,eleven_flash_v2_5,long_incident,80.0,0.0,0.25,True,0,0.0,0.0
elevenlabs-long_incident-r010,elevenlabs,eleven_flash_v2_5,long_incident,80.0,0.0,0.5,True,0,0.0,0.0
elevenlabs-long_incident-r010,elevenlabs,eleven_flash_v2_5,long_incident,80.0,0.0,0.75,True,0,0.0,0.0
elevenlabs-long_incident-r010,elevenlabs,eleven_flash_v2_5,long_incident,80.0,50.0,0.25,True,0,0.0,0.0
elevenlabs-long_incident-r010,elevenlabs,eleven_flash_v2_5,long_incident,80.0,50.0,0.5,True,0,0.0,0.0
elevenlabs-long_incident-r010,elevenlabs,eleven_flash_v2_5,long_incident,80.0,50.0,0.75,True,0,0.0,0.0
elevenlabs-long_incident-r010,elevenlabs,eleven_flash_v2_5,long_incident,80.0,100.0,0.25,True,0,0.0,0.0
elevenlabs-long_incident-r010,elevenlabs,eleven_flash_v2_5,long_incident,80.0,100.0,0.5,True,0,0.0,0.0
elevenlabs-long_incident-r010,elevenlabs,eleven_flash_v2_5,long_incident,80.0,100.0,0.75,True,0,0.0,0.0
elevenlabs-long_incident-r010,elevenlabs,eleven_flash_v2_5,long_incident,80.0,200.0,0.25,True,0,0.0,0.0
elevenlabs-long_incident-r010,elevenlabs,eleven_flash_v2_5,long_incident,80.0,200.0,0.5,True,0,0.0,0.0
elevenlabs-long_incident-r010,elevenlabs,eleven_flash_v2_5,long_incident,80.0,200.0,0.75,True,0,0.0,0.0
elevenlabs-long_incident-r010,elevenlabs,eleven_flash_v2_5,long_incident,80.0,400.0,0.25,True,0,0.0,0.0
elevenlabs-long_incident-r010,elevenlabs,eleven_flash_v2_5,long_incident,80.0,400.0,0.5,True,0,0.0,0.0
elevenlabs-long_incident-r010,elevenlabs,eleven_flash_v2_5,long_incident,80.0,400.0,0.75,True,0,0.0,0.0
elevenlabs-long_incident-r010,elevenlabs,eleven_flash_v2_5,long_incident,80.0,800.0,0.25,True,0,0.0,0.0
elevenlabs-long_incident-r010,elevenlabs,eleven_flash_v2_5,long_incident,80.0,800.0,0.5,True,0,0.0,0.0
elevenlabs-long_incident-r010,elevenlabs,eleven_flash_v2_5,long_incident,80.0,800.0,0.75,True,0,0.0,0.0
elevenlabs-long_incident-r010,elevenlabs,eleven_flash_v2_5,long_incident,80.0,1200.0,0.25,True,0,0.0,0.0
elevenlabs-long_incident-r010,elevenlabs,eleven_flash_v2_5,long_incident,80.0,1200.0,0.5,True,0,0.0,0.0
elevenlabs-long_incident-r010,elevenlabs,eleven_flash_v2_5,long_incident,80.0,1200.0,0.75,True,0,0.0,0.0
elevenlabs-long_incident-r011,elevenlabs,eleven_flash_v2_5,long_incident,80.0,0.0,0.25,True,0,0.0,0.0
elevenlabs-long_incident-r011,elevenlabs,eleven_flash_v2_5,long_incident,80.0,0.0,0.5,True,0,0.0,0.0
elevenlabs-long_incident-r011,elevenlabs,eleven_flash_v2_5,long_incident,80.0,0.0,0.75,True,0,0.0,0.0
elevenlabs-long_incident-r011,elevenlabs,eleven_flash_v2_5,long_incident,80.0,50.0,0.25,True,0,0.0,0.0
elevenlabs-long_incident-r011,elevenlabs,eleven_flash_v2_5,long_incident,80.0,50.0,0.5,True,0,0.0,0.0
elevenlabs-long_incident-r011,elevenlabs,eleven_flash_v2_5,long_incident,80.0,50.0,0.75,True,0,0.0,0.0
elevenlabs-long_incident-r011,elevenlabs,eleven_flash_v2_5,long_incident,80.0,100.0,0.25,True,0,0.0,0.0
elevenlabs-long_incident-r011,elevenlabs,eleven_flash_v2_5,long_incident,80.0,100.0,0.5,True,0,0.0,0.0
elevenlabs-long_incident-r011,elevenlabs,eleven_flash_v2_5,long_incident,80.0,100.0,0.75,True,0,0.0,0.0
elevenlabs-long_incident-r011,elevenlabs,eleven_flash_v2_5,long_incident,80.0,200.0,0.25,True,0,0.0,0.0
elevenlabs-long_incident-r011,elevenlabs,eleven_flash_v2_5,long_incident,80.0,200.0,0.5,True,0,0.0,0.0
elevenlabs-long_incident-r011,elevenlabs,eleven_flash_v2_5,long_incident,80.0,200.0,0.75,True,0,0.0,0.0
elevenlabs-long_incident-r011,elevenlabs,eleven_flash_v2_5,long_incident,80.0,400.0,0.25,True,0,0.0,0.0
elevenlabs-long_incident-r011,elevenlabs,eleven_flash_v2_5,long_incident,80.0,400.0,0.5,True,0,0.0,0.0
elevenlabs-long_incident-r011,elevenlabs,eleven_flash_v2_5,long_incident,80.0,400.0,0.75,True,0,0.0,0.0
elevenlabs-long_incident-r011,elevenlabs,eleven_flash_v2_5,long_incident,80.0,800.0,0.25,True,0,0.0,0.0
elevenlabs-long_incident-r011,elevenlabs,eleven_flash_v2_5,long_incident,80.0,800.0,0.5,True,0,0.0,0.0
elevenlabs-long_incident-r011,elevenlabs,eleven_flash_v2_5,long_incident,80.0,800.0,0.75,True,0,0.0,0.0
elevenlabs-long_incident-r011,elevenlabs,eleven_flash_v2_5,long_incident,80.0,1200.0,0.25,True,0,0.0,0.0
elevenlabs-long_incident-r011,elevenlabs,eleven_flash_v2_5,long_incident,80.0,1200.0,0.5,True,0,0.0,0.0
elevenlabs-long_incident-r011,elevenlabs,eleven_flash_v2_5,long_incident,80.0,1200.0,0.75,True,0,0.0,0.0
elevenlabs-long_incident-r012,elevenlabs,eleven_flash_v2_5,long_incident,80.0,0.0,0.25,True,0,0.0,0.0
elevenlabs-long_incident-r012,elevenlabs,eleven_flash_v2_5,long_incident,80.0,0.0,0.5,True,0,0.0,0.0
elevenlabs-long_incident-r012,elevenlabs,eleven_flash_v2_5,long_incident,80.0,0.0,0.75,True,0,0.0,0.0
elevenlabs-long_incident-r012,elevenlabs,eleven_flash_v2_5,long_incident,80.0,50.0,0.25,True,0,0.0,0.0
elevenlabs-long_incident-r012,elevenlabs,eleven_flash_v2_5,long_incident,80.0,50.0,0.5,True,0,0.0,0.0
elevenlabs-long_incident-r012,elevenlabs,eleven_flash_v2_5,long_incident,80.0,50.0,0.75,True,0,0.0,0.0
elevenlabs-long_incident-r012,elevenlabs,eleven_flash_v2_5,long_incident,80.0,100.0,0.25,True,0,0.0,0.0
elevenlabs-long_incident-r012,elevenlabs,eleven_flash_v2_5,long_incident,80.0,100.0,0.5,True,0,0.0,0.0
elevenlabs-long_incident-r012,elevenlabs,eleven_flash_v2_5,long_incident,80.0,100.0,0.75,True,0,0.0,0.0
elevenlabs-long_incident-r012,elevenlabs,eleven_flash_v2_5,long_incident,80.0,200.0,0.25,True,0,0.0,0.0
elevenlabs-long_incident-r012,elevenlabs,eleven_flash_v2_5,long_incident,80.0,200.0,0.5,True,0,0.0,0.0
elevenlabs-long_incident-r012,elevenlabs,eleven_flash_v2_5,long_incident,80.0,200.0,0.75,True,0,0.0,0.0
elevenlabs-long_incident-r012,elevenlabs,eleven_flash_v2_5,long_incident,80.0,400.0,0.25,True,0,0.0,0.0
elevenlabs-long_incident-r012,elevenlabs,eleven_flash_v2_5,long_incident,80.0,400.0,0.5,True,0,0.0,0.0
elevenlabs-long_incident-r012,elevenlabs,eleven_flash_v2_5,long_incident,80.0,400.0,0.75,True,0,0.0,0.0
elevenlabs-long_incident-r012,elevenlabs,eleven_flash_v2_5,long_incident,80.0,800.0,0.25,True,0,0.0,0.0
elevenlabs-long_incident-r012,elevenlabs,eleven_flash_v2_5,long_incident,80.0,800.0,0.5,True,0,0.0,0.0
elevenlabs-long_incident-r012,elevenlabs,eleven_flash_v2_5,long_incident,80.0,800.0,0.75,True,0,0.0,0.0
elevenlabs-long_incident-r012,elevenlabs,eleven_flash_v2_5,long_incident,80.0,1200.0,0.25,True,0,0.0,0.0
elevenlabs-long_incident-r012,elevenlabs,eleven_flash_v2_5,long_incident,80.0,1200.0,0.5,True,0,0.0,0.0
elevenlabs-long_incident-r012,elevenlabs,eleven_flash_v2_5,long_incident,80.0,1200.0,0.75,True,0,0.0,0.0
elevenlabs-long_incident-r013,elevenlabs,eleven_flash_v2_5,long_incident,80.0,0.0,0.25,True,0,0.0,0.0
elevenlabs-long_incident-r013,elevenlabs,eleven_flash_v2_5,long_incident,80.0,0.0,0.5,True,0,0.0,0.0
elevenlabs-long_incident-r013,elevenlabs,eleven_flash_v2_5,long_incident,80.0,0.0,0.75,True,0,0.0,0.0
elevenlabs-long_incident-r013,elevenlabs,eleven_flash_v2_5,long_incident,80.0,50.0,0.25,True,0,0.0,0.0
elevenlabs-long_incident-r013,elevenlabs,eleven_flash_v2_5,long_incident,80.0,50.0,0.5,True,0,0.0,0.0
elevenlabs-long_incident-r013,elevenlabs,eleven_flash_v2_5,long_incident,80.0,50.0,0.75,True,0,0.0,0.0
elevenlabs-long_incident-r013,elevenlabs,eleven_flash_v2_5,long_incident,80.0,100.0,0.25,True,0,0.0,0.0
elevenlabs-long_incident-r013,elevenlabs,eleven_flash_v2_5,long_incident,80.0,100.0,0.5,True,0,0.0,0.0
elevenlabs-long_incident-r013,elevenlabs,eleven_flash_v2_5,long_incident,80.0,100.0,0.75,True,0,0.0,0.0
elevenlabs-long_incident-r013,elevenlabs,eleven_flash_v2_5,long_incident,80.0,200.0,0.25,True,0,0.0,0.0
elevenlabs-long_incident-r013,elevenlabs,eleven_flash_v2_5,long_incident,80.0,200.0,0.5,True,0,0.0,0.0
elevenlabs-long_incident-r013,elevenlabs,eleven_flash_v2_5,long_incident,80.0,200.0,0.75,True,0,0.0,0.0
elevenlabs-long_incident-r013,elevenlabs,eleven_flash_v2_5,long_incident,80.0,400.0,0.25,True,0,0.0,0.0
elevenlabs-long_incident-r013,elevenlabs,eleven_flash_v2_5,long_incident,80.0,400.0,0.5,True,0,0.0,0.0
elevenlabs-long_incident-r013,elevenlabs,eleven_flash_v2_5,long_incident,80.0,400.0,0.75,True,0,0.0,0.0
elevenlabs-long_incident-r013,elevenlabs,eleven_flash_v2_5,long_incident,80.0,800.0,0.25,True,0,0.0,0.0
elevenlabs-long_incident-r013,elevenlabs,eleven_flash_v2_5,long_incident,80.0,800.0,0.5,True,0,0.0,0.0
elevenlabs-long_incident-r013,elevenlabs,eleven_flash_v2_5,long_incident,80.0,800.0,0.75,True,0,0.0,0.0
elevenlabs-long_incident-r013,elevenlabs,eleven_flash_v2_5,long_incident,80.0,1200.0,0.25,True,0,0.0,0.0
elevenlabs-long_incident-r013,elevenlabs,eleven_flash_v2_5,long_incident,80.0,1200.0,0.5,True,0,0.0,0.0
elevenlabs-long_incident-r013,elevenlabs,eleven_flash_v2_5,long_incident,80.0,1200.0,0.75,True,0,0.0,0.0
elevenlabs-long_incident-r014,elevenlabs,eleven_flash_v2_5,long_incident,80.0,0.0,0.25,True,0,0.0,0.0
elevenlabs-long_incident-r014,elevenlabs,eleven_flash_v2_5,long_incident,80.0,0.0,0.5,True,0,0.0,0.0
elevenlabs-long_incident-r014,elevenlabs,eleven_flash_v2_5,long_incident,80.0,0.0,0.75,True,0,0.0,0.0
elevenlabs-long_incident-r014,elevenlabs,eleven_flash_v2_5,long_incident,80.0,50.0,0.25,True,0,0.0,0.0
elevenlabs-long_incident-r014,elevenlabs,eleven_flash_v2_5,long_incident,80.0,50.0,0.5,True,0,0.0,0.0
elevenlabs-long_incident-r014,elevenlabs,eleven_flash_v2_5,long_incident,80.0,50.0,0.75,True,0,0.0,0.0
elevenlabs-long_incident-r014,elevenlabs,eleven_flash_v2_5,long_incident,80.0,100.0,0.25,True,0,0.0,0.0
elevenlabs-long_incident-r014,elevenlabs,eleven_flash_v2_5,long_incident,80.0,100.0,0.5,True,0,0.0,0.0
elevenlabs-long_incident-r014,elevenlabs,eleven_flash_v2_5,long_incident,80.0,100.0,0.75,True,0,0.0,0.0
elevenlabs-long_incident-r014,elevenlabs,eleven_flash_v2_5,long_incident,80.0,200.0,0.25,True,0,0.0,0.0
elevenlabs-long_incident-r014,elevenlabs,eleven_flash_v2_5,long_incident,80.0,200.0,0.5,True,0,0.0,0.0
elevenlabs-long_incident-r014,elevenlabs,eleven_flash_v2_5,long_incident,80.0,200.0,0.75,True,0,0.0,0.0
elevenlabs-long_incident-r014,elevenlabs,eleven_flash_v2_5,long_incident,80.0,400.0,0.25,True,0,0.0,0.0
elevenlabs-long_incident-r014,elevenlabs,eleven_flash_v2_5,long_incident,80.0,400.0,0.5,True,0,0.0,0.0
elevenlabs-long_incident-r014,elevenlabs,eleven_flash_v2_5,long_incident,80.0,400.0,0.75,True,0,0.0,0.0
elevenlabs-long_incident-r014,elevenlabs,eleven_flash_v2_5,long_incident,80.0,800.0,0.25,True,0,0.0,0.0
elevenlabs-long_incident-r014,elevenlabs,eleven_flash_v2_5,long_incident,80.0,800.0,0.5,True,0,0.0,0.0
elevenlabs-long_incident-r014,elevenlabs,eleven_flash_v2_5,long_incident,80.0,800.0,0.75,True,0,0.0,0.0
elevenlabs-long_incident-r014,elevenlabs,eleven_flash_v2_5,long_incident,80.0,1200.0,0.25,True,0,0.0,0.0
elevenlabs-long_incident-r014,elevenlabs,eleven_flash_v2_5,long_incident,80.0,1200.0,0.5,True,0,0.0,0.0
elevenlabs-long_incident-r014,elevenlabs,eleven_flash_v2_5,long_incident,80.0,1200.0,0.75,True,0,0.0,0.0
elevenlabs-long_incident-r015,elevenlabs,eleven_flash_v2_5,long_incident,80.0,0.0,0.25,True,0,0.0,0.0
elevenlabs-long_incident-r015,elevenlabs,eleven_flash_v2_5,long_incident,80.0,0.0,0.5,True,0,0.0,0.0
elevenlabs-long_incident-r015,elevenlabs,eleven_flash_v2_5,long_incident,80.0,0.0,0.75,True,0,0.0,0.0
elevenlabs-long_incident-r015,elevenlabs,eleven_flash_v2_5,long_incident,80.0,50.0,0.25,True,0,0.0,0.0
elevenlabs-long_incident-r015,elevenlabs,eleven_flash_v2_5,long_incident,80.0,50.0,0.5,True,0,0.0,0.0
elevenlabs-long_incident-r015,elevenlabs,eleven_flash_v2_5,long_incident,80.0,50.0,0.75,True,0,0.0,0.0
elevenlabs-long_incident-r015,elevenlabs,eleven_flash_v2_5,long_incident,80.0,100.0,0.25,True,0,0.0,0.0
elevenlabs-long_incident-r015,elevenlabs,eleven_flash_v2_5,long_incident,80.0,100.0,0.5,True,0,0.0,0.0
elevenlabs-long_incident-r015,elevenlabs,eleven_flash_v2_5,long_incident,80.0,100.0,0.75,True,0,0.0,0.0
elevenlabs-long_incident-r015,elevenlabs,eleven_flash_v2_5,long_incident,80.0,200.0,0.25,True,0,0.0,0.0
elevenlabs-long_incident-r015,elevenlabs,eleven_flash_v2_5,long_incident,80.0,200.0,0.5,True,0,0.0,0.0
elevenlabs-long_incident-r015,elevenlabs,eleven_flash_v2_5,long_incident,80.0,200.0,0.75,True,0,0.0,0.0
elevenlabs-long_incident-r015,elevenlabs,eleven_flash_v2_5,long_incident,80.0,400.0,0.25,True,0,0.0,0.0
elevenlabs-long_incident-r015,elevenlabs,eleven_flash_v2_5,long_incident,80.0,400.0,0.5,True,0,0.0,0.0
elevenlabs-long_incident-r015,elevenlabs,eleven_flash_v2_5,long_incident,80.0,400.0,0.75,True,0,0.0,0.0
elevenlabs-long_incident-r015,elevenlabs,eleven_flash_v2_5,long_incident,80.0,800.0,0.25,True,0,0.0,0.0
elevenlabs-long_incident-r015,elevenlabs,eleven_flash_v2_5,long_incident,80.0,800.0,0.5,True,0,0.0,0.0
elevenlabs-long_incident-r015,elevenlabs,eleven_flash_v2_5,long_incident,80.0,800.0,0.75,True,0,0.0,0.0
elevenlabs-long_incident-r015,elevenlabs,eleven_flash_v2_5,long_incident,80.0,1200.0,0.25,True,0,0.0,0.0
elevenlabs-long_incident-r015,elevenlabs,eleven_flash_v2_5,long_incident,80.0,1200.0,0.5,True,0,0.0,0.0
elevenlabs-long_incident-r015,elevenlabs,eleven_flash_v2_5,long_incident,80.0,1200.0,0.75,True,0,0.0,0.0
elevenlabs-long_incident-r016,elevenlabs,eleven_flash_v2_5,long_incident,80.0,0.0,0.25,True,0,0.0,0.0
elevenlabs-long_incident-r016,elevenlabs,eleven_flash_v2_5,long_incident,80.0,0.0,0.5,True,0,0.0,0.0
elevenlabs-long_incident-r016,elevenlabs,eleven_flash_v2_5,long_incident,80.0,0.0,0.75,True,0,0.0,0.0
elevenlabs-long_incident-r016,elevenlabs,eleven_flash_v2_5,long_incident,80.0,50.0,0.25,True,0,0.0,0.0
elevenlabs-long_incident-r016,elevenlabs,eleven_flash_v2_5,long_incident,80.0,50.0,0.5,True,0,0.0,0.0
elevenlabs-long_incident-r016,elevenlabs,eleven_flash_v2_5,long_incident,80.0,50.0,0.75,True,0,0.0,0.0
elevenlabs-long_incident-r016,elevenlabs,eleven_flash_v2_5,long_incident,80.0,100.0,0.25,True,0,0.0,0.0
elevenlabs-long_incident-r016,elevenlabs,eleven_flash_v2_5,long_incident,80.0,100.0,0.5,True,0,0.0,0.0
elevenlabs-long_incident-r016,elevenlabs,eleven_flash_v2_5,long_incident,80.0,100.0,0.75,True,0,0.0,0.0
elevenlabs-long_incident-r016,elevenlabs,eleven_flash_v2_5,long_incident,80.0,200.0,0.25,True,0,0.0,0.0
elevenlabs-long_incident-r016,elevenlabs,eleven_flash_v2_5,long_incident,80.0,200.0,0.5,True,0,0.0,0.0
elevenlabs-long_incident-r016,elevenlabs,eleven_flash_v2_5,long_incident,80.0,200.0,0.75,True,0,0.0,0.0
elevenlabs-long_incident-r016,elevenlabs,eleven_flash_v2_5,long_incident,80.0,400.0,0.25,True,0,0.0,0.0
elevenlabs-long_incident-r016,elevenlabs,eleven_flash_v2_5,long_incident,80.0,400.0,0.5,True,0,0.0,0.0
elevenlabs-long_incident-r016,elevenlabs,eleven_flash_v2_5,long_incident,80.0,400.0,0.75,True,0,0.0,0.0
elevenlabs-long_incident-r016,elevenlabs,eleven_flash_v2_5,long_incident,80.0,800.0,0.25,True,0,0.0,0.0
elevenlabs-long_incident-r016,elevenlabs,eleven_flash_v2_5,long_incident,80.0,800.0,0.5,True,0,0.0,0.0
elevenlabs-long_incident-r016,elevenlabs,eleven_flash_v2_5,long_incident,80.0,800.0,0.75,True,0,0.0,0.0
elevenlabs-long_incident-r016,elevenlabs,eleven_flash_v2_5,long_incident,80.0,1200.0,0.25,True,0,0.0,0.0
elevenlabs-long_incident-r016,elevenlabs,eleven_flash_v2_5,long_incident,80.0,1200.0,0.5,True,0,0.0,0.0
elevenlabs-long_incident-r016,elevenlabs,eleven_flash_v2_5,long_incident,80.0,1200.0,0.75,True,0,0.0,0.0
elevenlabs-long_incident-r017,elevenlabs,eleven_flash_v2_5,long_incident,80.0,0.0,0.25,True,0,0.0,0.0
elevenlabs-long_incident-r017,elevenlabs,eleven_flash_v2_5,long_incident,80.0,0.0,0.5,True,0,0.0,0.0
elevenlabs-long_incident-r017,elevenlabs,eleven_flash_v2_5,long_incident,80.0,0.0,0.75,True,0,0.0,0.0
elevenlabs-long_incident-r017,elevenlabs,eleven_flash_v2_5,long_incident,80.0,50.0,0.25,True,0,0.0,0.0
elevenlabs-long_incident-r017,elevenlabs,eleven_flash_v2_5,long_incident,80.0,50.0,0.5,True,0,0.0,0.0
elevenlabs-long_incident-r017,elevenlabs,eleven_flash_v2_5,long_incident,80.0,50.0,0.75,True,0,0.0,0.0
elevenlabs-long_incident-r017,elevenlabs,eleven_flash_v2_5,long_incident,80.0,100.0,0.25,True,0,0.0,0.0
elevenlabs-long_incident-r017,elevenlabs,eleven_flash_v2_5,long_incident,80.0,100.0,0.5,True,0,0.0,0.0
elevenlabs-long_incident-r017,elevenlabs,eleven_flash_v2_5,long_incident,80.0,100.0,0.75,True,0,0.0,0.0
elevenlabs-long_incident-r017,elevenlabs,eleven_flash_v2_5,long_incident,80.0,200.0,0.25,True,0,0.0,0.0
elevenlabs-long_incident-r017,elevenlabs,eleven_flash_v2_5,long_incident,80.0,200.0,0.5,True,0,0.0,0.0
elevenlabs-long_incident-r017,elevenlabs,eleven_flash_v2_5,long_incident,80.0,200.0,0.75,True,0,0.0,0.0
elevenlabs-long_incident-r017,elevenlabs,eleven_flash_v2_5,long_incident,80.0,400.0,0.25,True,0,0.0,0.0
elevenlabs-long_incident-r017,elevenlabs,eleven_flash_v2_5,long_incident,80.0,400.0,0.5,True,0,0.0,0.0
elevenlabs-long_incident-r017,elevenlabs,eleven_flash_v2_5,long_incident,80.0,400.0,0.75,True,0,0.0,0.0
elevenlabs-long_incident-r017,elevenlabs,eleven_flash_v2_5,long_incident,80.0,800.0,0.25,True,0,0.0,0.0
elevenlabs-long_incident-r017,elevenlabs,eleven_flash_v2_5,long_incident,80.0,800.0,0.5,True,0,0.0,0.0
elevenlabs-long_incident-r017,elevenlabs,eleven_flash_v2_5,long_incident,80.0,800.0,0.75,True,0,0.0,0.0
elevenlabs-long_incident-r017,elevenlabs,eleven_flash_v2_5,long_incident,80.0,1200.0,0.25,True,0,0.0,0.0
elevenlabs-long_incident-r017,elevenlabs,eleven_flash_v2_5,long_incident,80.0,1200.0,0.5,True,0,0.0,0.0
elevenlabs-long_incident-r017,elevenlabs,eleven_flash_v2_5,long_incident,80.0,1200.0,0.75,True,0,0.0,0.0
elevenlabs-long_incident-r018,elevenlabs,eleven_flash_v2_5,long_incident,80.0,0.0,0.25,True,0,0.0,0.0
elevenlabs-long_incident-r018,elevenlabs,eleven_flash_v2_5,long_incident,80.0,0.0,0.5,True,0,0.0,0.0
elevenlabs-long_incident-r018,elevenlabs,eleven_flash_v2_5,long_incident,80.0,0.0,0.75,True,0,0.0,0.0
elevenlabs-long_incident-r018,elevenlabs,eleven_flash_v2_5,long_incident,80.0,50.0,0.25,True,0,0.0,0.0
elevenlabs-long_incident-r018,elevenlabs,eleven_flash_v2_5,long_incident,80.0,50.0,0.5,True,0,0.0,0.0
elevenlabs-long_incident-r018,elevenlabs,eleven_flash_v2_5,long_incident,80.0,50.0,0.75,True,0,0.0,0.0
elevenlabs-long_incident-r018,elevenlabs,eleven_flash_v2_5,long_incident,80.0,100.0,0.25,True,0,0.0,0.0
elevenlabs-long_incident-r018,elevenlabs,eleven_flash_v2_5,long_incident,80.0,100.0,0.5,True,0,0.0,0.0
elevenlabs-long_incident-r018,elevenlabs,eleven_flash_v2_5,long_incident,80.0,100.0,0.75,True,0,0.0,0.0
elevenlabs-long_incident-r018,elevenlabs,eleven_flash_v2_5,long_incident,80.0,200.0,0.25,True,0,0.0,0.0
elevenlabs-long_incident-r018,elevenlabs,eleven_flash_v2_5,long_incident,80.0,200.0,0.5,True,0,0.0,0.0
elevenlabs-long_incident-r018,elevenlabs,eleven_flash_v2_5,long_incident,80.0,200.0,0.75,True,0,0.0,0.0
elevenlabs-long_incident-r018,elevenlabs,eleven_flash_v2_5,long_incident,80.0,400.0,0.25,True,0,0.0,0.0
elevenlabs-long_incident-r018,elevenlabs,eleven_flash_v2_5,long_incident,80.0,400.0,0.5,True,0,0.0,0.0
elevenlabs-long_incident-r018,elevenlabs,eleven_flash_v2_5,long_incident,80.0,400.0,0.75,True,0,0.0,0.0
elevenlabs-long_incident-r018,elevenlabs,eleven_flash_v2_5,long_incident,80.0,800.0,0.25,True,0,0.0,0.0
elevenlabs-long_incident-r018,elevenlabs,eleven_flash_v2_5,long_incident,80.0,800.0,0.5,True,0,0.0,0.0
elevenlabs-long_incident-r018,elevenlabs,eleven_flash_v2_5,long_incident,80.0,800.0,0.75,True,0,0.0,0.0
elevenlabs-long_incident-r018,elevenlabs,eleven_flash_v2_5,long_incident,80.0,1200.0,0.25,True,0,0.0,0.0
elevenlabs-long_incident-r018,elevenlabs,eleven_flash_v2_5,long_incident,80.0,1200.0,0.5,True,0,0.0,0.0
elevenlabs-long_incident-r018,elevenlabs,eleven_flash_v2_5,long_incident,80.0,1200.0,0.75,True,0,0.0,0.0
elevenlabs-long_incident-r019,elevenlabs,eleven_flash_v2_5,long_incident,80.0,0.0,0.25,True,0,0.0,0.0
elevenlabs-long_incident-r019,elevenlabs,eleven_flash_v2_5,long_incident,80.0,0.0,0.5,True,0,0.0,0.0
elevenlabs-long_incident-r019,elevenlabs,eleven_flash_v2_5,long_incident,80.0,0.0,0.75,True,0,0.0,0.0
elevenlabs-long_incident-r019,elevenlabs,eleven_flash_v2_5,long_incident,80.0,50.0,0.25,True,0,0.0,0.0
elevenlabs-long_incident-r019,elevenlabs,eleven_flash_v2_5,long_incident,80.0,50.0,0.5,True,0,0.0,0.0
elevenlabs-long_incident-r019,elevenlabs,eleven_flash_v2_5,long_incident,80.0,50.0,0.75,True,0,0.0,0.0
elevenlabs-long_incident-r019,elevenlabs,eleven_flash_v2_5,long_incident,80.0,100.0,0.25,True,0,0.0,0.0
elevenlabs-long_incident-r019,elevenlabs,eleven_flash_v2_5,long_incident,80.0,100.0,0.5,True,0,0.0,0.0
elevenlabs-long_incident-r019,elevenlabs,eleven_flash_v2_5,long_incident,80.0,100.0,0.75,True,0,0.0,0.0
elevenlabs-long_incident-r019,elevenlabs,eleven_flash_v2_5,long_incident,80.0,200.0,0.25,True,0,0.0,0.0
elevenlabs-long_incident-r019,elevenlabs,eleven_flash_v2_5,long_incident,80.0,200.0,0.5,True,0,0.0,0.0
elevenlabs-long_incident-r019,elevenlabs,eleven_flash_v2_5,long_incident,80.0,200.0,0.75,True,0,0.0,0.0
elevenlabs-long_incident-r019,elevenlabs,eleven_flash_v2_5,long_incident,80.0,400.0,0.25,True,0,0.0,0.0
elevenlabs-long_incident-r019,elevenlabs,eleven_flash_v2_5,long_incident,80.0,400.0,0.5,True,0,0.0,0.0
elevenlabs-long_incident-r019,elevenlabs,eleven_flash_v2_5,long_incident,80.0,400.0,0.75,True,0,0.0,0.0
elevenlabs-long_incident-r019,elevenlabs,eleven_flash_v2_5,long_incident,80.0,800.0,0.25,True,0,0.0,0.0
elevenlabs-long_incident-r019,elevenlabs,eleven_flash_v2_5,long_incident,80.0,800.0,0.5,True,0,0.0,0.0
elevenlabs-long_incident-r019,elevenlabs,eleven_flash_v2_5,long_incident,80.0,800.0,0.75,True,0,0.0,0.0
elevenlabs-long_incident-r019,elevenlabs,eleven_flash_v2_5,long_incident,80.0,1200.0,0.25,True,0,0.0,0.0
elevenlabs-long_incident-r019,elevenlabs,eleven_flash_v2_5,long_incident,80.0,1200.0,0.5,True,0,0.0,0.0
elevenlabs-long_incident-r019,elevenlabs,eleven_flash_v2_5,long_incident,80.0,1200.0,0.75,True,0,0.0,0.0
elevenlabs-long_itinerary-r000,elevenlabs,eleven_flash_v2_5,long_itinerary,80.0,0.0,0.25,True,0,0.0,0.0
elevenlabs-long_itinerary-r000,elevenlabs,eleven_flash_v2_5,long_itinerary,80.0,0.0,0.5,True,0,0.0,0.0
elevenlabs-long_itinerary-r000,elevenlabs,eleven_flash_v2_5,long_itinerary,80.0,0.0,0.75,True,0,0.0,0.0
elevenlabs-long_itinerary-r000,elevenlabs,eleven_flash_v2_5,long_itinerary,80.0,50.0,0.25,True,0,0.0,0.0
elevenlabs-long_itinerary-r000,elevenlabs,eleven_flash_v2_5,long_itinerary,80.0,50.0,0.5,True,0,0.0,0.0
elevenlabs-long_itinerary-r000,elevenlabs,eleven_flash_v2_5,long_itinerary,80.0,50.0,0.75,True,0,0.0,0.0
elevenlabs-long_itinerary-r000,elevenlabs,eleven_flash_v2_5,long_itinerary,80.0,100.0,0.25,True,0,0.0,0.0
elevenlabs-long_itinerary-r000,elevenlabs,eleven_flash_v2_5,long_itinerary,80.0,100.0,0.5,True,0,0.0,0.0
elevenlabs-long_itinerary-r000,elevenlabs,eleven_flash_v2_5,long_itinerary,80.0,100.0,0.75,True,0,0.0,0.0
elevenlabs-long_itinerary-r000,elevenlabs,eleven_flash_v2_5,long_itinerary,80.0,200.0,0.25,True,0,0.0,0.0
elevenlabs-long_itinerary-r000,elevenlabs,eleven_flash_v2_5,long_itinerary,80.0,200.0,0.5,True,0,0.0,0.0
elevenlabs-long_itinerary-r000,elevenlabs,eleven_flash_v2_5,long_itinerary,80.0,200.0,0.75,True,0,0.0,0.0
elevenlabs-long_itinerary-r000,elevenlabs,eleven_flash_v2_5,long_itinerary,80.0,400.0,0.25,True,0,0.0,0.0
elevenlabs-long_itinerary-r000,elevenlabs,eleven_flash_v2_5,long_itinerary,80.0,400.0,0.5,True,0,0.0,0.0
elevenlabs-long_itinerary-r000,elevenlabs,eleven_flash_v2_5,long_itinerary,80.0,400.0,0.75,True,0,0.0,0.0
elevenlabs-long_itinerary-r000,elevenlabs,eleven_flash_v2_5,long_itinerary,80.0,800.0,0.25,True,0,0.0,0.0
elevenlabs-long_itinerary-r000,elevenlabs,eleven_flash_v2_5,long_itinerary,80.0,800.0,0.5,True,0,0.0,0.0
elevenlabs-long_itinerary-r000,elevenlabs,eleven_flash_v2_5,long_itinerary,80.0,800.0,0.75,True,0,0.0,0.0
elevenlabs-long_itinerary-r000,elevenlabs,eleven_flash_v2_5,long_itinerary,80.0,1200.0,0.25,True,0,0.0,0.0
elevenlabs-long_itinerary-r000,elevenlabs,eleven_flash_v2_5,long_itinerary,80.0,1200.0,0.5,True,0,0.0,0.0
elevenlabs-long_itinerary-r000,elevenlabs,eleven_flash_v2_5,long_itinerary,80.0,1200.0,0.75,True,0,0.0,0.0
elevenlabs-long_itinerary-r001,elevenlabs,eleven_flash_v2_5,long_itinerary,80.0,0.0,0.25,True,0,0.0,0.0
elevenlabs-long_itinerary-r001,elevenlabs,eleven_flash_v2_5,long_itinerary,80.0,0.0,0.5,True,0,0.0,0.0
elevenlabs-long_itinerary-r001,elevenlabs,eleven_flash_v2_5,long_itinerary,80.0,0.0,0.75,True,0,0.0,0.0
elevenlabs-long_itinerary-r001,elevenlabs,eleven_flash_v2_5,long_itinerary,80.0,50.0,0.25,True,0,0.0,0.0
elevenlabs-long_itinerary-r001,elevenlabs,eleven_flash_v2_5,long_itinerary,80.0,50.0,0.5,True,0,0.0,0.0
elevenlabs-long_itinerary-r001,elevenlabs,eleven_flash_v2_5,long_itinerary,80.0,50.0,0.75,True,0,0.0,0.0
elevenlabs-long_itinerary-r001,elevenlabs,eleven_flash_v2_5,long_itinerary,80.0,100.0,0.25,True,0,0.0,0.0
elevenlabs-long_itinerary-r001,elevenlabs,eleven_flash_v2_5,long_itinerary,80.0,100.0,0.5,True,0,0.0,0.0
elevenlabs-long_itinerary-r001,elevenlabs,eleven_flash_v2_5,long_itinerary,80.0,100.0,0.75,True,0,0.0,0.0
elevenlabs-long_itinerary-r001,elevenlabs,eleven_flash_v2_5,long_itinerary,80.0,200.0,0.25,True,0,0.0,0.0
elevenlabs-long_itinerary-r001,elevenlabs,eleven_flash_v2_5,long_itinerary,80.0,200.0,0.5,True,0,0.0,0.0
elevenlabs-long_itinerary-r001,elevenlabs,eleven_flash_v2_5,long_itinerary,80.0,200.0,0.75,True,0,0.0,0.0
elevenlabs-long_itinerary-r001,elevenlabs,eleven_flash_v2_5,long_itinerary,80.0,400.0,0.25,True,0,0.0,0.0
elevenlabs-long_itinerary-r001,elevenlabs,eleven_flash_v2_5,long_itinerary,80.0,400.0,0.5,True,0,0.0,0.0
elevenlabs-long_itinerary-r001,elevenlabs,eleven_flash_v2_5,long_itinerary,80.0,400.0,0.75,True,0,0.0,0.0
elevenlabs-long_itinerary-r001,elevenlabs,eleven_flash_v2_5,long_itinerary,80.0,800.0,0.25,True,0,0.0,0.0
elevenlabs-long_itinerary-r001,elevenlabs,eleven_flash_v2_5,long_itinerary,80.0,800.0,0.5,True,0,0.0,0.0
elevenlabs-long_itinerary-r001,elevenlabs,eleven_flash_v2_5,long_itinerary,80.0,800.0,0.75,True,0,0.0,0.0
elevenlabs-long_itinerary-r001,elevenlabs,eleven_flash_v2_5,long_itinerary,80.0,1200.0,0.25,True,0,0.0,0.0
elevenlabs-long_itinerary-r001,elevenlabs,eleven_flash_v2_5,long_itinerary,80.0,1200.0,0.5,True,0,0.0,0.0
elevenlabs-long_itinerary-r001,elevenlabs,eleven_flash_v2_5,long_itinerary,80.0,1200.0,0.75,True,0,0.0,0.0
elevenlabs-long_itinerary-r002,elevenlabs,eleven_flash_v2_5,long_itinerary,80.0,0.0,0.25,True,0,0.0,0.0
elevenlabs-long_itinerary-r002,elevenlabs,eleven_flash_v2_5,long_itinerary,80.0,0.0,0.5,True,0,0.0,0.0
elevenlabs-long_itinerary-r002,elevenlabs,eleven_flash_v2_5,long_itinerary,80.0,0.0,0.75,True,0,0.0,0.0
elevenlabs-long_itinerary-r002,elevenlabs,eleven_flash_v2_5,long_itinerary,80.0,50.0,0.25,True,0,0.0,0.0
elevenlabs-long_itinerary-r002,elevenlabs,eleven_flash_v2_5,long_itinerary,80.0,50.0,0.5,True,0,0.0,0.0
elevenlabs-long_itinerary-r002,elevenlabs,eleven_flash_v2_5,long_itinerary,80.0,50.0,0.75,True,0,0.0,0.0
elevenlabs-long_itinerary-r002,elevenlabs,eleven_flash_v2_5,long_itinerary,80.0,100.0,0.25,True,0,0.0,0.0
elevenlabs-long_itinerary-r002,elevenlabs,eleven_flash_v2_5,long_itinerary,80.0,100.0,0.5,True,0,0.0,0.0
elevenlabs-long_itinerary-r002,elevenlabs,eleven_flash_v2_5,long_itinerary,80.0,100.0,0.75,True,0,0.0,0.0
elevenlabs-long_itinerary-r002,elevenlabs,eleven_flash_v2_5,long_itinerary,80.0,200.0,0.25,True,0,0.0,0.0
elevenlabs-long_itinerary-r002,elevenlabs,eleven_flash_v2_5,long_itinerary,80.0,200.0,0.5,True,0,0.0,0.0
elevenlabs-long_itinerary-r002,elevenlabs,eleven_flash_v2_5,long_itinerary,80.0,200.0,0.75,True,0,0.0,0.0
elevenlabs-long_itinerary-r002,elevenlabs,eleven_flash_v2_5,long_itinerary,80.0,400.0,0.25,True,0,0.0,0.0
elevenlabs-long_itinerary-r002,elevenlabs,eleven_flash_v2_5,long_itinerary,80.0,400.0,0.5,True,0,0.0,0.0
elevenlabs-long_itinerary-r002,elevenlabs,eleven_flash_v2_5,long_itinerary,80.0,400.0,0.75,True,0,0.0,0.0
elevenlabs-long_itinerary-r002,elevenlabs,eleven_flash_v2_5,long_itinerary,80.0,800.0,0.25,True,0,0.0,0.0
elevenlabs-long_itinerary-r002,elevenlabs,eleven_flash_v2_5,long_itinerary,80.0,800.0,0.5,True,0,0.0,0.0
elevenlabs-long_itinerary-r002,elevenlabs,eleven_flash_v2_5,long_itinerary,80.0,800.0,0.75,True,0,0.0,0.0
elevenlabs-long_itinerary-r002,elevenlabs,eleven_flash_v2_5,long_itinerary,80.0,1200.0,0.25,True,0,0.0,0.0
elevenlabs-long_itinerary-r002,elevenlabs,eleven_flash_v2_5,long_itinerary,80.0,1200.0,0.5,True,0,0.0,0.0
elevenlabs-long_itinerary-r002,elevenlabs,eleven_flash_v2_5,long_itinerary,80.0,1200.0,0.75,True,0,0.0,0.0
elevenlabs-long_itinerary-r003,elevenlabs,eleven_flash_v2_5,long_itinerary,80.0,0.0,0.25,True,0,0.0,0.0
elevenlabs-long_itinerary-r003,elevenlabs,eleven_flash_v2_5,long_itinerary,80.0,0.0,0.5,True,0,0.0,0.0
elevenlabs-long_itinerary-r003,elevenlabs,eleven_flash_v2_5,long_itinerary,80.0,0.0,0.75,True,0,0.0,0.0
elevenlabs-long_itinerary-r003,elevenlabs,eleven_flash_v2_5,long_itinerary,80.0,50.0,0.25,True,0,0.0,0.0
elevenlabs-long_itinerary-r003,elevenlabs,eleven_flash_v2_5,long_itinerary,80.0,50.0,0.5,True,0,0.0,0.0
elevenlabs-long_itinerary-r003,elevenlabs,eleven_flash_v2_5,long_itinerary,80.0,50.0,0.75,True,0,0.0,0.0
elevenlabs-long_itinerary-r003,elevenlabs,eleven_flash_v2_5,long_itinerary,80.0,100.0,0.25,True,0,0.0,0.0
elevenlabs-long_itinerary-r003,elevenlabs,eleven_flash_v2_5,long_itinerary,80.0,100.0,0.5,True,0,0.0,0.0
elevenlabs-long_itinerary-r003,elevenlabs,eleven_flash_v2_5,long_itinerary,80.0,100.0,0.75,True,0,0.0,0.0
elevenlabs-long_itinerary-r003,elevenlabs,eleven_flash_v2_5,long_itinerary,80.0,200.0,0.25,True,0,0.0,0.0
elevenlabs-long_itinerary-r003,elevenlabs,eleven_flash_v2_5,long_itinerary,80.0,200.0,0.5,True,0,0.0,0.0
elevenlabs-long_itinerary-r003,elevenlabs,eleven_flash_v2_5,long_itinerary,80.0,200.0,0.75,True,0,0.0,0.0
elevenlabs-long_itinerary-r003,elevenlabs,eleven_flash_v2_5,long_itinerary,80.0,400.0,0.25,True,0,0.0,0.0
elevenlabs-long_itinerary-r003,elevenlabs,eleven_flash_v2_5,long_itinerary,80.0,400.0,0.5,True,0,0.0,0.0
elevenlabs-long_itinerary-r003,elevenlabs,eleven_flash_v2_5,long_itinerary,80.0,400.0,0.75,True,0,0.0,0.0
elevenlabs-long_itinerary-r003,elevenlabs,eleven_flash_v2_5,long_itinerary,80.0,800.0,0.25,True,0,0.0,0.0
elevenlabs-long_itinerary-r003,elevenlabs,eleven_flash_v2_5,long_itinerary,80.0,800.0,0.5,True,0,0.0,0.0
elevenlabs-long_itinerary-r003,elevenlabs,eleven_flash_v2_5,long_itinerary,80.0,800.0,0.75,True,0,0.0,0.0
elevenlabs-long_itinerary-r003,elevenlabs,eleven_flash_v2_5,long_itinerary,80.0,1200.0,0.25,True,0,0.0,0.0
elevenlabs-long_itinerary-r003,elevenlabs,eleven_flash_v2_5,long_itinerary,80.0,1200.0,0.5,True,0,0.0,0.0
elevenlabs-long_itinerary-r003,elevenlabs,eleven_flash_v2_5,long_itinerary,80.0,1200.0,0.75,True,0,0.0,0.0
elevenlabs-long_itinerary-r004,elevenlabs,eleven_flash_v2_5,long_itinerary,80.0,0.0,0.25,True,0,0.0,0.0
elevenlabs-long_itinerary-r004,elevenlabs,eleven_flash_v2_5,long_itinerary,80.0,0.0,0.5,True,0,0.0,0.0
elevenlabs-long_itinerary-r004,elevenlabs,eleven_flash_v2_5,long_itinerary,80.0,0.0,0.75,True,0,0.0,0.0
elevenlabs-long_itinerary-r004,elevenlabs,eleven_flash_v2_5,long_itinerary,80.0,50.0,0.25,True,0,0.0,0.0
elevenlabs-long_itinerary-r004,elevenlabs,eleven_flash_v2_5,long_itinerary,80.0,50.0,0.5,True,0,0.0,0.0
elevenlabs-long_itinerary-r004,elevenlabs,eleven_flash_v2_5,long_itinerary,80.0,50.0,0.75,True,0,0.0,0.0
elevenlabs-long_itinerary-r004,elevenlabs,eleven_flash_v2_5,long_itinerary,80.0,100.0,0.25,True,0,0.0,0.0
elevenlabs-long_itinerary-r004,elevenlabs,eleven_flash_v2_5,long_itinerary,80.0,100.0,0.5,True,0,0.0,0.0
elevenlabs-long_itinerary-r004,elevenlabs,eleven_flash_v2_5,long_itinerary,80.0,100.0,0.75,True,0,0.0,0.0
elevenlabs-long_itinerary-r004,elevenlabs,eleven_flash_v2_5,long_itinerary,80.0,200.0,0.25,True,0,0.0,0.0
elevenlabs-long_itinerary-r004,elevenlabs,eleven_flash_v2_5,long_itinerary,80.0,200.0,0.5,True,0,0.0,0.0
elevenlabs-long_itinerary-r004,elevenlabs,eleven_flash_v2_5,long_itinerary,80.0,200.0,0.75,True,0,0.0,0.0
elevenlabs-long_itinerary-r004,elevenlabs,eleven_flash_v2_5,long_itinerary,80.0,400.0,0.25,True,0,0.0,0.0
elevenlabs-long_itinerary-r004,elevenlabs,eleven_flash_v2_5,long_itinerary,80.0,400.0,0.5,True,0,0.0,0.0
elevenlabs-long_itinerary-r004,elevenlabs,eleven_flash_v2_5,long_itinerary,80.0,400.0,0.75,True,0,0.0,0.0
elevenlabs-long_itinerary-r004,elevenlabs,eleven_flash_v2_5,long_itinerary,80.0,800.0,0.25,True,0,0.0,0.0
elevenlabs-long_itinerary-r004,elevenlabs,eleven_flash_v2_5,long_itinerary,80.0,800.0,0.5,True,0,0.0,0.0
elevenlabs-long_itinerary-r004,elevenlabs,eleven_flash_v2_5,long_itinerary,80.0,800.0,0.75,True,0,0.0,0.0
elevenlabs-long_itinerary-r004,elevenlabs,eleven_flash_v2_5,long_itinerary,80.0,1200.0,0.25,True,0,0.0,0.0
elevenlabs-long_itinerary-r004,elevenlabs,eleven_flash_v2_5,long_itinerary,80.0,1200.0,0.5,True,0,0.0,0.0
elevenlabs-long_itinerary-r004,elevenlabs,eleven_flash_v2_5,long_itinerary,80.0,1200.0,0.75,True,0,0.0,0.0
elevenlabs-long_itinerary-r005,elevenlabs,eleven_flash_v2_5,long_itinerary,80.0,0.0,0.25,True,0,0.0,0.0
elevenlabs-long_itinerary-r005,elevenlabs,eleven_flash_v2_5,long_itinerary,80.0,0.0,0.5,True,0,0.0,0.0
elevenlabs-long_itinerary-r005,elevenlabs,eleven_flash_v2_5,long_itinerary,80.0,0.0,0.75,True,0,0.0,0.0
elevenlabs-long_itinerary-r005,elevenlabs,eleven_flash_v2_5,long_itinerary,80.0,50.0,0.25,True,0,0.0,0.0
elevenlabs-long_itinerary-r005,elevenlabs,eleven_flash_v2_5,long_itinerary,80.0,50.0,0.5,True,0,0.0,0.0
elevenlabs-long_itinerary-r005,elevenlabs,eleven_flash_v2_5,long_itinerary,80.0,50.0,0.75,True,0,0.0,0.0
elevenlabs-long_itinerary-r005,elevenlabs,eleven_flash_v2_5,long_itinerary,80.0,100.0,0.25,True,0,0.0,0.0
elevenlabs-long_itinerary-r005,elevenlabs,eleven_flash_v2_5,long_itinerary,80.0,100.0,0.5,True,0,0.0,0.0
elevenlabs-long_itinerary-r005,elevenlabs,eleven_flash_v2_5,long_itinerary,80.0,100.0,0.75,True,0,0.0,0.0
elevenlabs-long_itinerary-r005,elevenlabs,eleven_flash_v2_5,long_itinerary,80.0,200.0,0.25,True,0,0.0,0.0
elevenlabs-long_itinerary-r005,elevenlabs,eleven_flash_v2_5,long_itinerary,80.0,200.0,0.5,True,0,0.0,0.0
elevenlabs-long_itinerary-r005,elevenlabs,eleven_flash_v2_5,long_itinerary,80.0,200.0,0.75,True,0,0.0,0.0
elevenlabs-long_itinerary-r005,elevenlabs,eleven_flash_v2_5,long_itinerary,80.0,400.0,0.25,True,0,0.0,0.0
elevenlabs-long_itinerary-r005,elevenlabs,eleven_flash_v2_5,long_itinerary,80.0,400.0,0.5,True,0,0.0,0.0
elevenlabs-long_itinerary-r005,elevenlabs,eleven_flash_v2_5,long_itinerary,80.0,400.0,0.75,True,0,0.0,0.0
elevenlabs-long_itinerary-r005,elevenlabs,eleven_flash_v2_5,long_itinerary,80.0,800.0,0.25,True,0,0.0,0.0
elevenlabs-long_itinerary-r005,elevenlabs,eleven_flash_v2_5,long_itinerary,80.0,800.0,0.5,True,0,0.0,0.0
elevenlabs-long_itinerary-r005,elevenlabs,eleven_flash_v2_5,long_itinerary,80.0,800.0,0.75,True,0,0.0,0.0
elevenlabs-long_itinerary-r005,elevenlabs,eleven_flash_v2_5,long_itinerary,80.0,1200.0,0.25,True,0,0.0,0.0
elevenlabs-long_itinerary-r005,elevenlabs,eleven_flash_v2_5,long_itinerary,80.0,1200.0,0.5,True,0,0.0,0.0
elevenlabs-long_itinerary-r005,elevenlabs,eleven_flash_v2_5,long_itinerary,80.0,1200.0,0.75,True,0,0.0,0.0
elevenlabs-long_itinerary-r006,elevenlabs,eleven_flash_v2_5,long_itinerary,80.0,0.0,0.25,True,0,0.0,0.0
elevenlabs-long_itinerary-r006,elevenlabs,eleven_flash_v2_5,long_itinerary,80.0,0.0,0.5,True,0,0.0,0.0
elevenlabs-long_itinerary-r006,elevenlabs,eleven_flash_v2_5,long_itinerary,80.0,0.0,0.75,True,0,0.0,0.0
elevenlabs-long_itinerary-r006,elevenlabs,eleven_flash_v2_5,long_itinerary,80.0,50.0,0.25,True,0,0.0,0.0
elevenlabs-long_itinerary-r006,elevenlabs,eleven_flash_v2_5,long_itinerary,80.0,50.0,0.5,True,0,0.0,0.0
elevenlabs-long_itinerary-r006,elevenlabs,eleven_flash_v2_5,long_itinerary,80.0,50.0,0.75,True,0,0.0,0.0
elevenlabs-long_itinerary-r006,elevenlabs,eleven_flash_v2_5,long_itinerary,80.0,100.0,0.25,True,0,0.0,0.0
elevenlabs-long_itinerary-r006,elevenlabs,eleven_flash_v2_5,long_itinerary,80.0,100.0,0.5,True,0,0.0,0.0
elevenlabs-long_itinerary-r006,elevenlabs,eleven_flash_v2_5,long_itinerary,80.0,100.0,0.75,True,0,0.0,0.0
elevenlabs-long_itinerary-r006,elevenlabs,eleven_flash_v2_5,long_itinerary,80.0,200.0,0.25,True,0,0.0,0.0
elevenlabs-long_itinerary-r006,elevenlabs,eleven_flash_v2_5,long_itinerary,80.0,200.0,0.5,True,0,0.0,0.0
elevenlabs-long_itinerary-r006,elevenlabs,eleven_flash_v2_5,long_itinerary,80.0,200.0,0.75,True,0,0.0,0.0
elevenlabs-long_itinerary-r006,elevenlabs,eleven_flash_v2_5,long_itinerary,80.0,400.0,0.25,True,0,0.0,0.0
elevenlabs-long_itinerary-r006,elevenlabs,eleven_flash_v2_5,long_itinerary,80.0,400.0,0.5,True,0,0.0,0.0
elevenlabs-long_itinerary-r006,elevenlabs,eleven_flash_v2_5,long_itinerary,80.0,400.0,0.75,True,0,0.0,0.0
elevenlabs-long_itinerary-r006,elevenlabs,eleven_flash_v2_5,long_itinerary,80.0,800.0,0.25,True,0,0.0,0.0
elevenlabs-long_itinerary-r006,elevenlabs,eleven_flash_v2_5,long_itinerary,80.0,800.0,0.5,True,0,0.0,0.0
elevenlabs-long_itinerary-r006,elevenlabs,eleven_flash_v2_5,long_itinerary,80.0,800.0,0.75,True,0,0.0,0.0
elevenlabs-long_itinerary-r006,elevenlabs,eleven_flash_v2_5,long_itinerary,80.0,1200.0,0.25,True,0,0.0,0.0
elevenlabs-long_itinerary-r006,elevenlabs,eleven_flash_v2_5,long_itinerary,80.0,1200.0,0.5,True,0,0.0,0.0
elevenlabs-long_itinerary-r006,elevenlabs,eleven_flash_v2_5,long_itinerary,80.0,1200.0,0.75,True,0,0.0,0.0
elevenlabs-long_itinerary-r007,elevenlabs,eleven_flash_v2_5,long_itinerary,80.0,0.0,0.25,True,0,0.0,0.0
elevenlabs-long_itinerary-r007,elevenlabs,eleven_flash_v2_5,long_itinerary,80.0,0.0,0.5,True,0,0.0,0.0
elevenlabs-long_itinerary-r007,elevenlabs,eleven_flash_v2_5,long_itinerary,80.0,0.0,0.75,True,0,0.0,0.0
elevenlabs-long_itinerary-r007,elevenlabs,eleven_flash_v2_5,long_itinerary,80.0,50.0,0.25,True,0,0.0,0.0
elevenlabs-long_itinerary-r007,elevenlabs,eleven_flash_v2_5,long_itinerary,80.0,50.0,0.5,True,0,0.0,0.0
elevenlabs-long_itinerary-r007,elevenlabs,eleven_flash_v2_5,long_itinerary,80.0,50.0,0.75,True,0,0.0,0.0
elevenlabs-long_itinerary-r007,elevenlabs,eleven_flash_v2_5,long_itinerary,80.0,100.0,0.25,True,0,0.0,0.0
elevenlabs-long_itinerary-r007,elevenlabs,eleven_flash_v2_5,long_itinerary,80.0,100.0,0.5,True,0,0.0,0.0
elevenlabs-long_itinerary-r007,elevenlabs,eleven_flash_v2_5,long_itinerary,80.0,100.0,0.75,True,0,0.0,0.0
elevenlabs-long_itinerary-r007,elevenlabs,eleven_flash_v2_5,long_itinerary,80.0,200.0,0.25,True,0,0.0,0.0
elevenlabs-long_itinerary-r007,elevenlabs,eleven_flash_v2_5,long_itinerary,80.0,200.0,0.5,True,0,0.0,0.0
elevenlabs-long_itinerary-r007,elevenlabs,eleven_flash_v2_5,long_itinerary,80.0,200.0,0.75,True,0,0.0,0.0
elevenlabs-long_itinerary-r007,elevenlabs,eleven_flash_v2_5,long_itinerary,80.0,400.0,0.25,True,0,0.0,0.0
elevenlabs-long_itinerary-r007,elevenlabs,eleven_flash_v2_5,long_itinerary,80.0,400.0,0.5,True,0,0.0,0.0
elevenlabs-long_itinerary-r007,elevenlabs,eleven_flash_v2_5,long_itinerary,80.0,400.0,0.75,True,0,0.0,0.0
elevenlabs-long_itinerary-r007,elevenlabs,eleven_flash_v2_5,long_itinerary,80.0,800.0,0.25,True,0,0.0,0.0
elevenlabs-long_itinerary-r007,elevenlabs,eleven_flash_v2_5,long_itinerary,80.0,800.0,0.5,True,0,0.0,0.0
elevenlabs-long_itinerary-r007,elevenlabs,eleven_flash_v2_5,long_itinerary,80.0,800.0,0.75,True,0,0.0,0.0
elevenlabs-long_itinerary-r007,elevenlabs,eleven_flash_v2_5,long_itinerary,80.0,1200.0,0.25,True,0,0.0,0.0
elevenlabs-long_itinerary-r007,elevenlabs,eleven_flash_v2_5,long_itinerary,80.0,1200.0,0.5,True,0,0.0,0.0
elevenlabs-long_itinerary-r007,elevenlabs,eleven_flash_v2_5,long_itinerary,80.0,1200.0,0.75,True,0,0.0,0.0
elevenlabs-long_itinerary-r008,elevenlabs,eleven_flash_v2_5,long_itinerary,80.0,0.0,0.25,True,0,0.0,0.0
elevenlabs-long_itinerary-r008,elevenlabs,eleven_flash_v2_5,long_itinerary,80.0,0.0,0.5,True,0,0.0,0.0
elevenlabs-long_itinerary-r008,elevenlabs,eleven_flash_v2_5,long_itinerary,80.0,0.0,0.75,True,0,0.0,0.0
elevenlabs-long_itinerary-r008,elevenlabs,eleven_flash_v2_5,long_itinerary,80.0,50.0,0.25,True,0,0.0,0.0
elevenlabs-long_itinerary-r008,elevenlabs,eleven_flash_v2_5,long_itinerary,80.0,50.0,0.5,True,0,0.0,0.0
elevenlabs-long_itinerary-r008,elevenlabs,eleven_flash_v2_5,long_itinerary,80.0,50.0,0.75,True,0,0.0,0.0
elevenlabs-long_itinerary-r008,elevenlabs,eleven_flash_v2_5,long_itinerary,80.0,100.0,0.25,True,0,0.0,0.0
elevenlabs-long_itinerary-r008,elevenlabs,eleven_flash_v2_5,long_itinerary,80.0,100.0,0.5,True,0,0.0,0.0
elevenlabs-long_itinerary-r008,elevenlabs,eleven_flash_v2_5,long_itinerary,80.0,100.0,0.75,True,0,0.0,0.0
elevenlabs-long_itinerary-r008,elevenlabs,eleven_flash_v2_5,long_itinerary,80.0,200.0,0.25,True,0,0.0,0.0
elevenlabs-long_itinerary-r008,elevenlabs,eleven_flash_v2_5,long_itinerary,80.0,200.0,0.5,True,0,0.0,0.0
elevenlabs-long_itinerary-r008,elevenlabs,eleven_flash_v2_5,long_itinerary,80.0,200.0,0.75,True,0,0.0,0.0
elevenlabs-long_itinerary-r008,elevenlabs,eleven_flash_v2_5,long_itinerary,80.0,400.0,0.25,True,0,0.0,0.0
elevenlabs-long_itinerary-r008,elevenlabs,eleven_flash_v2_5,long_itinerary,80.0,400.0,0.5,True,0,0.0,0.0
elevenlabs-long_itinerary-r008,elevenlabs,eleven_flash_v2_5,long_itinerary,80.0,400.0,0.75,True,0,0.0,0.0
elevenlabs-long_itinerary-r008,elevenlabs,eleven_flash_v2_5,long_itinerary,80.0,800.0,0.25,True,0,0.0,0.0
elevenlabs-long_itinerary-r008,elevenlabs,eleven_flash_v2_5,long_itinerary,80.0,800.0,0.5,True,0,0.0,0.0
elevenlabs-long_itinerary-r008,elevenlabs,eleven_flash_v2_5,long_itinerary,80.0,800.0,0.75,True,0,0.0,0.0
elevenlabs-long_itinerary-r008,elevenlabs,eleven_flash_v2_5,long_itinerary,80.0,1200.0,0.25,True,0,0.0,0.0
elevenlabs-long_itinerary-r008,elevenlabs,eleven_flash_v2_5,long_itinerary,80.0,1200.0,0.5,True,0,0.0,0.0
elevenlabs-long_itinerary-r008,elevenlabs,eleven_flash_v2_5,long_itinerary,80.0,1200.0,0.75,True,0,0.0,0.0
elevenlabs-long_itinerary-r009,elevenlabs,eleven_flash_v2_5,long_itinerary,80.0,0.0,0.25,True,0,0.0,0.0
elevenlabs-long_itinerary-r009,elevenlabs,eleven_flash_v2_5,long_itinerary,80.0,0.0,0.5,True,0,0.0,0.0
elevenlabs-long_itinerary-r009,elevenlabs,eleven_flash_v2_5,long_itinerary,80.0,0.0,0.75,True,0,0.0,0.0
elevenlabs-long_itinerary-r009,elevenlabs,eleven_flash_v2_5,long_itinerary,80.0,50.0,0.25,True,0,0.0,0.0
elevenlabs-long_itinerary-r009,elevenlabs,eleven_flash_v2_5,long_itinerary,80.0,50.0,0.5,True,0,0.0,0.0
elevenlabs-long_itinerary-r009,elevenlabs,eleven_flash_v2_5,long_itinerary,80.0,50.0,0.75,True,0,0.0,0.0
elevenlabs-long_itinerary-r009,elevenlabs,eleven_flash_v2_5,long_itinerary,80.0,100.0,0.25,True,0,0.0,0.0
elevenlabs-long_itinerary-r009,elevenlabs,eleven_flash_v2_5,long_itinerary,80.0,100.0,0.5,True,0,0.0,0.0
elevenlabs-long_itinerary-r009,elevenlabs,eleven_flash_v2_5,long_itinerary,80.0,100.0,0.75,True,0,0.0,0.0
elevenlabs-long_itinerary-r009,elevenlabs,eleven_flash_v2_5,long_itinerary,80.0,200.0,0.25,True,0,0.0,0.0
elevenlabs-long_itinerary-r009,elevenlabs,eleven_flash_v2_5,long_itinerary,80.0,200.0,0.5,True,0,0.0,0.0
elevenlabs-long_itinerary-r009,elevenlabs,eleven_flash_v2_5,long_itinerary,80.0,200.0,0.75,True,0,0.0,0.0
elevenlabs-long_itinerary-r009,elevenlabs,eleven_flash_v2_5,long_itinerary,80.0,400.0,0.25,True,0,0.0,0.0
elevenlabs-long_itinerary-r009,elevenlabs,eleven_flash_v2_5,long_itinerary,80.0,400.0,0.5,True,0,0.0,0.0
elevenlabs-long_itinerary-r009,elevenlabs,eleven_flash_v2_5,long_itinerary,80.0,400.0,0.75,True,0,0.0,0.0
elevenlabs-long_itinerary-r009,elevenlabs,eleven_flash_v2_5,long_itinerary,80.0,800.0,0.25,True,0,0.0,0.0
elevenlabs-long_itinerary-r009,elevenlabs,eleven_flash_v2_5,long_itinerary,80.0,800.0,0.5,True,0,0.0,0.0
elevenlabs-long_itinerary-r009,elevenlabs,eleven_flash_v2_5,long_itinerary,80.0,800.0,0.75,True,0,0.0,0.0
elevenlabs-long_itinerary-r009,elevenlabs,eleven_flash_v2_5,long_itinerary,80.0,1200.0,0.25,True,0,0.0,0.0
elevenlabs-long_itinerary-r009,elevenlabs,eleven_flash_v2_5,long_itinerary,80.0,1200.0,0.5,True,0,0.0,0.0
elevenlabs-long_itinerary-r009,elevenlabs,eleven_flash_v2_5,long_itinerary,80.0,1200.0,0.75,True,0,0.0,0.0
elevenlabs-long_itinerary-r010,elevenlabs,eleven_flash_v2_5,long_itinerary,80.0,0.0,0.25,True,0,0.0,0.0
elevenlabs-long_itinerary-r010,elevenlabs,eleven_flash_v2_5,long_itinerary,80.0,0.0,0.5,True,0,0.0,0.0
elevenlabs-long_itinerary-r010,elevenlabs,eleven_flash_v2_5,long_itinerary,80.0,0.0,0.75,True,0,0.0,0.0
elevenlabs-long_itinerary-r010,elevenlabs,eleven_flash_v2_5,long_itinerary,80.0,50.0,0.25,True,0,0.0,0.0
elevenlabs-long_itinerary-r010,elevenlabs,eleven_flash_v2_5,long_itinerary,80.0,50.0,0.5,True,0,0.0,0.0
elevenlabs-long_itinerary-r010,elevenlabs,eleven_flash_v2_5,long_itinerary,80.0,50.0,0.75,True,0,0.0,0.0
elevenlabs-long_itinerary-r010,elevenlabs,eleven_flash_v2_5,long_itinerary,80.0,100.0,0.25,True,0,0.0,0.0
elevenlabs-long_itinerary-r010,elevenlabs,eleven_flash_v2_5,long_itinerary,80.0,100.0,0.5,True,0,0.0,0.0
elevenlabs-long_itinerary-r010,elevenlabs,eleven_flash_v2_5,long_itinerary,80.0,100.0,0.75,True,0,0.0,0.0
elevenlabs-long_itinerary-r010,elevenlabs,eleven_flash_v2_5,long_itinerary,80.0,200.0,0.25,True,0,0.0,0.0
elevenlabs-long_itinerary-r010,elevenlabs,eleven_flash_v2_5,long_itinerary,80.0,200.0,0.5,True,0,0.0,0.0
elevenlabs-long_itinerary-r010,elevenlabs,eleven_flash_v2_5,long_itinerary,80.0,200.0,0.75,True,0,0.0,0.0
elevenlabs-long_itinerary-r010,elevenlabs,eleven_flash_v2_5,long_itinerary,80.0,400.0,0.25,True,0,0.0,0.0
elevenlabs-long_itinerary-r010,elevenlabs,eleven_flash_v2_5,long_itinerary,80.0,400.0,0.5,True,0,0.0,0.0
elevenlabs-long_itinerary-r010,elevenlabs,eleven_flash_v2_5,long_itinerary,80.0,400.0,0.75,True,0,0.0,0.0
elevenlabs-long_itinerary-r010,elevenlabs,eleven_flash_v2_5,long_itinerary,80.0,800.0,0.25,True,0,0.0,0.0
elevenlabs-long_itinerary-r010,elevenlabs,eleven_flash_v2_5,long_itinerary,80.0,800.0,0.5,True,0,0.0,0.0
elevenlabs-long_itinerary-r010,elevenlabs,eleven_flash_v2_5,long_itinerary,80.0,800.0,0.75,True,0,0.0,0.0
elevenlabs-long_itinerary-r010,elevenlabs,eleven_flash_v2_5,long_itinerary,80.0,1200.0,0.25,True,0,0.0,0.0
elevenlabs-long_itinerary-r010,elevenlabs,eleven_flash_v2_5,long_itinerary,80.0,1200.0,0.5,True,0,0.0,0.0
elevenlabs-long_itinerary-r010,elevenlabs,eleven_flash_v2_5,long_itinerary,80.0,1200.0,0.75,True,0,0.0,0.0
elevenlabs-long_itinerary-r011,elevenlabs,eleven_flash_v2_5,long_itinerary,80.0,0.0,0.25,True,0,0.0,0.0
elevenlabs-long_itinerary-r011,elevenlabs,eleven_flash_v2_5,long_itinerary,80.0,0.0,0.5,True,0,0.0,0.0
elevenlabs-long_itinerary-r011,elevenlabs,eleven_flash_v2_5,long_itinerary,80.0,0.0,0.75,True,0,0.0,0.0
elevenlabs-long_itinerary-r011,elevenlabs,eleven_flash_v2_5,long_itinerary,80.0,50.0,0.25,True,0,0.0,0.0
elevenlabs-long_itinerary-r011,elevenlabs,eleven_flash_v2_5,long_itinerary,80.0,50.0,0.5,True,0,0.0,0.0
elevenlabs-long_itinerary-r011,elevenlabs,eleven_flash_v2_5,long_itinerary,80.0,50.0,0.75,True,0,0.0,0.0
elevenlabs-long_itinerary-r011,elevenlabs,eleven_flash_v2_5,long_itinerary,80.0,100.0,0.25,True,0,0.0,0.0
elevenlabs-long_itinerary-r011,elevenlabs,eleven_flash_v2_5,long_itinerary,80.0,100.0,0.5,True,0,0.0,0.0
elevenlabs-long_itinerary-r011,elevenlabs,eleven_flash_v2_5,long_itinerary,80.0,100.0,0.75,True,0,0.0,0.0
elevenlabs-long_itinerary-r011,elevenlabs,eleven_flash_v2_5,long_itinerary,80.0,200.0,0.25,True,0,0.0,0.0
elevenlabs-long_itinerary-r011,elevenlabs,eleven_flash_v2_5,long_itinerary,80.0,200.0,0.5,True,0,0.0,0.0
elevenlabs-long_itinerary-r011,elevenlabs,eleven_flash_v2_5,long_itinerary,80.0,200.0,0.75,True,0,0.0,0.0
elevenlabs-long_itinerary-r011,elevenlabs,eleven_flash_v2_5,long_itinerary,80.0,400.0,0.25,True,0,0.0,0.0
elevenlabs-long_itinerary-r011,elevenlabs,eleven_flash_v2_5,long_itinerary,80.0,400.0,0.5,True,0,0.0,0.0
elevenlabs-long_itinerary-r011,elevenlabs,eleven_flash_v2_5,long_itinerary,80.0,400.0,0.75,True,0,0.0,0.0
elevenlabs-long_itinerary-r011,elevenlabs,eleven_flash_v2_5,long_itinerary,80.0,800.0,0.25,True,0,0.0,0.0
elevenlabs-long_itinerary-r011,elevenlabs,eleven_flash_v2_5,long_itinerary,80.0,800.0,0.5,True,0,0.0,0.0
elevenlabs-long_itinerary-r011,elevenlabs,eleven_flash_v2_5,long_itinerary,80.0,800.0,0.75,True,0,0.0,0.0
elevenlabs-long_itinerary-r011,elevenlabs,eleven_flash_v2_5,long_itinerary,80.0,1200.0,0.25,True,0,0.0,0.0
elevenlabs-long_itinerary-r011,elevenlabs,eleven_flash_v2_5,long_itinerary,80.0,1200.0,0.5,True,0,0.0,0.0
elevenlabs-long_itinerary-r011,elevenlabs,eleven_flash_v2_5,long_itinerary,80.0,1200.0,0.75,True,0,0.0,0.0
elevenlabs-long_itinerary-r012,elevenlabs,eleven_flash_v2_5,long_itinerary,80.0,0.0,0.25,True,0,0.0,0.0
elevenlabs-long_itinerary-r012,elevenlabs,eleven_flash_v2_5,long_itinerary,80.0,0.0,0.5,True,0,0.0,0.0
elevenlabs-long_itinerary-r012,elevenlabs,eleven_flash_v2_5,long_itinerary,80.0,0.0,0.75,True,0,0.0,0.0
elevenlabs-long_itinerary-r012,elevenlabs,eleven_flash_v2_5,long_itinerary,80.0,50.0,0.25,True,0,0.0,0.0
elevenlabs-long_itinerary-r012,elevenlabs,eleven_flash_v2_5,long_itinerary,80.0,50.0,0.5,True,0,0.0,0.0
elevenlabs-long_itinerary-r012,elevenlabs,eleven_flash_v2_5,long_itinerary,80.0,50.0,0.75,True,0,0.0,0.0
elevenlabs-long_itinerary-r012,elevenlabs,eleven_flash_v2_5,long_itinerary,80.0,100.0,0.25,True,0,0.0,0.0
elevenlabs-long_itinerary-r012,elevenlabs,eleven_flash_v2_5,long_itinerary,80.0,100.0,0.5,True,0,0.0,0.0
elevenlabs-long_itinerary-r012,elevenlabs,eleven_flash_v2_5,long_itinerary,80.0,100.0,0.75,True,0,0.0,0.0
elevenlabs-long_itinerary-r012,elevenlabs,eleven_flash_v2_5,long_itinerary,80.0,200.0,0.25,True,0,0.0,0.0
elevenlabs-long_itinerary-r012,elevenlabs,eleven_flash_v2_5,long_itinerary,80.0,200.0,0.5,True,0,0.0,0.0
elevenlabs-long_itinerary-r012,elevenlabs,eleven_flash_v2_5,long_itinerary,80.0,200.0,0.75,True,0,0.0,0.0
elevenlabs-long_itinerary-r012,elevenlabs,eleven_flash_v2_5,long_itinerary,80.0,400.0,0.25,True,0,0.0,0.0
elevenlabs-long_itinerary-r012,elevenlabs,eleven_flash_v2_5,long_itinerary,80.0,400.0,0.5,True,0,0.0,0.0
elevenlabs-long_itinerary-r012,elevenlabs,eleven_flash_v2_5,long_itinerary,80.0,400.0,0.75,True,0,0.0,0.0
elevenlabs-long_itinerary-r012,elevenlabs,eleven_flash_v2_5,long_itinerary,80.0,800.0,0.25,True,0,0.0,0.0
elevenlabs-long_itinerary-r012,elevenlabs,eleven_flash_v2_5,long_itinerary,80.0,800.0,0.5,True,0,0.0,0.0
elevenlabs-long_itinerary-r012,elevenlabs,eleven_flash_v2_5,long_itinerary,80.0,800.0,0.75,True,0,0.0,0.0
elevenlabs-long_itinerary-r012,elevenlabs,eleven_flash_v2_5,long_itinerary,80.0,1200.0,0.25,True,0,0.0,0.0
elevenlabs-long_itinerary-r012,elevenlabs,eleven_flash_v2_5,long_itinerary,80.0,1200.0,0.5,True,0,0.0,0.0
elevenlabs-long_itinerary-r012,elevenlabs,eleven_flash_v2_5,long_itinerary,80.0,1200.0,0.75,True,0,0.0,0.0
elevenlabs-long_itinerary-r013,elevenlabs,eleven_flash_v2_5,long_itinerary,80.0,0.0,0.25,True,0,0.0,0.0
elevenlabs-long_itinerary-r013,elevenlabs,eleven_flash_v2_5,long_itinerary,80.0,0.0,0.5,True,0,0.0,0.0
elevenlabs-long_itinerary-r013,elevenlabs,eleven_flash_v2_5,long_itinerary,80.0,0.0,0.75,True,0,0.0,0.0
elevenlabs-long_itinerary-r013,elevenlabs,eleven_flash_v2_5,long_itinerary,80.0,50.0,0.25,True,0,0.0,0.0
elevenlabs-long_itinerary-r013,elevenlabs,eleven_flash_v2_5,long_itinerary,80.0,50.0,0.5,True,0,0.0,0.0
elevenlabs-long_itinerary-r013,elevenlabs,eleven_flash_v2_5,long_itinerary,80.0,50.0,0.75,True,0,0.0,0.0
elevenlabs-long_itinerary-r013,elevenlabs,eleven_flash_v2_5,long_itinerary,80.0,100.0,0.25,True,0,0.0,0.0
elevenlabs-long_itinerary-r013,elevenlabs,eleven_flash_v2_5,long_itinerary,80.0,100.0,0.5,True,0,0.0,0.0
elevenlabs-long_itinerary-r013,elevenlabs,eleven_flash_v2_5,long_itinerary,80.0,100.0,0.75,True,0,0.0,0.0
elevenlabs-long_itinerary-r013,elevenlabs,eleven_flash_v2_5,long_itinerary,80.0,200.0,0.25,True,0,0.0,0.0
elevenlabs-long_itinerary-r013,elevenlabs,eleven_flash_v2_5,long_itinerary,80.0,200.0,0.5,True,0,0.0,0.0
elevenlabs-long_itinerary-r013,elevenlabs,eleven_flash_v2_5,long_itinerary,80.0,200.0,0.75,True,0,0.0,0.0
elevenlabs-long_itinerary-r013,elevenlabs,eleven_flash_v2_5,long_itinerary,80.0,400.0,0.25,True,0,0.0,0.0
elevenlabs-long_itinerary-r013,elevenlabs,eleven_flash_v2_5,long_itinerary,80.0,400.0,0.5,True,0,0.0,0.0
elevenlabs-long_itinerary-r013,elevenlabs,eleven_flash_v2_5,long_itinerary,80.0,400.0,0.75,True,0,0.0,0.0
elevenlabs-long_itinerary-r013,elevenlabs,eleven_flash_v2_5,long_itinerary,80.0,800.0,0.25,True,0,0.0,0.0
elevenlabs-long_itinerary-r013,elevenlabs,eleven_flash_v2_5,long_itinerary,80.0,800.0,0.5,True,0,0.0,0.0
elevenlabs-long_itinerary-r013,elevenlabs,eleven_flash_v2_5,long_itinerary,80.0,800.0,0.75,True,0,0.0,0.0
elevenlabs-long_itinerary-r013,elevenlabs,eleven_flash_v2_5,long_itinerary,80.0,1200.0,0.25,True,0,0.0,0.0
elevenlabs-long_itinerary-r013,elevenlabs,eleven_flash_v2_5,long_itinerary,80.0,1200.0,0.5,True,0,0.0,0.0
elevenlabs-long_itinerary-r013,elevenlabs,eleven_flash_v2_5,long_itinerary,80.0,1200.0,0.75,True,0,0.0,0.0
elevenlabs-long_itinerary-r014,elevenlabs,eleven_flash_v2_5,long_itinerary,80.0,0.0,0.25,True,0,0.0,0.0
elevenlabs-long_itinerary-r014,elevenlabs,eleven_flash_v2_5,long_itinerary,80.0,0.0,0.5,True,0,0.0,0.0
elevenlabs-long_itinerary-r014,elevenlabs,eleven_flash_v2_5,long_itinerary,80.0,0.0,0.75,True,0,0.0,0.0
elevenlabs-long_itinerary-r014,elevenlabs,eleven_flash_v2_5,long_itinerary,80.0,50.0,0.25,True,0,0.0,0.0
elevenlabs-long_itinerary-r014,elevenlabs,eleven_flash_v2_5,long_itinerary,80.0,50.0,0.5,True,0,0.0,0.0
elevenlabs-long_itinerary-r014,elevenlabs,eleven_flash_v2_5,long_itinerary,80.0,50.0,0.75,True,0,0.0,0.0
elevenlabs-long_itinerary-r014,elevenlabs,eleven_flash_v2_5,long_itinerary,80.0,100.0,0.25,True,0,0.0,0.0
elevenlabs-long_itinerary-r014,elevenlabs,eleven_flash_v2_5,long_itinerary,80.0,100.0,0.5,True,0,0.0,0.0
elevenlabs-long_itinerary-r014,elevenlabs,eleven_flash_v2_5,long_itinerary,80.0,100.0,0.75,True,0,0.0,0.0
elevenlabs-long_itinerary-r014,elevenlabs,eleven_flash_v2_5,long_itinerary,80.0,200.0,0.25,True,0,0.0,0.0
elevenlabs-long_itinerary-r014,elevenlabs,eleven_flash_v2_5,long_itinerary,80.0,200.0,0.5,True,0,0.0,0.0
elevenlabs-long_itinerary-r014,elevenlabs,eleven_flash_v2_5,long_itinerary,80.0,200.0,0.75,True,0,0.0,0.0
elevenlabs-long_itinerary-r014,elevenlabs,eleven_flash_v2_5,long_itinerary,80.0,400.0,0.25,True,0,0.0,0.0
elevenlabs-long_itinerary-r014,elevenlabs,eleven_flash_v2_5,long_itinerary,80.0,400.0,0.5,True,0,0.0,0.0
elevenlabs-long_itinerary-r014,elevenlabs,eleven_flash_v2_5,long_itinerary,80.0,400.0,0.75,True,0,0.0,0.0
elevenlabs-long_itinerary-r014,elevenlabs,eleven_flash_v2_5,long_itinerary,80.0,800.0,0.25,True,0,0.0,0.0
elevenlabs-long_itinerary-r014,elevenlabs,eleven_flash_v2_5,long_itinerary,80.0,800.0,0.5,True,0,0.0,0.0
elevenlabs-long_itinerary-r014,elevenlabs,eleven_flash_v2_5,long_itinerary,80.0,800.0,0.75,True,0,0.0,0.0
elevenlabs-long_itinerary-r014,elevenlabs,eleven_flash_v2_5,long_itinerary,80.0,1200.0,0.25,True,0,0.0,0.0
elevenlabs-long_itinerary-r014,elevenlabs,eleven_flash_v2_5,long_itinerary,80.0,1200.0,0.5,True,0,0.0,0.0
elevenlabs-long_itinerary-r014,elevenlabs,eleven_flash_v2_5,long_itinerary,80.0,1200.0,0.75,True,0,0.0,0.0
elevenlabs-long_itinerary-r015,elevenlabs,eleven_flash_v2_5,long_itinerary,80.0,0.0,0.25,True,0,0.0,0.0
elevenlabs-long_itinerary-r015,elevenlabs,eleven_flash_v2_5,long_itinerary,80.0,0.0,0.5,True,0,0.0,0.0
elevenlabs-long_itinerary-r015,elevenlabs,eleven_flash_v2_5,long_itinerary,80.0,0.0,0.75,True,0,0.0,0.0
elevenlabs-long_itinerary-r015,elevenlabs,eleven_flash_v2_5,long_itinerary,80.0,50.0,0.25,True,0,0.0,0.0
elevenlabs-long_itinerary-r015,elevenlabs,eleven_flash_v2_5,long_itinerary,80.0,50.0,0.5,True,0,0.0,0.0
elevenlabs-long_itinerary-r015,elevenlabs,eleven_flash_v2_5,long_itinerary,80.0,50.0,0.75,True,0,0.0,0.0
elevenlabs-long_itinerary-r015,elevenlabs,eleven_flash_v2_5,long_itinerary,80.0,100.0,0.25,True,0,0.0,0.0
elevenlabs-long_itinerary-r015,elevenlabs,eleven_flash_v2_5,long_itinerary,80.0,100.0,0.5,True,0,0.0,0.0
elevenlabs-long_itinerary-r015,elevenlabs,eleven_flash_v2_5,long_itinerary,80.0,100.0,0.75,True,0,0.0,0.0
elevenlabs-long_itinerary-r015,elevenlabs,eleven_flash_v2_5,long_itinerary,80.0,200.0,0.25,True,0,0.0,0.0
elevenlabs-long_itinerary-r015,elevenlabs,eleven_flash_v2_5,long_itinerary,80.0,200.0,0.5,True,0,0.0,0.0
elevenlabs-long_itinerary-r015,elevenlabs,eleven_flash_v2_5,long_itinerary,80.0,200.0,0.75,True,0,0.0,0.0
elevenlabs-long_itinerary-r015,elevenlabs,eleven_flash_v2_5,long_itinerary,80.0,400.0,0.25,True,0,0.0,0.0
elevenlabs-long_itinerary-r015,elevenlabs,eleven_flash_v2_5,long_itinerary,80.0,400.0,0.5,True,0,0.0,0.0
elevenlabs-long_itinerary-r015,elevenlabs,eleven_flash_v2_5,long_itinerary,80.0,400.0,0.75,True,0,0.0,0.0
elevenlabs-long_itinerary-r015,elevenlabs,eleven_flash_v2_5,long_itinerary,80.0,800.0,0.25,True,0,0.0,0.0
elevenlabs-long_itinerary-r015,elevenlabs,eleven_flash_v2_5,long_itinerary,80.0,800.0,0.5,True,0,0.0,0.0
elevenlabs-long_itinerary-r015,elevenlabs,eleven_flash_v2_5,long_itinerary,80.0,800.0,0.75,True,0,0.0,0.0
elevenlabs-long_itinerary-r015,elevenlabs,eleven_flash_v2_5,long_itinerary,80.0,1200.0,0.25,True,0,0.0,0.0
elevenlabs-long_itinerary-r015,elevenlabs,eleven_flash_v2_5,long_itinerary,80.0,1200.0,0.5,True,0,0.0,0.0
elevenlabs-long_itinerary-r015,elevenlabs,eleven_flash_v2_5,long_itinerary,80.0,1200.0,0.75,True,0,0.0,0.0
elevenlabs-long_itinerary-r016,elevenlabs,eleven_flash_v2_5,long_itinerary,80.0,0.0,0.25,True,0,0.0,0.0
elevenlabs-long_itinerary-r016,elevenlabs,eleven_flash_v2_5,long_itinerary,80.0,0.0,0.5,True,0,0.0,0.0
elevenlabs-long_itinerary-r016,elevenlabs,eleven_flash_v2_5,long_itinerary,80.0,0.0,0.75,True,0,0.0,0.0
elevenlabs-long_itinerary-r016,elevenlabs,eleven_flash_v2_5,long_itinerary,80.0,50.0,0.25,True,0,0.0,0.0
elevenlabs-long_itinerary-r016,elevenlabs,eleven_flash_v2_5,long_itinerary,80.0,50.0,0.5,True,0,0.0,0.0
elevenlabs-long_itinerary-r016,elevenlabs,eleven_flash_v2_5,long_itinerary,80.0,50.0,0.75,True,0,0.0,0.0
elevenlabs-long_itinerary-r016,elevenlabs,eleven_flash_v2_5,long_itinerary,80.0,100.0,0.25,True,0,0.0,0.0
elevenlabs-long_itinerary-r016,elevenlabs,eleven_flash_v2_5,long_itinerary,80.0,100.0,0.5,True,0,0.0,0.0
elevenlabs-long_itinerary-r016,elevenlabs,eleven_flash_v2_5,long_itinerary,80.0,100.0,0.75,True,0,0.0,0.0
elevenlabs-long_itinerary-r016,elevenlabs,eleven_flash_v2_5,long_itinerary,80.0,200.0,0.25,True,0,0.0,0.0
elevenlabs-long_itinerary-r016,elevenlabs,eleven_flash_v2_5,long_itinerary,80.0,200.0,0.5,True,0,0.0,0.0
elevenlabs-long_itinerary-r016,elevenlabs,eleven_flash_v2_5,long_itinerary,80.0,200.0,0.75,True,0,0.0,0.0
elevenlabs-long_itinerary-r016,elevenlabs,eleven_flash_v2_5,long_itinerary,80.0,400.0,0.25,True,0,0.0,0.0
elevenlabs-long_itinerary-r016,elevenlabs,eleven_flash_v2_5,long_itinerary,80.0,400.0,0.5,True,0,0.0,0.0
elevenlabs-long_itinerary-r016,elevenlabs,eleven_flash_v2_5,long_itinerary,80.0,400.0,0.75,True,0,0.0,0.0
elevenlabs-long_itinerary-r016,elevenlabs,eleven_flash_v2_5,long_itinerary,80.0,800.0,0.25,True,0,0.0,0.0
elevenlabs-long_itinerary-r016,elevenlabs,eleven_flash_v2_5,long_itinerary,80.0,800.0,0.5,True,0,0.0,0.0
elevenlabs-long_itinerary-r016,elevenlabs,eleven_flash_v2_5,long_itinerary,80.0,800.0,0.75,True,0,0.0,0.0
elevenlabs-long_itinerary-r016,elevenlabs,eleven_flash_v2_5,long_itinerary,80.0,1200.0,0.25,True,0,0.0,0.0
elevenlabs-long_itinerary-r016,elevenlabs,eleven_flash_v2_5,long_itinerary,80.0,1200.0,0.5,True,0,0.0,0.0
elevenlabs-long_itinerary-r016,elevenlabs,eleven_flash_v2_5,long_itinerary,80.0,1200.0,0.75,True,0,0.0,0.0
elevenlabs-long_itinerary-r017,elevenlabs,eleven_flash_v2_5,long_itinerary,80.0,0.0,0.25,True,0,0.0,0.0
elevenlabs-long_itinerary-r017,elevenlabs,eleven_flash_v2_5,long_itinerary,80.0,0.0,0.5,True,0,0.0,0.0
elevenlabs-long_itinerary-r017,elevenlabs,eleven_flash_v2_5,long_itinerary,80.0,0.0,0.75,True,0,0.0,0.0
elevenlabs-long_itinerary-r017,elevenlabs,eleven_flash_v2_5,long_itinerary,80.0,50.0,0.25,True,0,0.0,0.0
elevenlabs-long_itinerary-r017,elevenlabs,eleven_flash_v2_5,long_itinerary,80.0,50.0,0.5,True,0,0.0,0.0
elevenlabs-long_itinerary-r017,elevenlabs,eleven_flash_v2_5,long_itinerary,80.0,50.0,0.75,True,0,0.0,0.0
elevenlabs-long_itinerary-r017,elevenlabs,eleven_flash_v2_5,long_itinerary,80.0,100.0,0.25,True,0,0.0,0.0
elevenlabs-long_itinerary-r017,elevenlabs,eleven_flash_v2_5,long_itinerary,80.0,100.0,0.5,True,0,0.0,0.0
elevenlabs-long_itinerary-r017,elevenlabs,eleven_flash_v2_5,long_itinerary,80.0,100.0,0.75,True,0,0.0,0.0
elevenlabs-long_itinerary-r017,elevenlabs,eleven_flash_v2_5,long_itinerary,80.0,200.0,0.25,True,0,0.0,0.0
elevenlabs-long_itinerary-r017,elevenlabs,eleven_flash_v2_5,long_itinerary,80.0,200.0,0.5,True,0,0.0,0.0
elevenlabs-long_itinerary-r017,elevenlabs,eleven_flash_v2_5,long_itinerary,80.0,200.0,0.75,True,0,0.0,0.0
elevenlabs-long_itinerary-r017,elevenlabs,eleven_flash_v2_5,long_itinerary,80.0,400.0,0.25,True,0,0.0,0.0
elevenlabs-long_itinerary-r017,elevenlabs,eleven_flash_v2_5,long_itinerary,80.0,400.0,0.5,True,0,0.0,0.0
elevenlabs-long_itinerary-r017,elevenlabs,eleven_flash_v2_5,long_itinerary,80.0,400.0,0.75,True,0,0.0,0.0
elevenlabs-long_itinerary-r017,elevenlabs,eleven_flash_v2_5,long_itinerary,80.0,800.0,0.25,True,0,0.0,0.0
elevenlabs-long_itinerary-r017,elevenlabs,eleven_flash_v2_5,long_itinerary,80.0,800.0,0.5,True,0,0.0,0.0
elevenlabs-long_itinerary-r017,elevenlabs,eleven_flash_v2_5,long_itinerary,80.0,800.0,0.75,True,0,0.0,0.0
elevenlabs-long_itinerary-r017,elevenlabs,eleven_flash_v2_5,long_itinerary,80.0,1200.0,0.25,True,0,0.0,0.0
elevenlabs-long_itinerary-r017,elevenlabs,eleven_flash_v2_5,long_itinerary,80.0,1200.0,0.5,True,0,0.0,0.0
elevenlabs-long_itinerary-r017,elevenlabs,eleven_flash_v2_5,long_itinerary,80.0,1200.0,0.75,True,0,0.0,0.0
elevenlabs-long_itinerary-r018,elevenlabs,eleven_flash_v2_5,long_itinerary,80.0,0.0,0.25,True,0,0.0,0.0
elevenlabs-long_itinerary-r018,elevenlabs,eleven_flash_v2_5,long_itinerary,80.0,0.0,0.5,True,0,0.0,0.0
elevenlabs-long_itinerary-r018,elevenlabs,eleven_flash_v2_5,long_itinerary,80.0,0.0,0.75,True,0,0.0,0.0
elevenlabs-long_itinerary-r018,elevenlabs,eleven_flash_v2_5,long_itinerary,80.0,50.0,0.25,True,0,0.0,0.0
elevenlabs-long_itinerary-r018,elevenlabs,eleven_flash_v2_5,long_itinerary,80.0,50.0,0.5,True,0,0.0,0.0
elevenlabs-long_itinerary-r018,elevenlabs,eleven_flash_v2_5,long_itinerary,80.0,50.0,0.75,True,0,0.0,0.0
elevenlabs-long_itinerary-r018,elevenlabs,eleven_flash_v2_5,long_itinerary,80.0,100.0,0.25,True,0,0.0,0.0
elevenlabs-long_itinerary-r018,elevenlabs,eleven_flash_v2_5,long_itinerary,80.0,100.0,0.5,True,0,0.0,0.0
elevenlabs-long_itinerary-r018,elevenlabs,eleven_flash_v2_5,long_itinerary,80.0,100.0,0.75,True,0,0.0,0.0
elevenlabs-long_itinerary-r018,elevenlabs,eleven_flash_v2_5,long_itinerary,80.0,200.0,0.25,True,0,0.0,0.0
elevenlabs-long_itinerary-r018,elevenlabs,eleven_flash_v2_5,long_itinerary,80.0,200.0,0.5,True,0,0.0,0.0
elevenlabs-long_itinerary-r018,elevenlabs,eleven_flash_v2_5,long_itinerary,80.0,200.0,0.75,True,0,0.0,0.0
elevenlabs-long_itinerary-r018,elevenlabs,eleven_flash_v2_5,long_itinerary,80.0,400.0,0.25,True,0,0.0,0.0
elevenlabs-long_itinerary-r018,elevenlabs,eleven_flash_v2_5,long_itinerary,80.0,400.0,0.5,True,0,0.0,0.0
elevenlabs-long_itinerary-r018,elevenlabs,eleven_flash_v2_5,long_itinerary,80.0,400.0,0.75,True,0,0.0,0.0
elevenlabs-long_itinerary-r018,elevenlabs,eleven_flash_v2_5,long_itinerary,80.0,800.0,0.25,True,0,0.0,0.0
elevenlabs-long_itinerary-r018,elevenlabs,eleven_flash_v2_5,long_itinerary,80.0,800.0,0.5,True,0,0.0,0.0
elevenlabs-long_itinerary-r018,elevenlabs,eleven_flash_v2_5,long_itinerary,80.0,800.0,0.75,True,0,0.0,0.0
elevenlabs-long_itinerary-r018,elevenlabs,eleven_flash_v2_5,long_itinerary,80.0,1200.0,0.25,True,0,0.0,0.0
elevenlabs-long_itinerary-r018,elevenlabs,eleven_flash_v2_5,long_itinerary,80.0,1200.0,0.5,True,0,0.0,0.0
elevenlabs-long_itinerary-r018,elevenlabs,eleven_flash_v2_5,long_itinerary,80.0,1200.0,0.75,True,0,0.0,0.0
elevenlabs-long_itinerary-r019,elevenlabs,eleven_flash_v2_5,long_itinerary,80.0,0.0,0.25,True,0,0.0,0.0
elevenlabs-long_itinerary-r019,elevenlabs,eleven_flash_v2_5,long_itinerary,80.0,0.0,0.5,True,0,0.0,0.0
elevenlabs-long_itinerary-r019,elevenlabs,eleven_flash_v2_5,long_itinerary,80.0,0.0,0.75,True,0,0.0,0.0
elevenlabs-long_itinerary-r019,elevenlabs,eleven_flash_v2_5,long_itinerary,80.0,50.0,0.25,True,0,0.0,0.0
elevenlabs-long_itinerary-r019,elevenlabs,eleven_flash_v2_5,long_itinerary,80.0,50.0,0.5,True,0,0.0,0.0
elevenlabs-long_itinerary-r019,elevenlabs,eleven_flash_v2_5,long_itinerary,80.0,50.0,0.75,True,0,0.0,0.0
elevenlabs-long_itinerary-r019,elevenlabs,eleven_flash_v2_5,long_itinerary,80.0,100.0,0.25,True,0,0.0,0.0
elevenlabs-long_itinerary-r019,elevenlabs,eleven_flash_v2_5,long_itinerary,80.0,100.0,0.5,True,0,0.0,0.0
elevenlabs-long_itinerary-r019,elevenlabs,eleven_flash_v2_5,long_itinerary,80.0,100.0,0.75,True,0,0.0,0.0
elevenlabs-long_itinerary-r019,elevenlabs,eleven_flash_v2_5,long_itinerary,80.0,200.0,0.25,True,0,0.0,0.0
elevenlabs-long_itinerary-r019,elevenlabs,eleven_flash_v2_5,long_itinerary,80.0,200.0,0.5,True,0,0.0,0.0
elevenlabs-long_itinerary-r019,elevenlabs,eleven_flash_v2_5,long_itinerary,80.0,200.0,0.75,True,0,0.0,0.0
elevenlabs-long_itinerary-r019,elevenlabs,eleven_flash_v2_5,long_itinerary,80.0,400.0,0.25,True,0,0.0,0.0
elevenlabs-long_itinerary-r019,elevenlabs,eleven_flash_v2_5,long_itinerary,80.0,400.0,0.5,True,0,0.0,0.0
elevenlabs-long_itinerary-r019,elevenlabs,eleven_flash_v2_5,long_itinerary,80.0,400.0,0.75,True,0,0.0,0.0
elevenlabs-long_itinerary-r019,elevenlabs,eleven_flash_v2_5,long_itinerary,80.0,800.0,0.25,True,0,0.0,0.0
elevenlabs-long_itinerary-r019,elevenlabs,eleven_flash_v2_5,long_itinerary,80.0,800.0,0.5,True,0,0.0,0.0
elevenlabs-long_itinerary-r019,elevenlabs,eleven_flash_v2_5,long_itinerary,80.0,800.0,0.75,True,0,0.0,0.0
elevenlabs-long_itinerary-r019,elevenlabs,eleven_flash_v2_5,long_itinerary,80.0,1200.0,0.25,True,0,0.0,0.0
elevenlabs-long_itinerary-r019,elevenlabs,eleven_flash_v2_5,long_itinerary,80.0,1200.0,0.5,True,0,0.0,0.0
elevenlabs-long_itinerary-r019,elevenlabs,eleven_flash_v2_5,long_itinerary,80.0,1200.0,0.75,True,0,0.0,0.0
elevenlabs-medium_booking-r000,elevenlabs,eleven_flash_v2_5,medium_booking,80.0,0.0,0.25,True,0,0.0,0.0
elevenlabs-medium_booking-r000,elevenlabs,eleven_flash_v2_5,medium_booking,80.0,0.0,0.5,True,0,0.0,0.0
elevenlabs-medium_booking-r000,elevenlabs,eleven_flash_v2_5,medium_booking,80.0,0.0,0.75,True,0,0.0,0.0
elevenlabs-medium_booking-r000,elevenlabs,eleven_flash_v2_5,medium_booking,80.0,50.0,0.25,True,0,0.0,0.0
elevenlabs-medium_booking-r000,elevenlabs,eleven_flash_v2_5,medium_booking,80.0,50.0,0.5,True,0,0.0,0.0
elevenlabs-medium_booking-r000,elevenlabs,eleven_flash_v2_5,medium_booking,80.0,50.0,0.75,True,0,0.0,0.0
elevenlabs-medium_booking-r000,elevenlabs,eleven_flash_v2_5,medium_booking,80.0,100.0,0.25,True,0,0.0,0.0
elevenlabs-medium_booking-r000,elevenlabs,eleven_flash_v2_5,medium_booking,80.0,100.0,0.5,True,0,0.0,0.0
elevenlabs-medium_booking-r000,elevenlabs,eleven_flash_v2_5,medium_booking,80.0,100.0,0.75,True,0,0.0,0.0
elevenlabs-medium_booking-r000,elevenlabs,eleven_flash_v2_5,medium_booking,80.0,200.0,0.25,True,0,0.0,0.0
elevenlabs-medium_booking-r000,elevenlabs,eleven_flash_v2_5,medium_booking,80.0,200.0,0.5,True,0,0.0,0.0
elevenlabs-medium_booking-r000,elevenlabs,eleven_flash_v2_5,medium_booking,80.0,200.0,0.75,True,0,0.0,0.0
elevenlabs-medium_booking-r000,elevenlabs,eleven_flash_v2_5,medium_booking,80.0,400.0,0.25,True,0,0.0,0.0
elevenlabs-medium_booking-r000,elevenlabs,eleven_flash_v2_5,medium_booking,80.0,400.0,0.5,True,0,0.0,0.0
elevenlabs-medium_booking-r000,elevenlabs,eleven_flash_v2_5,medium_booking,80.0,400.0,0.75,True,0,0.0,0.0
elevenlabs-medium_booking-r000,elevenlabs,eleven_flash_v2_5,medium_booking,80.0,800.0,0.25,True,0,0.0,0.0
elevenlabs-medium_booking-r000,elevenlabs,eleven_flash_v2_5,medium_booking,80.0,800.0,0.5,True,0,0.0,0.0
elevenlabs-medium_booking-r000,elevenlabs,eleven_flash_v2_5,medium_booking,80.0,800.0,0.75,True,0,0.0,0.0
elevenlabs-medium_booking-r000,elevenlabs,eleven_flash_v2_5,medium_booking,80.0,1200.0,0.25,True,0,0.0,0.0
elevenlabs-medium_booking-r000,elevenlabs,eleven_flash_v2_5,medium_booking,80.0,1200.0,0.5,True,0,0.0,0.0
elevenlabs-medium_booking-r000,elevenlabs,eleven_flash_v2_5,medium_booking,80.0,1200.0,0.75,True,0,0.0,0.0
elevenlabs-medium_booking-r001,elevenlabs,eleven_flash_v2_5,medium_booking,80.0,0.0,0.25,True,0,0.0,0.0
elevenlabs-medium_booking-r001,elevenlabs,eleven_flash_v2_5,medium_booking,80.0,0.0,0.5,True,0,0.0,0.0
elevenlabs-medium_booking-r001,elevenlabs,eleven_flash_v2_5,medium_booking,80.0,0.0,0.75,True,0,0.0,0.0
elevenlabs-medium_booking-r001,elevenlabs,eleven_flash_v2_5,medium_booking,80.0,50.0,0.25,True,0,0.0,0.0
elevenlabs-medium_booking-r001,elevenlabs,eleven_flash_v2_5,medium_booking,80.0,50.0,0.5,True,0,0.0,0.0
elevenlabs-medium_booking-r001,elevenlabs,eleven_flash_v2_5,medium_booking,80.0,50.0,0.75,True,0,0.0,0.0
elevenlabs-medium_booking-r001,elevenlabs,eleven_flash_v2_5,medium_booking,80.0,100.0,0.25,True,0,0.0,0.0
elevenlabs-medium_booking-r001,elevenlabs,eleven_flash_v2_5,medium_booking,80.0,100.0,0.5,True,0,0.0,0.0
elevenlabs-medium_booking-r001,elevenlabs,eleven_flash_v2_5,medium_booking,80.0,100.0,0.75,True,0,0.0,0.0
elevenlabs-medium_booking-r001,elevenlabs,eleven_flash_v2_5,medium_booking,80.0,200.0,0.25,True,0,0.0,0.0
elevenlabs-medium_booking-r001,elevenlabs,eleven_flash_v2_5,medium_booking,80.0,200.0,0.5,True,0,0.0,0.0
elevenlabs-medium_booking-r001,elevenlabs,eleven_flash_v2_5,medium_booking,80.0,200.0,0.75,True,0,0.0,0.0
elevenlabs-medium_booking-r001,elevenlabs,eleven_flash_v2_5,medium_booking,80.0,400.0,0.25,True,0,0.0,0.0
elevenlabs-medium_booking-r001,elevenlabs,eleven_flash_v2_5,medium_booking,80.0,400.0,0.5,True,0,0.0,0.0
elevenlabs-medium_booking-r001,elevenlabs,eleven_flash_v2_5,medium_booking,80.0,400.0,0.75,True,0,0.0,0.0
elevenlabs-medium_booking-r001,elevenlabs,eleven_flash_v2_5,medium_booking,80.0,800.0,0.25,True,0,0.0,0.0
elevenlabs-medium_booking-r001,elevenlabs,eleven_flash_v2_5,medium_booking,80.0,800.0,0.5,True,0,0.0,0.0
elevenlabs-medium_booking-r001,elevenlabs,eleven_flash_v2_5,medium_booking,80.0,800.0,0.75,True,0,0.0,0.0
elevenlabs-medium_booking-r001,elevenlabs,eleven_flash_v2_5,medium_booking,80.0,1200.0,0.25,True,0,0.0,0.0
elevenlabs-medium_booking-r001,elevenlabs,eleven_flash_v2_5,medium_booking,80.0,1200.0,0.5,True,0,0.0,0.0
elevenlabs-medium_booking-r001,elevenlabs,eleven_flash_v2_5,medium_booking,80.0,1200.0,0.75,True,0,0.0,0.0
elevenlabs-medium_booking-r002,elevenlabs,eleven_flash_v2_5,medium_booking,80.0,0.0,0.25,True,0,0.0,0.0
elevenlabs-medium_booking-r002,elevenlabs,eleven_flash_v2_5,medium_booking,80.0,0.0,0.5,True,0,0.0,0.0
elevenlabs-medium_booking-r002,elevenlabs,eleven_flash_v2_5,medium_booking,80.0,0.0,0.75,True,0,0.0,0.0
elevenlabs-medium_booking-r002,elevenlabs,eleven_flash_v2_5,medium_booking,80.0,50.0,0.25,True,0,0.0,0.0
elevenlabs-medium_booking-r002,elevenlabs,eleven_flash_v2_5,medium_booking,80.0,50.0,0.5,True,0,0.0,0.0
elevenlabs-medium_booking-r002,elevenlabs,eleven_flash_v2_5,medium_booking,80.0,50.0,0.75,True,0,0.0,0.0
elevenlabs-medium_booking-r002,elevenlabs,eleven_flash_v2_5,medium_booking,80.0,100.0,0.25,True,0,0.0,0.0
elevenlabs-medium_booking-r002,elevenlabs,eleven_flash_v2_5,medium_booking,80.0,100.0,0.5,True,0,0.0,0.0
elevenlabs-medium_booking-r002,elevenlabs,eleven_flash_v2_5,medium_booking,80.0,100.0,0.75,True,0,0.0,0.0
elevenlabs-medium_booking-r002,elevenlabs,eleven_flash_v2_5,medium_booking,80.0,200.0,0.25,True,0,0.0,0.0
elevenlabs-medium_booking-r002,elevenlabs,eleven_flash_v2_5,medium_booking,80.0,200.0,0.5,True,0,0.0,0.0
elevenlabs-medium_booking-r002,elevenlabs,eleven_flash_v2_5,medium_booking,80.0,200.0,0.75,True,0,0.0,0.0
elevenlabs-medium_booking-r002,elevenlabs,eleven_flash_v2_5,medium_booking,80.0,400.0,0.25,True,0,0.0,0.0
elevenlabs-medium_booking-r002,elevenlabs,eleven_flash_v2_5,medium_booking,80.0,400.0,0.5,True,0,0.0,0.0
elevenlabs-medium_booking-r002,elevenlabs,eleven_flash_v2_5,medium_booking,80.0,400.0,0.75,True,0,0.0,0.0
elevenlabs-medium_booking-r002,elevenlabs,eleven_flash_v2_5,medium_booking,80.0,800.0,0.25,True,0,0.0,0.0
elevenlabs-medium_booking-r002,elevenlabs,eleven_flash_v2_5,medium_booking,80.0,800.0,0.5,True,0,0.0,0.0
elevenlabs-medium_booking-r002,elevenlabs,eleven_flash_v2_5,medium_booking,80.0,800.0,0.75,True,0,0.0,0.0
elevenlabs-medium_booking-r002,elevenlabs,eleven_flash_v2_5,medium_booking,80.0,1200.0,0.25,True,0,0.0,0.0
elevenlabs-medium_booking-r002,elevenlabs,eleven_flash_v2_5,medium_booking,80.0,1200.0,0.5,True,0,0.0,0.0
elevenlabs-medium_booking-r002,elevenlabs,eleven_flash_v2_5,medium_booking,80.0,1200.0,0.75,True,0,0.0,0.0
elevenlabs-medium_booking-r003,elevenlabs,eleven_flash_v2_5,medium_booking,80.0,0.0,0.25,True,0,0.0,0.0
elevenlabs-medium_booking-r003,elevenlabs,eleven_flash_v2_5,medium_booking,80.0,0.0,0.5,True,0,0.0,0.0
elevenlabs-medium_booking-r003,elevenlabs,eleven_flash_v2_5,medium_booking,80.0,0.0,0.75,True,0,0.0,0.0
elevenlabs-medium_booking-r003,elevenlabs,eleven_flash_v2_5,medium_booking,80.0,50.0,0.25,True,0,0.0,0.0
elevenlabs-medium_booking-r003,elevenlabs,eleven_flash_v2_5,medium_booking,80.0,50.0,0.5,True,0,0.0,0.0
elevenlabs-medium_booking-r003,elevenlabs,eleven_flash_v2_5,medium_booking,80.0,50.0,0.75,True,0,0.0,0.0
elevenlabs-medium_booking-r003,elevenlabs,eleven_flash_v2_5,medium_booking,80.0,100.0,0.25,True,0,0.0,0.0
elevenlabs-medium_booking-r003,elevenlabs,eleven_flash_v2_5,medium_booking,80.0,100.0,0.5,True,0,0.0,0.0
elevenlabs-medium_booking-r003,elevenlabs,eleven_flash_v2_5,medium_booking,80.0,100.0,0.75,True,0,0.0,0.0
elevenlabs-medium_booking-r003,elevenlabs,eleven_flash_v2_5,medium_booking,80.0,200.0,0.25,True,0,0.0,0.0
elevenlabs-medium_booking-r003,elevenlabs,eleven_flash_v2_5,medium_booking,80.0,200.0,0.5,True,0,0.0,0.0
elevenlabs-medium_booking-r003,elevenlabs,eleven_flash_v2_5,medium_booking,80.0,200.0,0.75,True,0,0.0,0.0
elevenlabs-medium_booking-r003,elevenlabs,eleven_flash_v2_5,medium_booking,80.0,400.0,0.25,True,0,0.0,0.0
elevenlabs-medium_booking-r003,elevenlabs,eleven_flash_v2_5,medium_booking,80.0,400.0,0.5,True,0,0.0,0.0
elevenlabs-medium_booking-r003,elevenlabs,eleven_flash_v2_5,medium_booking,80.0,400.0,0.75,True,0,0.0,0.0
elevenlabs-medium_booking-r003,elevenlabs,eleven_flash_v2_5,medium_booking,80.0,800.0,0.25,True,0,0.0,0.0
elevenlabs-medium_booking-r003,elevenlabs,eleven_flash_v2_5,medium_booking,80.0,800.0,0.5,True,0,0.0,0.0
elevenlabs-medium_booking-r003,elevenlabs,eleven_flash_v2_5,medium_booking,80.0,800.0,0.75,True,0,0.0,0.0
elevenlabs-medium_booking-r003,elevenlabs,eleven_flash_v2_5,medium_booking,80.0,1200.0,0.25,True,0,0.0,0.0
elevenlabs-medium_booking-r003,elevenlabs,eleven_flash_v2_5,medium_booking,80.0,1200.0,0.5,True,0,0.0,0.0
elevenlabs-medium_booking-r003,elevenlabs,eleven_flash_v2_5,medium_booking,80.0,1200.0,0.75,True,0,0.0,0.0
elevenlabs-medium_booking-r004,elevenlabs,eleven_flash_v2_5,medium_booking,80.0,0.0,0.25,True,0,0.0,0.0
elevenlabs-medium_booking-r004,elevenlabs,eleven_flash_v2_5,medium_booking,80.0,0.0,0.5,True,0,0.0,0.0
elevenlabs-medium_booking-r004,elevenlabs,eleven_flash_v2_5,medium_booking,80.0,0.0,0.75,True,0,0.0,0.0
elevenlabs-medium_booking-r004,elevenlabs,eleven_flash_v2_5,medium_booking,80.0,50.0,0.25,True,0,0.0,0.0
elevenlabs-medium_booking-r004,elevenlabs,eleven_flash_v2_5,medium_booking,80.0,50.0,0.5,True,0,0.0,0.0
elevenlabs-medium_booking-r004,elevenlabs,eleven_flash_v2_5,medium_booking,80.0,50.0,0.75,True,0,0.0,0.0
elevenlabs-medium_booking-r004,elevenlabs,eleven_flash_v2_5,medium_booking,80.0,100.0,0.25,True,0,0.0,0.0
elevenlabs-medium_booking-r004,elevenlabs,eleven_flash_v2_5,medium_booking,80.0,100.0,0.5,True,0,0.0,0.0
elevenlabs-medium_booking-r004,elevenlabs,eleven_flash_v2_5,medium_booking,80.0,100.0,0.75,True,0,0.0,0.0
elevenlabs-medium_booking-r004,elevenlabs,eleven_flash_v2_5,medium_booking,80.0,200.0,0.25,True,0,0.0,0.0
elevenlabs-medium_booking-r004,elevenlabs,eleven_flash_v2_5,medium_booking,80.0,200.0,0.5,True,0,0.0,0.0
elevenlabs-medium_booking-r004,elevenlabs,eleven_flash_v2_5,medium_booking,80.0,200.0,0.75,True,0,0.0,0.0
elevenlabs-medium_booking-r004,elevenlabs,eleven_flash_v2_5,medium_booking,80.0,400.0,0.25,True,0,0.0,0.0
elevenlabs-medium_booking-r004,elevenlabs,eleven_flash_v2_5,medium_booking,80.0,400.0,0.5,True,0,0.0,0.0
elevenlabs-medium_booking-r004,elevenlabs,eleven_flash_v2_5,medium_booking,80.0,400.0,0.75,True,0,0.0,0.0
elevenlabs-medium_booking-r004,elevenlabs,eleven_flash_v2_5,medium_booking,80.0,800.0,0.25,True,0,0.0,0.0
elevenlabs-medium_booking-r004,elevenlabs,eleven_flash_v2_5,medium_booking,80.0,800.0,0.5,True,0,0.0,0.0
elevenlabs-medium_booking-r004,elevenlabs,eleven_flash_v2_5,medium_booking,80.0,800.0,0.75,True,0,0.0,0.0
elevenlabs-medium_booking-r004,elevenlabs,eleven_flash_v2_5,medium_booking,80.0,1200.0,0.25,True,0,0.0,0.0
elevenlabs-medium_booking-r004,elevenlabs,eleven_flash_v2_5,medium_booking,80.0,1200.0,0.5,True,0,0.0,0.0
elevenlabs-medium_booking-r004,elevenlabs,eleven_flash_v2_5,medium_booking,80.0,1200.0,0.75,True,0,0.0,0.0
elevenlabs-medium_booking-r005,elevenlabs,eleven_flash_v2_5,medium_booking,80.0,0.0,0.25,True,0,0.0,0.0
elevenlabs-medium_booking-r005,elevenlabs,eleven_flash_v2_5,medium_booking,80.0,0.0,0.5,True,0,0.0,0.0
elevenlabs-medium_booking-r005,elevenlabs,eleven_flash_v2_5,medium_booking,80.0,0.0,0.75,True,0,0.0,0.0
elevenlabs-medium_booking-r005,elevenlabs,eleven_flash_v2_5,medium_booking,80.0,50.0,0.25,True,0,0.0,0.0
elevenlabs-medium_booking-r005,elevenlabs,eleven_flash_v2_5,medium_booking,80.0,50.0,0.5,True,0,0.0,0.0
elevenlabs-medium_booking-r005,elevenlabs,eleven_flash_v2_5,medium_booking,80.0,50.0,0.75,True,0,0.0,0.0
elevenlabs-medium_booking-r005,elevenlabs,eleven_flash_v2_5,medium_booking,80.0,100.0,0.25,True,0,0.0,0.0
elevenlabs-medium_booking-r005,elevenlabs,eleven_flash_v2_5,medium_booking,80.0,100.0,0.5,True,0,0.0,0.0
elevenlabs-medium_booking-r005,elevenlabs,eleven_flash_v2_5,medium_booking,80.0,100.0,0.75,True,0,0.0,0.0
elevenlabs-medium_booking-r005,elevenlabs,eleven_flash_v2_5,medium_booking,80.0,200.0,0.25,True,0,0.0,0.0
elevenlabs-medium_booking-r005,elevenlabs,eleven_flash_v2_5,medium_booking,80.0,200.0,0.5,True,0,0.0,0.0
elevenlabs-medium_booking-r005,elevenlabs,eleven_flash_v2_5,medium_booking,80.0,200.0,0.75,True,0,0.0,0.0
elevenlabs-medium_booking-r005,elevenlabs,eleven_flash_v2_5,medium_booking,80.0,400.0,0.25,True,0,0.0,0.0
elevenlabs-medium_booking-r005,elevenlabs,eleven_flash_v2_5,medium_booking,80.0,400.0,0.5,True,0,0.0,0.0
elevenlabs-medium_booking-r005,elevenlabs,eleven_flash_v2_5,medium_booking,80.0,400.0,0.75,True,0,0.0,0.0
elevenlabs-medium_booking-r005,elevenlabs,eleven_flash_v2_5,medium_booking,80.0,800.0,0.25,True,0,0.0,0.0
elevenlabs-medium_booking-r005,elevenlabs,eleven_flash_v2_5,medium_booking,80.0,800.0,0.5,True,0,0.0,0.0
elevenlabs-medium_booking-r005,elevenlabs,eleven_flash_v2_5,medium_booking,80.0,800.0,0.75,True,0,0.0,0.0
elevenlabs-medium_booking-r005,elevenlabs,eleven_flash_v2_5,medium_booking,80.0,1200.0,0.25,True,0,0.0,0.0
elevenlabs-medium_booking-r005,elevenlabs,eleven_flash_v2_5,medium_booking,80.0,1200.0,0.5,True,0,0.0,0.0
elevenlabs-medium_booking-r005,elevenlabs,eleven_flash_v2_5,medium_booking,80.0,1200.0,0.75,True,0,0.0,0.0
elevenlabs-medium_booking-r006,elevenlabs,eleven_flash_v2_5,medium_booking,80.0,0.0,0.25,True,0,0.0,0.0
elevenlabs-medium_booking-r006,elevenlabs,eleven_flash_v2_5,medium_booking,80.0,0.0,0.5,True,0,0.0,0.0
elevenlabs-medium_booking-r006,elevenlabs,eleven_flash_v2_5,medium_booking,80.0,0.0,0.75,True,0,0.0,0.0
elevenlabs-medium_booking-r006,elevenlabs,eleven_flash_v2_5,medium_booking,80.0,50.0,0.25,True,0,0.0,0.0
elevenlabs-medium_booking-r006,elevenlabs,eleven_flash_v2_5,medium_booking,80.0,50.0,0.5,True,0,0.0,0.0
elevenlabs-medium_booking-r006,elevenlabs,eleven_flash_v2_5,medium_booking,80.0,50.0,0.75,True,0,0.0,0.0
elevenlabs-medium_booking-r006,elevenlabs,eleven_flash_v2_5,medium_booking,80.0,100.0,0.25,True,0,0.0,0.0
elevenlabs-medium_booking-r006,elevenlabs,eleven_flash_v2_5,medium_booking,80.0,100.0,0.5,True,0,0.0,0.0
elevenlabs-medium_booking-r006,elevenlabs,eleven_flash_v2_5,medium_booking,80.0,100.0,0.75,True,0,0.0,0.0
elevenlabs-medium_booking-r006,elevenlabs,eleven_flash_v2_5,medium_booking,80.0,200.0,0.25,True,0,0.0,0.0
elevenlabs-medium_booking-r006,elevenlabs,eleven_flash_v2_5,medium_booking,80.0,200.0,0.5,True,0,0.0,0.0
elevenlabs-medium_booking-r006,elevenlabs,eleven_flash_v2_5,medium_booking,80.0,200.0,0.75,True,0,0.0,0.0
elevenlabs-medium_booking-r006,elevenlabs,eleven_flash_v2_5,medium_booking,80.0,400.0,0.25,True,0,0.0,0.0
elevenlabs-medium_booking-r006,elevenlabs,eleven_flash_v2_5,medium_booking,80.0,400.0,0.5,True,0,0.0,0.0
elevenlabs-medium_booking-r006,elevenlabs,eleven_flash_v2_5,medium_booking,80.0,400.0,0.75,True,0,0.0,0.0
elevenlabs-medium_booking-r006,elevenlabs,eleven_flash_v2_5,medium_booking,80.0,800.0,0.25,True,0,0.0,0.0
elevenlabs-medium_booking-r006,elevenlabs,eleven_flash_v2_5,medium_booking,80.0,800.0,0.5,True,0,0.0,0.0
elevenlabs-medium_booking-r006,elevenlabs,eleven_flash_v2_5,medium_booking,80.0,800.0,0.75,True,0,0.0,0.0
elevenlabs-medium_booking-r006,elevenlabs,eleven_flash_v2_5,medium_booking,80.0,1200.0,0.25,True,0,0.0,0.0
elevenlabs-medium_booking-r006,elevenlabs,eleven_flash_v2_5,medium_booking,80.0,1200.0,0.5,True,0,0.0,0.0
elevenlabs-medium_booking-r006,elevenlabs,eleven_flash_v2_5,medium_booking,80.0,1200.0,0.75,True,0,0.0,0.0
elevenlabs-medium_booking-r007,elevenlabs,eleven_flash_v2_5,medium_booking,80.0,0.0,0.25,True,0,0.0,0.0
elevenlabs-medium_booking-r007,elevenlabs,eleven_flash_v2_5,medium_booking,80.0,0.0,0.5,True,0,0.0,0.0
elevenlabs-medium_booking-r007,elevenlabs,eleven_flash_v2_5,medium_booking,80.0,0.0,0.75,True,0,0.0,0.0
elevenlabs-medium_booking-r007,elevenlabs,eleven_flash_v2_5,medium_booking,80.0,50.0,0.25,True,0,0.0,0.0
elevenlabs-medium_booking-r007,elevenlabs,eleven_flash_v2_5,medium_booking,80.0,50.0,0.5,True,0,0.0,0.0
elevenlabs-medium_booking-r007,elevenlabs,eleven_flash_v2_5,medium_booking,80.0,50.0,0.75,True,0,0.0,0.0
elevenlabs-medium_booking-r007,elevenlabs,eleven_flash_v2_5,medium_booking,80.0,100.0,0.25,True,0,0.0,0.0
elevenlabs-medium_booking-r007,elevenlabs,eleven_flash_v2_5,medium_booking,80.0,100.0,0.5,True,0,0.0,0.0
elevenlabs-medium_booking-r007,elevenlabs,eleven_flash_v2_5,medium_booking,80.0,100.0,0.75,True,0,0.0,0.0
elevenlabs-medium_booking-r007,elevenlabs,eleven_flash_v2_5,medium_booking,80.0,200.0,0.25,True,0,0.0,0.0
elevenlabs-medium_booking-r007,elevenlabs,eleven_flash_v2_5,medium_booking,80.0,200.0,0.5,True,0,0.0,0.0
elevenlabs-medium_booking-r007,elevenlabs,eleven_flash_v2_5,medium_booking,80.0,200.0,0.75,True,0,0.0,0.0
elevenlabs-medium_booking-r007,elevenlabs,eleven_flash_v2_5,medium_booking,80.0,400.0,0.25,True,0,0.0,0.0
elevenlabs-medium_booking-r007,elevenlabs,eleven_flash_v2_5,medium_booking,80.0,400.0,0.5,True,0,0.0,0.0
elevenlabs-medium_booking-r007,elevenlabs,eleven_flash_v2_5,medium_booking,80.0,400.0,0.75,True,0,0.0,0.0
elevenlabs-medium_booking-r007,elevenlabs,eleven_flash_v2_5,medium_booking,80.0,800.0,0.25,True,0,0.0,0.0
elevenlabs-medium_booking-r007,elevenlabs,eleven_flash_v2_5,medium_booking,80.0,800.0,0.5,True,0,0.0,0.0
elevenlabs-medium_booking-r007,elevenlabs,eleven_flash_v2_5,medium_booking,80.0,800.0,0.75,True,0,0.0,0.0
elevenlabs-medium_booking-r007,elevenlabs,eleven_flash_v2_5,medium_booking,80.0,1200.0,0.25,True,0,0.0,0.0
elevenlabs-medium_booking-r007,elevenlabs,eleven_flash_v2_5,medium_booking,80.0,1200.0,0.5,True,0,0.0,0.0
elevenlabs-medium_booking-r007,elevenlabs,eleven_flash_v2_5,medium_booking,80.0,1200.0,0.75,True,0,0.0,0.0
elevenlabs-medium_booking-r008,elevenlabs,eleven_flash_v2_5,medium_booking,80.0,0.0,0.25,True,0,0.0,0.0
elevenlabs-medium_booking-r008,elevenlabs,eleven_flash_v2_5,medium_booking,80.0,0.0,0.5,True,0,0.0,0.0
elevenlabs-medium_booking-r008,elevenlabs,eleven_flash_v2_5,medium_booking,80.0,0.0,0.75,True,0,0.0,0.0
elevenlabs-medium_booking-r008,elevenlabs,eleven_flash_v2_5,medium_booking,80.0,50.0,0.25,True,0,0.0,0.0
elevenlabs-medium_booking-r008,elevenlabs,eleven_flash_v2_5,medium_booking,80.0,50.0,0.5,True,0,0.0,0.0
elevenlabs-medium_booking-r008,elevenlabs,eleven_flash_v2_5,medium_booking,80.0,50.0,0.75,True,0,0.0,0.0
elevenlabs-medium_booking-r008,elevenlabs,eleven_flash_v2_5,medium_booking,80.0,100.0,0.25,True,0,0.0,0.0
elevenlabs-medium_booking-r008,elevenlabs,eleven_flash_v2_5,medium_booking,80.0,100.0,0.5,True,0,0.0,0.0
elevenlabs-medium_booking-r008,elevenlabs,eleven_flash_v2_5,medium_booking,80.0,100.0,0.75,True,0,0.0,0.0
elevenlabs-medium_booking-r008,elevenlabs,eleven_flash_v2_5,medium_booking,80.0,200.0,0.25,True,0,0.0,0.0
elevenlabs-medium_booking-r008,elevenlabs,eleven_flash_v2_5,medium_booking,80.0,200.0,0.5,True,0,0.0,0.0
elevenlabs-medium_booking-r008,elevenlabs,eleven_flash_v2_5,medium_booking,80.0,200.0,0.75,True,0,0.0,0.0
elevenlabs-medium_booking-r008,elevenlabs,eleven_flash_v2_5,medium_booking,80.0,400.0,0.25,True,0,0.0,0.0
elevenlabs-medium_booking-r008,elevenlabs,eleven_flash_v2_5,medium_booking,80.0,400.0,0.5,True,0,0.0,0.0
elevenlabs-medium_booking-r008,elevenlabs,eleven_flash_v2_5,medium_booking,80.0,400.0,0.75,True,0,0.0,0.0
elevenlabs-medium_booking-r008,elevenlabs,eleven_flash_v2_5,medium_booking,80.0,800.0,0.25,True,0,0.0,0.0
elevenlabs-medium_booking-r008,elevenlabs,eleven_flash_v2_5,medium_booking,80.0,800.0,0.5,True,0,0.0,0.0
elevenlabs-medium_booking-r008,elevenlabs,eleven_flash_v2_5,medium_booking,80.0,800.0,0.75,True,0,0.0,0.0
elevenlabs-medium_booking-r008,elevenlabs,eleven_flash_v2_5,medium_booking,80.0,1200.0,0.25,True,0,0.0,0.0
elevenlabs-medium_booking-r008,elevenlabs,eleven_flash_v2_5,medium_booking,80.0,1200.0,0.5,True,0,0.0,0.0
elevenlabs-medium_booking-r008,elevenlabs,eleven_flash_v2_5,medium_booking,80.0,1200.0,0.75,True,0,0.0,0.0
elevenlabs-medium_booking-r009,elevenlabs,eleven_flash_v2_5,medium_booking,80.0,0.0,0.25,True,0,0.0,0.0
elevenlabs-medium_booking-r009,elevenlabs,eleven_flash_v2_5,medium_booking,80.0,0.0,0.5,True,0,0.0,0.0
elevenlabs-medium_booking-r009,elevenlabs,eleven_flash_v2_5,medium_booking,80.0,0.0,0.75,True,0,0.0,0.0
elevenlabs-medium_booking-r009,elevenlabs,eleven_flash_v2_5,medium_booking,80.0,50.0,0.25,True,0,0.0,0.0
elevenlabs-medium_booking-r009,elevenlabs,eleven_flash_v2_5,medium_booking,80.0,50.0,0.5,True,0,0.0,0.0
elevenlabs-medium_booking-r009,elevenlabs,eleven_flash_v2_5,medium_booking,80.0,50.0,0.75,True,0,0.0,0.0
elevenlabs-medium_booking-r009,elevenlabs,eleven_flash_v2_5,medium_booking,80.0,100.0,0.25,True,0,0.0,0.0
elevenlabs-medium_booking-r009,elevenlabs,eleven_flash_v2_5,medium_booking,80.0,100.0,0.5,True,0,0.0,0.0
elevenlabs-medium_booking-r009,elevenlabs,eleven_flash_v2_5,medium_booking,80.0,100.0,0.75,True,0,0.0,0.0
elevenlabs-medium_booking-r009,elevenlabs,eleven_flash_v2_5,medium_booking,80.0,200.0,0.25,True,0,0.0,0.0
elevenlabs-medium_booking-r009,elevenlabs,eleven_flash_v2_5,medium_booking,80.0,200.0,0.5,True,0,0.0,0.0
elevenlabs-medium_booking-r009,elevenlabs,eleven_flash_v2_5,medium_booking,80.0,200.0,0.75,True,0,0.0,0.0
elevenlabs-medium_booking-r009,elevenlabs,eleven_flash_v2_5,medium_booking,80.0,400.0,0.25,True,0,0.0,0.0
elevenlabs-medium_booking-r009,elevenlabs,eleven_flash_v2_5,medium_booking,80.0,400.0,0.5,True,0,0.0,0.0
elevenlabs-medium_booking-r009,elevenlabs,eleven_flash_v2_5,medium_booking,80.0,400.0,0.75,True,0,0.0,0.0
elevenlabs-medium_booking-r009,elevenlabs,eleven_flash_v2_5,medium_booking,80.0,800.0,0.25,True,0,0.0,0.0
elevenlabs-medium_booking-r009,elevenlabs,eleven_flash_v2_5,medium_booking,80.0,800.0,0.5,True,0,0.0,0.0
elevenlabs-medium_booking-r009,elevenlabs,eleven_flash_v2_5,medium_booking,80.0,800.0,0.75,True,0,0.0,0.0
elevenlabs-medium_booking-r009,elevenlabs,eleven_flash_v2_5,medium_booking,80.0,1200.0,0.25,True,0,0.0,0.0
elevenlabs-medium_booking-r009,elevenlabs,eleven_flash_v2_5,medium_booking,80.0,1200.0,0.5,True,0,0.0,0.0
elevenlabs-medium_booking-r009,elevenlabs,eleven_flash_v2_5,medium_booking,80.0,1200.0,0.75,True,0,0.0,0.0
elevenlabs-medium_booking-r010,elevenlabs,eleven_flash_v2_5,medium_booking,80.0,0.0,0.25,True,0,0.0,0.0
elevenlabs-medium_booking-r010,elevenlabs,eleven_flash_v2_5,medium_booking,80.0,0.0,0.5,True,0,0.0,0.0
elevenlabs-medium_booking-r010,elevenlabs,eleven_flash_v2_5,medium_booking,80.0,0.0,0.75,True,0,0.0,0.0
elevenlabs-medium_booking-r010,elevenlabs,eleven_flash_v2_5,medium_booking,80.0,50.0,0.25,True,0,0.0,0.0
elevenlabs-medium_booking-r010,elevenlabs,eleven_flash_v2_5,medium_booking,80.0,50.0,0.5,True,0,0.0,0.0
elevenlabs-medium_booking-r010,elevenlabs,eleven_flash_v2_5,medium_booking,80.0,50.0,0.75,True,0,0.0,0.0
elevenlabs-medium_booking-r010,elevenlabs,eleven_flash_v2_5,medium_booking,80.0,100.0,0.25,True,0,0.0,0.0
elevenlabs-medium_booking-r010,elevenlabs,eleven_flash_v2_5,medium_booking,80.0,100.0,0.5,True,0,0.0,0.0
elevenlabs-medium_booking-r010,elevenlabs,eleven_flash_v2_5,medium_booking,80.0,100.0,0.75,True,0,0.0,0.0
elevenlabs-medium_booking-r010,elevenlabs,eleven_flash_v2_5,medium_booking,80.0,200.0,0.25,True,0,0.0,0.0
elevenlabs-medium_booking-r010,elevenlabs,eleven_flash_v2_5,medium_booking,80.0,200.0,0.5,True,0,0.0,0.0
elevenlabs-medium_booking-r010,elevenlabs,eleven_flash_v2_5,medium_booking,80.0,200.0,0.75,True,0,0.0,0.0
elevenlabs-medium_booking-r010,elevenlabs,eleven_flash_v2_5,medium_booking,80.0,400.0,0.25,True,0,0.0,0.0
elevenlabs-medium_booking-r010,elevenlabs,eleven_flash_v2_5,medium_booking,80.0,400.0,0.5,True,0,0.0,0.0
elevenlabs-medium_booking-r010,elevenlabs,eleven_flash_v2_5,medium_booking,80.0,400.0,0.75,True,0,0.0,0.0
elevenlabs-medium_booking-r010,elevenlabs,eleven_flash_v2_5,medium_booking,80.0,800.0,0.25,True,0,0.0,0.0
elevenlabs-medium_booking-r010,elevenlabs,eleven_flash_v2_5,medium_booking,80.0,800.0,0.5,True,0,0.0,0.0
elevenlabs-medium_booking-r010,elevenlabs,eleven_flash_v2_5,medium_booking,80.0,800.0,0.75,True,0,0.0,0.0
elevenlabs-medium_booking-r010,elevenlabs,eleven_flash_v2_5,medium_booking,80.0,1200.0,0.25,True,0,0.0,0.0
elevenlabs-medium_booking-r010,elevenlabs,eleven_flash_v2_5,medium_booking,80.0,1200.0,0.5,True,0,0.0,0.0
elevenlabs-medium_booking-r010,elevenlabs,eleven_flash_v2_5,medium_booking,80.0,1200.0,0.75,True,0,0.0,0.0
elevenlabs-medium_booking-r011,elevenlabs,eleven_flash_v2_5,medium_booking,80.0,0.0,0.25,True,0,0.0,0.0
elevenlabs-medium_booking-r011,elevenlabs,eleven_flash_v2_5,medium_booking,80.0,0.0,0.5,True,0,0.0,0.0
elevenlabs-medium_booking-r011,elevenlabs,eleven_flash_v2_5,medium_booking,80.0,0.0,0.75,True,0,0.0,0.0
elevenlabs-medium_booking-r011,elevenlabs,eleven_flash_v2_5,medium_booking,80.0,50.0,0.25,True,0,0.0,0.0
elevenlabs-medium_booking-r011,elevenlabs,eleven_flash_v2_5,medium_booking,80.0,50.0,0.5,True,0,0.0,0.0
elevenlabs-medium_booking-r011,elevenlabs,eleven_flash_v2_5,medium_booking,80.0,50.0,0.75,True,0,0.0,0.0
elevenlabs-medium_booking-r011,elevenlabs,eleven_flash_v2_5,medium_booking,80.0,100.0,0.25,True,0,0.0,0.0
elevenlabs-medium_booking-r011,elevenlabs,eleven_flash_v2_5,medium_booking,80.0,100.0,0.5,True,0,0.0,0.0
elevenlabs-medium_booking-r011,elevenlabs,eleven_flash_v2_5,medium_booking,80.0,100.0,0.75,True,0,0.0,0.0
elevenlabs-medium_booking-r011,elevenlabs,eleven_flash_v2_5,medium_booking,80.0,200.0,0.25,True,0,0.0,0.0
elevenlabs-medium_booking-r011,elevenlabs,eleven_flash_v2_5,medium_booking,80.0,200.0,0.5,True,0,0.0,0.0
elevenlabs-medium_booking-r011,elevenlabs,eleven_flash_v2_5,medium_booking,80.0,200.0,0.75,True,0,0.0,0.0
elevenlabs-medium_booking-r011,elevenlabs,eleven_flash_v2_5,medium_booking,80.0,400.0,0.25,True,0,0.0,0.0
elevenlabs-medium_booking-r011,elevenlabs,eleven_flash_v2_5,medium_booking,80.0,400.0,0.5,True,0,0.0,0.0
elevenlabs-medium_booking-r011,elevenlabs,eleven_flash_v2_5,medium_booking,80.0,400.0,0.75,True,0,0.0,0.0
elevenlabs-medium_booking-r011,elevenlabs,eleven_flash_v2_5,medium_booking,80.0,800.0,0.25,True,0,0.0,0.0
elevenlabs-medium_booking-r011,elevenlabs,eleven_flash_v2_5,medium_booking,80.0,800.0,0.5,True,0,0.0,0.0
elevenlabs-medium_booking-r011,elevenlabs,eleven_flash_v2_5,medium_booking,80.0,800.0,0.75,True,0,0.0,0.0
elevenlabs-medium_booking-r011,elevenlabs,eleven_flash_v2_5,medium_booking,80.0,1200.0,0.25,True,0,0.0,0.0
elevenlabs-medium_booking-r011,elevenlabs,eleven_flash_v2_5,medium_booking,80.0,1200.0,0.5,True,0,0.0,0.0
elevenlabs-medium_booking-r011,elevenlabs,eleven_flash_v2_5,medium_booking,80.0,1200.0,0.75,True,0,0.0,0.0
elevenlabs-medium_booking-r012,elevenlabs,eleven_flash_v2_5,medium_booking,80.0,0.0,0.25,True,0,0.0,0.0
elevenlabs-medium_booking-r012,elevenlabs,eleven_flash_v2_5,medium_booking,80.0,0.0,0.5,True,0,0.0,0.0
elevenlabs-medium_booking-r012,elevenlabs,eleven_flash_v2_5,medium_booking,80.0,0.0,0.75,True,0,0.0,0.0
elevenlabs-medium_booking-r012,elevenlabs,eleven_flash_v2_5,medium_booking,80.0,50.0,0.25,True,0,0.0,0.0
elevenlabs-medium_booking-r012,elevenlabs,eleven_flash_v2_5,medium_booking,80.0,50.0,0.5,True,0,0.0,0.0
elevenlabs-medium_booking-r012,elevenlabs,eleven_flash_v2_5,medium_booking,80.0,50.0,0.75,True,0,0.0,0.0
elevenlabs-medium_booking-r012,elevenlabs,eleven_flash_v2_5,medium_booking,80.0,100.0,0.25,True,0,0.0,0.0
elevenlabs-medium_booking-r012,elevenlabs,eleven_flash_v2_5,medium_booking,80.0,100.0,0.5,True,0,0.0,0.0
elevenlabs-medium_booking-r012,elevenlabs,eleven_flash_v2_5,medium_booking,80.0,100.0,0.75,True,0,0.0,0.0
elevenlabs-medium_booking-r012,elevenlabs,eleven_flash_v2_5,medium_booking,80.0,200.0,0.25,True,0,0.0,0.0
elevenlabs-medium_booking-r012,elevenlabs,eleven_flash_v2_5,medium_booking,80.0,200.0,0.5,True,0,0.0,0.0
elevenlabs-medium_booking-r012,elevenlabs,eleven_flash_v2_5,medium_booking,80.0,200.0,0.75,True,0,0.0,0.0
elevenlabs-medium_booking-r012,elevenlabs,eleven_flash_v2_5,medium_booking,80.0,400.0,0.25,True,0,0.0,0.0
elevenlabs-medium_booking-r012,elevenlabs,eleven_flash_v2_5,medium_booking,80.0,400.0,0.5,True,0,0.0,0.0
elevenlabs-medium_booking-r012,elevenlabs,eleven_flash_v2_5,medium_booking,80.0,400.0,0.75,True,0,0.0,0.0
elevenlabs-medium_booking-r012,elevenlabs,eleven_flash_v2_5,medium_booking,80.0,800.0,0.25,True,0,0.0,0.0
elevenlabs-medium_booking-r012,elevenlabs,eleven_flash_v2_5,medium_booking,80.0,800.0,0.5,True,0,0.0,0.0
elevenlabs-medium_booking-r012,elevenlabs,eleven_flash_v2_5,medium_booking,80.0,800.0,0.75,True,0,0.0,0.0
elevenlabs-medium_booking-r012,elevenlabs,eleven_flash_v2_5,medium_booking,80.0,1200.0,0.25,True,0,0.0,0.0
elevenlabs-medium_booking-r012,elevenlabs,eleven_flash_v2_5,medium_booking,80.0,1200.0,0.5,True,0,0.0,0.0
elevenlabs-medium_booking-r012,elevenlabs,eleven_flash_v2_5,medium_booking,80.0,1200.0,0.75,True,0,0.0,0.0
elevenlabs-medium_booking-r013,elevenlabs,eleven_flash_v2_5,medium_booking,80.0,0.0,0.25,True,0,0.0,0.0
elevenlabs-medium_booking-r013,elevenlabs,eleven_flash_v2_5,medium_booking,80.0,0.0,0.5,True,0,0.0,0.0
elevenlabs-medium_booking-r013,elevenlabs,eleven_flash_v2_5,medium_booking,80.0,0.0,0.75,True,0,0.0,0.0
elevenlabs-medium_booking-r013,elevenlabs,eleven_flash_v2_5,medium_booking,80.0,50.0,0.25,True,0,0.0,0.0
elevenlabs-medium_booking-r013,elevenlabs,eleven_flash_v2_5,medium_booking,80.0,50.0,0.5,True,0,0.0,0.0
elevenlabs-medium_booking-r013,elevenlabs,eleven_flash_v2_5,medium_booking,80.0,50.0,0.75,True,0,0.0,0.0
elevenlabs-medium_booking-r013,elevenlabs,eleven_flash_v2_5,medium_booking,80.0,100.0,0.25,True,0,0.0,0.0
elevenlabs-medium_booking-r013,elevenlabs,eleven_flash_v2_5,medium_booking,80.0,100.0,0.5,True,0,0.0,0.0
elevenlabs-medium_booking-r013,elevenlabs,eleven_flash_v2_5,medium_booking,80.0,100.0,0.75,True,0,0.0,0.0
elevenlabs-medium_booking-r013,elevenlabs,eleven_flash_v2_5,medium_booking,80.0,200.0,0.25,True,0,0.0,0.0
elevenlabs-medium_booking-r013,elevenlabs,eleven_flash_v2_5,medium_booking,80.0,200.0,0.5,True,0,0.0,0.0
elevenlabs-medium_booking-r013,elevenlabs,eleven_flash_v2_5,medium_booking,80.0,200.0,0.75,True,0,0.0,0.0
elevenlabs-medium_booking-r013,elevenlabs,eleven_flash_v2_5,medium_booking,80.0,400.0,0.25,True,0,0.0,0.0
elevenlabs-medium_booking-r013,elevenlabs,eleven_flash_v2_5,medium_booking,80.0,400.0,0.5,True,0,0.0,0.0
elevenlabs-medium_booking-r013,elevenlabs,eleven_flash_v2_5,medium_booking,80.0,400.0,0.75,True,0,0.0,0.0
elevenlabs-medium_booking-r013,elevenlabs,eleven_flash_v2_5,medium_booking,80.0,800.0,0.25,True,0,0.0,0.0
elevenlabs-medium_booking-r013,elevenlabs,eleven_flash_v2_5,medium_booking,80.0,800.0,0.5,True,0,0.0,0.0
elevenlabs-medium_booking-r013,elevenlabs,eleven_flash_v2_5,medium_booking,80.0,800.0,0.75,True,0,0.0,0.0
elevenlabs-medium_booking-r013,elevenlabs,eleven_flash_v2_5,medium_booking,80.0,1200.0,0.25,True,0,0.0,0.0
elevenlabs-medium_booking-r013,elevenlabs,eleven_flash_v2_5,medium_booking,80.0,1200.0,0.5,True,0,0.0,0.0
elevenlabs-medium_booking-r013,elevenlabs,eleven_flash_v2_5,medium_booking,80.0,1200.0,0.75,True,0,0.0,0.0
elevenlabs-medium_booking-r014,elevenlabs,eleven_flash_v2_5,medium_booking,80.0,0.0,0.25,True,0,0.0,0.0
elevenlabs-medium_booking-r014,elevenlabs,eleven_flash_v2_5,medium_booking,80.0,0.0,0.5,True,0,0.0,0.0
elevenlabs-medium_booking-r014,elevenlabs,eleven_flash_v2_5,medium_booking,80.0,0.0,0.75,True,0,0.0,0.0
elevenlabs-medium_booking-r014,elevenlabs,eleven_flash_v2_5,medium_booking,80.0,50.0,0.25,True,0,0.0,0.0
elevenlabs-medium_booking-r014,elevenlabs,eleven_flash_v2_5,medium_booking,80.0,50.0,0.5,True,0,0.0,0.0
elevenlabs-medium_booking-r014,elevenlabs,eleven_flash_v2_5,medium_booking,80.0,50.0,0.75,True,0,0.0,0.0
elevenlabs-medium_booking-r014,elevenlabs,eleven_flash_v2_5,medium_booking,80.0,100.0,0.25,True,0,0.0,0.0
elevenlabs-medium_booking-r014,elevenlabs,eleven_flash_v2_5,medium_booking,80.0,100.0,0.5,True,0,0.0,0.0
elevenlabs-medium_booking-r014,elevenlabs,eleven_flash_v2_5,medium_booking,80.0,100.0,0.75,True,0,0.0,0.0
elevenlabs-medium_booking-r014,elevenlabs,eleven_flash_v2_5,medium_booking,80.0,200.0,0.25,True,0,0.0,0.0
elevenlabs-medium_booking-r014,elevenlabs,eleven_flash_v2_5,medium_booking,80.0,200.0,0.5,True,0,0.0,0.0
elevenlabs-medium_booking-r014,elevenlabs,eleven_flash_v2_5,medium_booking,80.0,200.0,0.75,True,0,0.0,0.0
elevenlabs-medium_booking-r014,elevenlabs,eleven_flash_v2_5,medium_booking,80.0,400.0,0.25,True,0,0.0,0.0
elevenlabs-medium_booking-r014,elevenlabs,eleven_flash_v2_5,medium_booking,80.0,400.0,0.5,True,0,0.0,0.0
elevenlabs-medium_booking-r014,elevenlabs,eleven_flash_v2_5,medium_booking,80.0,400.0,0.75,True,0,0.0,0.0
elevenlabs-medium_booking-r014,elevenlabs,eleven_flash_v2_5,medium_booking,80.0,800.0,0.25,True,0,0.0,0.0
elevenlabs-medium_booking-r014,elevenlabs,eleven_flash_v2_5,medium_booking,80.0,800.0,0.5,True,0,0.0,0.0
elevenlabs-medium_booking-r014,elevenlabs,eleven_flash_v2_5,medium_booking,80.0,800.0,0.75,True,0,0.0,0.0
elevenlabs-medium_booking-r014,elevenlabs,eleven_flash_v2_5,medium_booking,80.0,1200.0,0.25,True,0,0.0,0.0
elevenlabs-medium_booking-r014,elevenlabs,eleven_flash_v2_5,medium_booking,80.0,1200.0,0.5,True,0,0.0,0.0
elevenlabs-medium_booking-r014,elevenlabs,eleven_flash_v2_5,medium_booking,80.0,1200.0,0.75,True,0,0.0,0.0
elevenlabs-medium_booking-r015,elevenlabs,eleven_flash_v2_5,medium_booking,80.0,0.0,0.25,True,0,0.0,0.0
elevenlabs-medium_booking-r015,elevenlabs,eleven_flash_v2_5,medium_booking,80.0,0.0,0.5,True,0,0.0,0.0
elevenlabs-medium_booking-r015,elevenlabs,eleven_flash_v2_5,medium_booking,80.0,0.0,0.75,True,0,0.0,0.0
elevenlabs-medium_booking-r015,elevenlabs,eleven_flash_v2_5,medium_booking,80.0,50.0,0.25,True,0,0.0,0.0
elevenlabs-medium_booking-r015,elevenlabs,eleven_flash_v2_5,medium_booking,80.0,50.0,0.5,True,0,0.0,0.0
elevenlabs-medium_booking-r015,elevenlabs,eleven_flash_v2_5,medium_booking,80.0,50.0,0.75,True,0,0.0,0.0
elevenlabs-medium_booking-r015,elevenlabs,eleven_flash_v2_5,medium_booking,80.0,100.0,0.25,True,0,0.0,0.0
elevenlabs-medium_booking-r015,elevenlabs,eleven_flash_v2_5,medium_booking,80.0,100.0,0.5,True,0,0.0,0.0
elevenlabs-medium_booking-r015,elevenlabs,eleven_flash_v2_5,medium_booking,80.0,100.0,0.75,True,0,0.0,0.0
elevenlabs-medium_booking-r015,elevenlabs,eleven_flash_v2_5,medium_booking,80.0,200.0,0.25,True,0,0.0,0.0
elevenlabs-medium_booking-r015,elevenlabs,eleven_flash_v2_5,medium_booking,80.0,200.0,0.5,True,0,0.0,0.0
elevenlabs-medium_booking-r015,elevenlabs,eleven_flash_v2_5,medium_booking,80.0,200.0,0.75,True,0,0.0,0.0
elevenlabs-medium_booking-r015,elevenlabs,eleven_flash_v2_5,medium_booking,80.0,400.0,0.25,True,0,0.0,0.0
elevenlabs-medium_booking-r015,elevenlabs,eleven_flash_v2_5,medium_booking,80.0,400.0,0.5,True,0,0.0,0.0
elevenlabs-medium_booking-r015,elevenlabs,eleven_flash_v2_5,medium_booking,80.0,400.0,0.75,True,0,0.0,0.0
elevenlabs-medium_booking-r015,elevenlabs,eleven_flash_v2_5,medium_booking,80.0,800.0,0.25,True,0,0.0,0.0
elevenlabs-medium_booking-r015,elevenlabs,eleven_flash_v2_5,medium_booking,80.0,800.0,0.5,True,0,0.0,0.0
elevenlabs-medium_booking-r015,elevenlabs,eleven_flash_v2_5,medium_booking,80.0,800.0,0.75,True,0,0.0,0.0
elevenlabs-medium_booking-r015,elevenlabs,eleven_flash_v2_5,medium_booking,80.0,1200.0,0.25,True,0,0.0,0.0
elevenlabs-medium_booking-r015,elevenlabs,eleven_flash_v2_5,medium_booking,80.0,1200.0,0.5,True,0,0.0,0.0
elevenlabs-medium_booking-r015,elevenlabs,eleven_flash_v2_5,medium_booking,80.0,1200.0,0.75,True,0,0.0,0.0
elevenlabs-medium_booking-r016,elevenlabs,eleven_flash_v2_5,medium_booking,80.0,0.0,0.25,True,0,0.0,0.0
elevenlabs-medium_booking-r016,elevenlabs,eleven_flash_v2_5,medium_booking,80.0,0.0,0.5,True,0,0.0,0.0
elevenlabs-medium_booking-r016,elevenlabs,eleven_flash_v2_5,medium_booking,80.0,0.0,0.75,True,0,0.0,0.0
elevenlabs-medium_booking-r016,elevenlabs,eleven_flash_v2_5,medium_booking,80.0,50.0,0.25,True,0,0.0,0.0
elevenlabs-medium_booking-r016,elevenlabs,eleven_flash_v2_5,medium_booking,80.0,50.0,0.5,True,0,0.0,0.0
elevenlabs-medium_booking-r016,elevenlabs,eleven_flash_v2_5,medium_booking,80.0,50.0,0.75,True,0,0.0,0.0
elevenlabs-medium_booking-r016,elevenlabs,eleven_flash_v2_5,medium_booking,80.0,100.0,0.25,True,0,0.0,0.0
elevenlabs-medium_booking-r016,elevenlabs,eleven_flash_v2_5,medium_booking,80.0,100.0,0.5,True,0,0.0,0.0
elevenlabs-medium_booking-r016,elevenlabs,eleven_flash_v2_5,medium_booking,80.0,100.0,0.75,True,0,0.0,0.0
elevenlabs-medium_booking-r016,elevenlabs,eleven_flash_v2_5,medium_booking,80.0,200.0,0.25,True,0,0.0,0.0
elevenlabs-medium_booking-r016,elevenlabs,eleven_flash_v2_5,medium_booking,80.0,200.0,0.5,True,0,0.0,0.0
elevenlabs-medium_booking-r016,elevenlabs,eleven_flash_v2_5,medium_booking,80.0,200.0,0.75,True,0,0.0,0.0
elevenlabs-medium_booking-r016,elevenlabs,eleven_flash_v2_5,medium_booking,80.0,400.0,0.25,True,0,0.0,0.0
elevenlabs-medium_booking-r016,elevenlabs,eleven_flash_v2_5,medium_booking,80.0,400.0,0.5,True,0,0.0,0.0
elevenlabs-medium_booking-r016,elevenlabs,eleven_flash_v2_5,medium_booking,80.0,400.0,0.75,True,0,0.0,0.0
elevenlabs-medium_booking-r016,elevenlabs,eleven_flash_v2_5,medium_booking,80.0,800.0,0.25,True,0,0.0,0.0
elevenlabs-medium_booking-r016,elevenlabs,eleven_flash_v2_5,medium_booking,80.0,800.0,0.5,True,0,0.0,0.0
elevenlabs-medium_booking-r016,elevenlabs,eleven_flash_v2_5,medium_booking,80.0,800.0,0.75,True,0,0.0,0.0
elevenlabs-medium_booking-r016,elevenlabs,eleven_flash_v2_5,medium_booking,80.0,1200.0,0.25,True,0,0.0,0.0
elevenlabs-medium_booking-r016,elevenlabs,eleven_flash_v2_5,medium_booking,80.0,1200.0,0.5,True,0,0.0,0.0
elevenlabs-medium_booking-r016,elevenlabs,eleven_flash_v2_5,medium_booking,80.0,1200.0,0.75,True,0,0.0,0.0
elevenlabs-medium_booking-r017,elevenlabs,eleven_flash_v2_5,medium_booking,80.0,0.0,0.25,True,0,0.0,0.0
elevenlabs-medium_booking-r017,elevenlabs,eleven_flash_v2_5,medium_booking,80.0,0.0,0.5,True,0,0.0,0.0
elevenlabs-medium_booking-r017,elevenlabs,eleven_flash_v2_5,medium_booking,80.0,0.0,0.75,True,0,0.0,0.0
elevenlabs-medium_booking-r017,elevenlabs,eleven_flash_v2_5,medium_booking,80.0,50.0,0.25,True,0,0.0,0.0
elevenlabs-medium_booking-r017,elevenlabs,eleven_flash_v2_5,medium_booking,80.0,50.0,0.5,True,0,0.0,0.0
elevenlabs-medium_booking-r017,elevenlabs,eleven_flash_v2_5,medium_booking,80.0,50.0,0.75,True,0,0.0,0.0
elevenlabs-medium_booking-r017,elevenlabs,eleven_flash_v2_5,medium_booking,80.0,100.0,0.25,True,0,0.0,0.0
elevenlabs-medium_booking-r017,elevenlabs,eleven_flash_v2_5,medium_booking,80.0,100.0,0.5,True,0,0.0,0.0
elevenlabs-medium_booking-r017,elevenlabs,eleven_flash_v2_5,medium_booking,80.0,100.0,0.75,True,0,0.0,0.0
elevenlabs-medium_booking-r017,elevenlabs,eleven_flash_v2_5,medium_booking,80.0,200.0,0.25,True,0,0.0,0.0
elevenlabs-medium_booking-r017,elevenlabs,eleven_flash_v2_5,medium_booking,80.0,200.0,0.5,True,0,0.0,0.0
elevenlabs-medium_booking-r017,elevenlabs,eleven_flash_v2_5,medium_booking,80.0,200.0,0.75,True,0,0.0,0.0
elevenlabs-medium_booking-r017,elevenlabs,eleven_flash_v2_5,medium_booking,80.0,400.0,0.25,True,0,0.0,0.0
elevenlabs-medium_booking-r017,elevenlabs,eleven_flash_v2_5,medium_booking,80.0,400.0,0.5,True,0,0.0,0.0
elevenlabs-medium_booking-r017,elevenlabs,eleven_flash_v2_5,medium_booking,80.0,400.0,0.75,True,0,0.0,0.0
elevenlabs-medium_booking-r017,elevenlabs,eleven_flash_v2_5,medium_booking,80.0,800.0,0.25,True,0,0.0,0.0
elevenlabs-medium_booking-r017,elevenlabs,eleven_flash_v2_5,medium_booking,80.0,800.0,0.5,True,0,0.0,0.0
elevenlabs-medium_booking-r017,elevenlabs,eleven_flash_v2_5,medium_booking,80.0,800.0,0.75,True,0,0.0,0.0
elevenlabs-medium_booking-r017,elevenlabs,eleven_flash_v2_5,medium_booking,80.0,1200.0,0.25,True,0,0.0,0.0
elevenlabs-medium_booking-r017,elevenlabs,eleven_flash_v2_5,medium_booking,80.0,1200.0,0.5,True,0,0.0,0.0
elevenlabs-medium_booking-r017,elevenlabs,eleven_flash_v2_5,medium_booking,80.0,1200.0,0.75,True,0,0.0,0.0
elevenlabs-medium_booking-r018,elevenlabs,eleven_flash_v2_5,medium_booking,80.0,0.0,0.25,True,0,0.0,0.0
elevenlabs-medium_booking-r018,elevenlabs,eleven_flash_v2_5,medium_booking,80.0,0.0,0.5,True,0,0.0,0.0
elevenlabs-medium_booking-r018,elevenlabs,eleven_flash_v2_5,medium_booking,80.0,0.0,0.75,True,0,0.0,0.0
elevenlabs-medium_booking-r018,elevenlabs,eleven_flash_v2_5,medium_booking,80.0,50.0,0.25,True,0,0.0,0.0
elevenlabs-medium_booking-r018,elevenlabs,eleven_flash_v2_5,medium_booking,80.0,50.0,0.5,True,0,0.0,0.0
elevenlabs-medium_booking-r018,elevenlabs,eleven_flash_v2_5,medium_booking,80.0,50.0,0.75,True,0,0.0,0.0
elevenlabs-medium_booking-r018,elevenlabs,eleven_flash_v2_5,medium_booking,80.0,100.0,0.25,True,0,0.0,0.0
elevenlabs-medium_booking-r018,elevenlabs,eleven_flash_v2_5,medium_booking,80.0,100.0,0.5,True,0,0.0,0.0
elevenlabs-medium_booking-r018,elevenlabs,eleven_flash_v2_5,medium_booking,80.0,100.0,0.75,True,0,0.0,0.0
elevenlabs-medium_booking-r018,elevenlabs,eleven_flash_v2_5,medium_booking,80.0,200.0,0.25,True,0,0.0,0.0
elevenlabs-medium_booking-r018,elevenlabs,eleven_flash_v2_5,medium_booking,80.0,200.0,0.5,True,0,0.0,0.0
elevenlabs-medium_booking-r018,elevenlabs,eleven_flash_v2_5,medium_booking,80.0,200.0,0.75,True,0,0.0,0.0
elevenlabs-medium_booking-r018,elevenlabs,eleven_flash_v2_5,medium_booking,80.0,400.0,0.25,True,0,0.0,0.0
elevenlabs-medium_booking-r018,elevenlabs,eleven_flash_v2_5,medium_booking,80.0,400.0,0.5,True,0,0.0,0.0
elevenlabs-medium_booking-r018,elevenlabs,eleven_flash_v2_5,medium_booking,80.0,400.0,0.75,True,0,0.0,0.0
elevenlabs-medium_booking-r018,elevenlabs,eleven_flash_v2_5,medium_booking,80.0,800.0,0.25,True,0,0.0,0.0
elevenlabs-medium_booking-r018,elevenlabs,eleven_flash_v2_5,medium_booking,80.0,800.0,0.5,True,0,0.0,0.0
elevenlabs-medium_booking-r018,elevenlabs,eleven_flash_v2_5,medium_booking,80.0,800.0,0.75,True,0,0.0,0.0
elevenlabs-medium_booking-r018,elevenlabs,eleven_flash_v2_5,medium_booking,80.0,1200.0,0.25,True,0,0.0,0.0
elevenlabs-medium_booking-r018,elevenlabs,eleven_flash_v2_5,medium_booking,80.0,1200.0,0.5,True,0,0.0,0.0
elevenlabs-medium_booking-r018,elevenlabs,eleven_flash_v2_5,medium_booking,80.0,1200.0,0.75,True,0,0.0,0.0
elevenlabs-medium_booking-r019,elevenlabs,eleven_flash_v2_5,medium_booking,80.0,0.0,0.25,True,0,0.0,0.0
elevenlabs-medium_booking-r019,elevenlabs,eleven_flash_v2_5,medium_booking,80.0,0.0,0.5,True,0,0.0,0.0
elevenlabs-medium_booking-r019,elevenlabs,eleven_flash_v2_5,medium_booking,80.0,0.0,0.75,True,0,0.0,0.0
elevenlabs-medium_booking-r019,elevenlabs,eleven_flash_v2_5,medium_booking,80.0,50.0,0.25,True,0,0.0,0.0
elevenlabs-medium_booking-r019,elevenlabs,eleven_flash_v2_5,medium_booking,80.0,50.0,0.5,True,0,0.0,0.0
elevenlabs-medium_booking-r019,elevenlabs,eleven_flash_v2_5,medium_booking,80.0,50.0,0.75,True,0,0.0,0.0
elevenlabs-medium_booking-r019,elevenlabs,eleven_flash_v2_5,medium_booking,80.0,100.0,0.25,True,0,0.0,0.0
elevenlabs-medium_booking-r019,elevenlabs,eleven_flash_v2_5,medium_booking,80.0,100.0,0.5,True,0,0.0,0.0
elevenlabs-medium_booking-r019,elevenlabs,eleven_flash_v2_5,medium_booking,80.0,100.0,0.75,True,0,0.0,0.0
elevenlabs-medium_booking-r019,elevenlabs,eleven_flash_v2_5,medium_booking,80.0,200.0,0.25,True,0,0.0,0.0
elevenlabs-medium_booking-r019,elevenlabs,eleven_flash_v2_5,medium_booking,80.0,200.0,0.5,True,0,0.0,0.0
elevenlabs-medium_booking-r019,elevenlabs,eleven_flash_v2_5,medium_booking,80.0,200.0,0.75,True,0,0.0,0.0
elevenlabs-medium_booking-r019,elevenlabs,eleven_flash_v2_5,medium_booking,80.0,400.0,0.25,True,0,0.0,0.0
elevenlabs-medium_booking-r019,elevenlabs,eleven_flash_v2_5,medium_booking,80.0,400.0,0.5,True,0,0.0,0.0
elevenlabs-medium_booking-r019,elevenlabs,eleven_flash_v2_5,medium_booking,80.0,400.0,0.75,True,0,0.0,0.0
elevenlabs-medium_booking-r019,elevenlabs,eleven_flash_v2_5,medium_booking,80.0,800.0,0.25,True,0,0.0,0.0
elevenlabs-medium_booking-r019,elevenlabs,eleven_flash_v2_5,medium_booking,80.0,800.0,0.5,True,0,0.0,0.0
elevenlabs-medium_booking-r019,elevenlabs,eleven_flash_v2_5,medium_booking,80.0,800.0,0.75,True,0,0.0,0.0
elevenlabs-medium_booking-r019,elevenlabs,eleven_flash_v2_5,medium_booking,80.0,1200.0,0.25,True,0,0.0,0.0
elevenlabs-medium_booking-r019,elevenlabs,eleven_flash_v2_5,medium_booking,80.0,1200.0,0.5,True,0,0.0,0.0
elevenlabs-medium_booking-r019,elevenlabs,eleven_flash_v2_5,medium_booking,80.0,1200.0,0.75,True,0,0.0,0.0
elevenlabs-medium_support-r000,elevenlabs,eleven_flash_v2_5,medium_support,80.0,0.0,0.25,True,0,0.0,0.0
elevenlabs-medium_support-r000,elevenlabs,eleven_flash_v2_5,medium_support,80.0,0.0,0.5,True,0,0.0,0.0
elevenlabs-medium_support-r000,elevenlabs,eleven_flash_v2_5,medium_support,80.0,0.0,0.75,True,0,0.0,0.0
elevenlabs-medium_support-r000,elevenlabs,eleven_flash_v2_5,medium_support,80.0,50.0,0.25,True,0,0.0,0.0
elevenlabs-medium_support-r000,elevenlabs,eleven_flash_v2_5,medium_support,80.0,50.0,0.5,True,0,0.0,0.0
elevenlabs-medium_support-r000,elevenlabs,eleven_flash_v2_5,medium_support,80.0,50.0,0.75,True,0,0.0,0.0
elevenlabs-medium_support-r000,elevenlabs,eleven_flash_v2_5,medium_support,80.0,100.0,0.25,True,0,0.0,0.0
elevenlabs-medium_support-r000,elevenlabs,eleven_flash_v2_5,medium_support,80.0,100.0,0.5,True,0,0.0,0.0
elevenlabs-medium_support-r000,elevenlabs,eleven_flash_v2_5,medium_support,80.0,100.0,0.75,True,0,0.0,0.0
elevenlabs-medium_support-r000,elevenlabs,eleven_flash_v2_5,medium_support,80.0,200.0,0.25,True,0,0.0,0.0
elevenlabs-medium_support-r000,elevenlabs,eleven_flash_v2_5,medium_support,80.0,200.0,0.5,True,0,0.0,0.0
elevenlabs-medium_support-r000,elevenlabs,eleven_flash_v2_5,medium_support,80.0,200.0,0.75,True,0,0.0,0.0
elevenlabs-medium_support-r000,elevenlabs,eleven_flash_v2_5,medium_support,80.0,400.0,0.25,True,0,0.0,0.0
elevenlabs-medium_support-r000,elevenlabs,eleven_flash_v2_5,medium_support,80.0,400.0,0.5,True,0,0.0,0.0
elevenlabs-medium_support-r000,elevenlabs,eleven_flash_v2_5,medium_support,80.0,400.0,0.75,True,0,0.0,0.0
elevenlabs-medium_support-r000,elevenlabs,eleven_flash_v2_5,medium_support,80.0,800.0,0.25,True,0,0.0,0.0
elevenlabs-medium_support-r000,elevenlabs,eleven_flash_v2_5,medium_support,80.0,800.0,0.5,True,0,0.0,0.0
elevenlabs-medium_support-r000,elevenlabs,eleven_flash_v2_5,medium_support,80.0,800.0,0.75,True,0,0.0,0.0
elevenlabs-medium_support-r000,elevenlabs,eleven_flash_v2_5,medium_support,80.0,1200.0,0.25,True,0,0.0,0.0
elevenlabs-medium_support-r000,elevenlabs,eleven_flash_v2_5,medium_support,80.0,1200.0,0.5,True,0,0.0,0.0
elevenlabs-medium_support-r000,elevenlabs,eleven_flash_v2_5,medium_support,80.0,1200.0,0.75,True,0,0.0,0.0
elevenlabs-medium_support-r001,elevenlabs,eleven_flash_v2_5,medium_support,80.0,0.0,0.25,True,0,0.0,0.0
elevenlabs-medium_support-r001,elevenlabs,eleven_flash_v2_5,medium_support,80.0,0.0,0.5,True,0,0.0,0.0
elevenlabs-medium_support-r001,elevenlabs,eleven_flash_v2_5,medium_support,80.0,0.0,0.75,True,0,0.0,0.0
elevenlabs-medium_support-r001,elevenlabs,eleven_flash_v2_5,medium_support,80.0,50.0,0.25,True,0,0.0,0.0
elevenlabs-medium_support-r001,elevenlabs,eleven_flash_v2_5,medium_support,80.0,50.0,0.5,True,0,0.0,0.0
elevenlabs-medium_support-r001,elevenlabs,eleven_flash_v2_5,medium_support,80.0,50.0,0.75,True,0,0.0,0.0
elevenlabs-medium_support-r001,elevenlabs,eleven_flash_v2_5,medium_support,80.0,100.0,0.25,True,0,0.0,0.0
elevenlabs-medium_support-r001,elevenlabs,eleven_flash_v2_5,medium_support,80.0,100.0,0.5,True,0,0.0,0.0
elevenlabs-medium_support-r001,elevenlabs,eleven_flash_v2_5,medium_support,80.0,100.0,0.75,True,0,0.0,0.0
elevenlabs-medium_support-r001,elevenlabs,eleven_flash_v2_5,medium_support,80.0,200.0,0.25,True,0,0.0,0.0
elevenlabs-medium_support-r001,elevenlabs,eleven_flash_v2_5,medium_support,80.0,200.0,0.5,True,0,0.0,0.0
elevenlabs-medium_support-r001,elevenlabs,eleven_flash_v2_5,medium_support,80.0,200.0,0.75,True,0,0.0,0.0
elevenlabs-medium_support-r001,elevenlabs,eleven_flash_v2_5,medium_support,80.0,400.0,0.25,True,0,0.0,0.0
elevenlabs-medium_support-r001,elevenlabs,eleven_flash_v2_5,medium_support,80.0,400.0,0.5,True,0,0.0,0.0
elevenlabs-medium_support-r001,elevenlabs,eleven_flash_v2_5,medium_support,80.0,400.0,0.75,True,0,0.0,0.0
elevenlabs-medium_support-r001,elevenlabs,eleven_flash_v2_5,medium_support,80.0,800.0,0.25,True,0,0.0,0.0
elevenlabs-medium_support-r001,elevenlabs,eleven_flash_v2_5,medium_support,80.0,800.0,0.5,True,0,0.0,0.0
elevenlabs-medium_support-r001,elevenlabs,eleven_flash_v2_5,medium_support,80.0,800.0,0.75,True,0,0.0,0.0
elevenlabs-medium_support-r001,elevenlabs,eleven_flash_v2_5,medium_support,80.0,1200.0,0.25,True,0,0.0,0.0
elevenlabs-medium_support-r001,elevenlabs,eleven_flash_v2_5,medium_support,80.0,1200.0,0.5,True,0,0.0,0.0
elevenlabs-medium_support-r001,elevenlabs,eleven_flash_v2_5,medium_support,80.0,1200.0,0.75,True,0,0.0,0.0
elevenlabs-medium_support-r002,elevenlabs,eleven_flash_v2_5,medium_support,80.0,0.0,0.25,True,0,0.0,0.0
elevenlabs-medium_support-r002,elevenlabs,eleven_flash_v2_5,medium_support,80.0,0.0,0.5,True,0,0.0,0.0
elevenlabs-medium_support-r002,elevenlabs,eleven_flash_v2_5,medium_support,80.0,0.0,0.75,True,0,0.0,0.0
elevenlabs-medium_support-r002,elevenlabs,eleven_flash_v2_5,medium_support,80.0,50.0,0.25,True,0,0.0,0.0
elevenlabs-medium_support-r002,elevenlabs,eleven_flash_v2_5,medium_support,80.0,50.0,0.5,True,0,0.0,0.0
elevenlabs-medium_support-r002,elevenlabs,eleven_flash_v2_5,medium_support,80.0,50.0,0.75,True,0,0.0,0.0
elevenlabs-medium_support-r002,elevenlabs,eleven_flash_v2_5,medium_support,80.0,100.0,0.25,True,0,0.0,0.0
elevenlabs-medium_support-r002,elevenlabs,eleven_flash_v2_5,medium_support,80.0,100.0,0.5,True,0,0.0,0.0
elevenlabs-medium_support-r002,elevenlabs,eleven_flash_v2_5,medium_support,80.0,100.0,0.75,True,0,0.0,0.0
elevenlabs-medium_support-r002,elevenlabs,eleven_flash_v2_5,medium_support,80.0,200.0,0.25,True,0,0.0,0.0
elevenlabs-medium_support-r002,elevenlabs,eleven_flash_v2_5,medium_support,80.0,200.0,0.5,True,0,0.0,0.0
elevenlabs-medium_support-r002,elevenlabs,eleven_flash_v2_5,medium_support,80.0,200.0,0.75,True,0,0.0,0.0
elevenlabs-medium_support-r002,elevenlabs,eleven_flash_v2_5,medium_support,80.0,400.0,0.25,True,0,0.0,0.0
elevenlabs-medium_support-r002,elevenlabs,eleven_flash_v2_5,medium_support,80.0,400.0,0.5,True,0,0.0,0.0
elevenlabs-medium_support-r002,elevenlabs,eleven_flash_v2_5,medium_support,80.0,400.0,0.75,True,0,0.0,0.0
elevenlabs-medium_support-r002,elevenlabs,eleven_flash_v2_5,medium_support,80.0,800.0,0.25,True,0,0.0,0.0
elevenlabs-medium_support-r002,elevenlabs,eleven_flash_v2_5,medium_support,80.0,800.0,0.5,True,0,0.0,0.0
elevenlabs-medium_support-r002,elevenlabs,eleven_flash_v2_5,medium_support,80.0,800.0,0.75,True,0,0.0,0.0
elevenlabs-medium_support-r002,elevenlabs,eleven_flash_v2_5,medium_support,80.0,1200.0,0.25,True,0,0.0,0.0
elevenlabs-medium_support-r002,elevenlabs,eleven_flash_v2_5,medium_support,80.0,1200.0,0.5,True,0,0.0,0.0
elevenlabs-medium_support-r002,elevenlabs,eleven_flash_v2_5,medium_support,80.0,1200.0,0.75,True,0,0.0,0.0
elevenlabs-medium_support-r003,elevenlabs,eleven_flash_v2_5,medium_support,80.0,0.0,0.25,True,0,0.0,0.0
elevenlabs-medium_support-r003,elevenlabs,eleven_flash_v2_5,medium_support,80.0,0.0,0.5,True,0,0.0,0.0
elevenlabs-medium_support-r003,elevenlabs,eleven_flash_v2_5,medium_support,80.0,0.0,0.75,True,0,0.0,0.0
elevenlabs-medium_support-r003,elevenlabs,eleven_flash_v2_5,medium_support,80.0,50.0,0.25,True,0,0.0,0.0
elevenlabs-medium_support-r003,elevenlabs,eleven_flash_v2_5,medium_support,80.0,50.0,0.5,True,0,0.0,0.0
elevenlabs-medium_support-r003,elevenlabs,eleven_flash_v2_5,medium_support,80.0,50.0,0.75,True,0,0.0,0.0
elevenlabs-medium_support-r003,elevenlabs,eleven_flash_v2_5,medium_support,80.0,100.0,0.25,True,0,0.0,0.0
elevenlabs-medium_support-r003,elevenlabs,eleven_flash_v2_5,medium_support,80.0,100.0,0.5,True,0,0.0,0.0
elevenlabs-medium_support-r003,elevenlabs,eleven_flash_v2_5,medium_support,80.0,100.0,0.75,True,0,0.0,0.0
elevenlabs-medium_support-r003,elevenlabs,eleven_flash_v2_5,medium_support,80.0,200.0,0.25,True,0,0.0,0.0
elevenlabs-medium_support-r003,elevenlabs,eleven_flash_v2_5,medium_support,80.0,200.0,0.5,True,0,0.0,0.0
elevenlabs-medium_support-r003,elevenlabs,eleven_flash_v2_5,medium_support,80.0,200.0,0.75,True,0,0.0,0.0
elevenlabs-medium_support-r003,elevenlabs,eleven_flash_v2_5,medium_support,80.0,400.0,0.25,True,0,0.0,0.0
elevenlabs-medium_support-r003,elevenlabs,eleven_flash_v2_5,medium_support,80.0,400.0,0.5,True,0,0.0,0.0
elevenlabs-medium_support-r003,elevenlabs,eleven_flash_v2_5,medium_support,80.0,400.0,0.75,True,0,0.0,0.0
elevenlabs-medium_support-r003,elevenlabs,eleven_flash_v2_5,medium_support,80.0,800.0,0.25,True,0,0.0,0.0
elevenlabs-medium_support-r003,elevenlabs,eleven_flash_v2_5,medium_support,80.0,800.0,0.5,True,0,0.0,0.0
elevenlabs-medium_support-r003,elevenlabs,eleven_flash_v2_5,medium_support,80.0,800.0,0.75,True,0,0.0,0.0
elevenlabs-medium_support-r003,elevenlabs,eleven_flash_v2_5,medium_support,80.0,1200.0,0.25,True,0,0.0,0.0
elevenlabs-medium_support-r003,elevenlabs,eleven_flash_v2_5,medium_support,80.0,1200.0,0.5,True,0,0.0,0.0
elevenlabs-medium_support-r003,elevenlabs,eleven_flash_v2_5,medium_support,80.0,1200.0,0.75,True,0,0.0,0.0
elevenlabs-medium_support-r004,elevenlabs,eleven_flash_v2_5,medium_support,80.0,0.0,0.25,True,0,0.0,0.0
elevenlabs-medium_support-r004,elevenlabs,eleven_flash_v2_5,medium_support,80.0,0.0,0.5,True,0,0.0,0.0
elevenlabs-medium_support-r004,elevenlabs,eleven_flash_v2_5,medium_support,80.0,0.0,0.75,True,0,0.0,0.0
elevenlabs-medium_support-r004,elevenlabs,eleven_flash_v2_5,medium_support,80.0,50.0,0.25,True,0,0.0,0.0
elevenlabs-medium_support-r004,elevenlabs,eleven_flash_v2_5,medium_support,80.0,50.0,0.5,True,0,0.0,0.0
elevenlabs-medium_support-r004,elevenlabs,eleven_flash_v2_5,medium_support,80.0,50.0,0.75,True,0,0.0,0.0
elevenlabs-medium_support-r004,elevenlabs,eleven_flash_v2_5,medium_support,80.0,100.0,0.25,True,0,0.0,0.0
elevenlabs-medium_support-r004,elevenlabs,eleven_flash_v2_5,medium_support,80.0,100.0,0.5,True,0,0.0,0.0
elevenlabs-medium_support-r004,elevenlabs,eleven_flash_v2_5,medium_support,80.0,100.0,0.75,True,0,0.0,0.0
elevenlabs-medium_support-r004,elevenlabs,eleven_flash_v2_5,medium_support,80.0,200.0,0.25,True,0,0.0,0.0
elevenlabs-medium_support-r004,elevenlabs,eleven_flash_v2_5,medium_support,80.0,200.0,0.5,True,0,0.0,0.0
elevenlabs-medium_support-r004,elevenlabs,eleven_flash_v2_5,medium_support,80.0,200.0,0.75,True,0,0.0,0.0
elevenlabs-medium_support-r004,elevenlabs,eleven_flash_v2_5,medium_support,80.0,400.0,0.25,True,0,0.0,0.0
elevenlabs-medium_support-r004,elevenlabs,eleven_flash_v2_5,medium_support,80.0,400.0,0.5,True,0,0.0,0.0
elevenlabs-medium_support-r004,elevenlabs,eleven_flash_v2_5,medium_support,80.0,400.0,0.75,True,0,0.0,0.0
elevenlabs-medium_support-r004,elevenlabs,eleven_flash_v2_5,medium_support,80.0,800.0,0.25,True,0,0.0,0.0
elevenlabs-medium_support-r004,elevenlabs,eleven_flash_v2_5,medium_support,80.0,800.0,0.5,True,0,0.0,0.0
elevenlabs-medium_support-r004,elevenlabs,eleven_flash_v2_5,medium_support,80.0,800.0,0.75,True,0,0.0,0.0
elevenlabs-medium_support-r004,elevenlabs,eleven_flash_v2_5,medium_support,80.0,1200.0,0.25,True,0,0.0,0.0
elevenlabs-medium_support-r004,elevenlabs,eleven_flash_v2_5,medium_support,80.0,1200.0,0.5,True,0,0.0,0.0
elevenlabs-medium_support-r004,elevenlabs,eleven_flash_v2_5,medium_support,80.0,1200.0,0.75,True,0,0.0,0.0
elevenlabs-medium_support-r005,elevenlabs,eleven_flash_v2_5,medium_support,80.0,0.0,0.25,True,0,0.0,0.0
elevenlabs-medium_support-r005,elevenlabs,eleven_flash_v2_5,medium_support,80.0,0.0,0.5,True,0,0.0,0.0
elevenlabs-medium_support-r005,elevenlabs,eleven_flash_v2_5,medium_support,80.0,0.0,0.75,True,0,0.0,0.0
elevenlabs-medium_support-r005,elevenlabs,eleven_flash_v2_5,medium_support,80.0,50.0,0.25,True,0,0.0,0.0
elevenlabs-medium_support-r005,elevenlabs,eleven_flash_v2_5,medium_support,80.0,50.0,0.5,True,0,0.0,0.0
elevenlabs-medium_support-r005,elevenlabs,eleven_flash_v2_5,medium_support,80.0,50.0,0.75,True,0,0.0,0.0
elevenlabs-medium_support-r005,elevenlabs,eleven_flash_v2_5,medium_support,80.0,100.0,0.25,True,0,0.0,0.0
elevenlabs-medium_support-r005,elevenlabs,eleven_flash_v2_5,medium_support,80.0,100.0,0.5,True,0,0.0,0.0
elevenlabs-medium_support-r005,elevenlabs,eleven_flash_v2_5,medium_support,80.0,100.0,0.75,True,0,0.0,0.0
elevenlabs-medium_support-r005,elevenlabs,eleven_flash_v2_5,medium_support,80.0,200.0,0.25,True,0,0.0,0.0
elevenlabs-medium_support-r005,elevenlabs,eleven_flash_v2_5,medium_support,80.0,200.0,0.5,True,0,0.0,0.0
elevenlabs-medium_support-r005,elevenlabs,eleven_flash_v2_5,medium_support,80.0,200.0,0.75,True,0,0.0,0.0
elevenlabs-medium_support-r005,elevenlabs,eleven_flash_v2_5,medium_support,80.0,400.0,0.25,True,0,0.0,0.0
elevenlabs-medium_support-r005,elevenlabs,eleven_flash_v2_5,medium_support,80.0,400.0,0.5,True,0,0.0,0.0
elevenlabs-medium_support-r005,elevenlabs,eleven_flash_v2_5,medium_support,80.0,400.0,0.75,True,0,0.0,0.0
elevenlabs-medium_support-r005,elevenlabs,eleven_flash_v2_5,medium_support,80.0,800.0,0.25,True,0,0.0,0.0
elevenlabs-medium_support-r005,elevenlabs,eleven_flash_v2_5,medium_support,80.0,800.0,0.5,True,0,0.0,0.0
elevenlabs-medium_support-r005,elevenlabs,eleven_flash_v2_5,medium_support,80.0,800.0,0.75,True,0,0.0,0.0
elevenlabs-medium_support-r005,elevenlabs,eleven_flash_v2_5,medium_support,80.0,1200.0,0.25,True,0,0.0,0.0
elevenlabs-medium_support-r005,elevenlabs,eleven_flash_v2_5,medium_support,80.0,1200.0,0.5,True,0,0.0,0.0
elevenlabs-medium_support-r005,elevenlabs,eleven_flash_v2_5,medium_support,80.0,1200.0,0.75,True,0,0.0,0.0
elevenlabs-medium_support-r006,elevenlabs,eleven_flash_v2_5,medium_support,80.0,0.0,0.25,True,0,0.0,0.0
elevenlabs-medium_support-r006,elevenlabs,eleven_flash_v2_5,medium_support,80.0,0.0,0.5,True,0,0.0,0.0
elevenlabs-medium_support-r006,elevenlabs,eleven_flash_v2_5,medium_support,80.0,0.0,0.75,True,0,0.0,0.0
elevenlabs-medium_support-r006,elevenlabs,eleven_flash_v2_5,medium_support,80.0,50.0,0.25,True,0,0.0,0.0
elevenlabs-medium_support-r006,elevenlabs,eleven_flash_v2_5,medium_support,80.0,50.0,0.5,True,0,0.0,0.0
elevenlabs-medium_support-r006,elevenlabs,eleven_flash_v2_5,medium_support,80.0,50.0,0.75,True,0,0.0,0.0
elevenlabs-medium_support-r006,elevenlabs,eleven_flash_v2_5,medium_support,80.0,100.0,0.25,True,0,0.0,0.0
elevenlabs-medium_support-r006,elevenlabs,eleven_flash_v2_5,medium_support,80.0,100.0,0.5,True,0,0.0,0.0
elevenlabs-medium_support-r006,elevenlabs,eleven_flash_v2_5,medium_support,80.0,100.0,0.75,True,0,0.0,0.0
elevenlabs-medium_support-r006,elevenlabs,eleven_flash_v2_5,medium_support,80.0,200.0,0.25,True,0,0.0,0.0
elevenlabs-medium_support-r006,elevenlabs,eleven_flash_v2_5,medium_support,80.0,200.0,0.5,True,0,0.0,0.0
elevenlabs-medium_support-r006,elevenlabs,eleven_flash_v2_5,medium_support,80.0,200.0,0.75,True,0,0.0,0.0
elevenlabs-medium_support-r006,elevenlabs,eleven_flash_v2_5,medium_support,80.0,400.0,0.25,True,0,0.0,0.0
elevenlabs-medium_support-r006,elevenlabs,eleven_flash_v2_5,medium_support,80.0,400.0,0.5,True,0,0.0,0.0
elevenlabs-medium_support-r006,elevenlabs,eleven_flash_v2_5,medium_support,80.0,400.0,0.75,True,0,0.0,0.0
elevenlabs-medium_support-r006,elevenlabs,eleven_flash_v2_5,medium_support,80.0,800.0,0.25,True,0,0.0,0.0
elevenlabs-medium_support-r006,elevenlabs,eleven_flash_v2_5,medium_support,80.0,800.0,0.5,True,0,0.0,0.0
elevenlabs-medium_support-r006,elevenlabs,eleven_flash_v2_5,medium_support,80.0,800.0,0.75,True,0,0.0,0.0
elevenlabs-medium_support-r006,elevenlabs,eleven_flash_v2_5,medium_support,80.0,1200.0,0.25,True,0,0.0,0.0
elevenlabs-medium_support-r006,elevenlabs,eleven_flash_v2_5,medium_support,80.0,1200.0,0.5,True,0,0.0,0.0
elevenlabs-medium_support-r006,elevenlabs,eleven_flash_v2_5,medium_support,80.0,1200.0,0.75,True,0,0.0,0.0
elevenlabs-medium_support-r007,elevenlabs,eleven_flash_v2_5,medium_support,80.0,0.0,0.25,True,0,0.0,0.0
elevenlabs-medium_support-r007,elevenlabs,eleven_flash_v2_5,medium_support,80.0,0.0,0.5,True,0,0.0,0.0
elevenlabs-medium_support-r007,elevenlabs,eleven_flash_v2_5,medium_support,80.0,0.0,0.75,True,0,0.0,0.0
elevenlabs-medium_support-r007,elevenlabs,eleven_flash_v2_5,medium_support,80.0,50.0,0.25,True,0,0.0,0.0
elevenlabs-medium_support-r007,elevenlabs,eleven_flash_v2_5,medium_support,80.0,50.0,0.5,True,0,0.0,0.0
elevenlabs-medium_support-r007,elevenlabs,eleven_flash_v2_5,medium_support,80.0,50.0,0.75,True,0,0.0,0.0
elevenlabs-medium_support-r007,elevenlabs,eleven_flash_v2_5,medium_support,80.0,100.0,0.25,True,0,0.0,0.0
elevenlabs-medium_support-r007,elevenlabs,eleven_flash_v2_5,medium_support,80.0,100.0,0.5,True,0,0.0,0.0
elevenlabs-medium_support-r007,elevenlabs,eleven_flash_v2_5,medium_support,80.0,100.0,0.75,True,0,0.0,0.0
elevenlabs-medium_support-r007,elevenlabs,eleven_flash_v2_5,medium_support,80.0,200.0,0.25,True,0,0.0,0.0
elevenlabs-medium_support-r007,elevenlabs,eleven_flash_v2_5,medium_support,80.0,200.0,0.5,True,0,0.0,0.0
elevenlabs-medium_support-r007,elevenlabs,eleven_flash_v2_5,medium_support,80.0,200.0,0.75,True,0,0.0,0.0
elevenlabs-medium_support-r007,elevenlabs,eleven_flash_v2_5,medium_support,80.0,400.0,0.25,True,0,0.0,0.0
elevenlabs-medium_support-r007,elevenlabs,eleven_flash_v2_5,medium_support,80.0,400.0,0.5,True,0,0.0,0.0
elevenlabs-medium_support-r007,elevenlabs,eleven_flash_v2_5,medium_support,80.0,400.0,0.75,True,0,0.0,0.0
elevenlabs-medium_support-r007,elevenlabs,eleven_flash_v2_5,medium_support,80.0,800.0,0.25,True,0,0.0,0.0
elevenlabs-medium_support-r007,elevenlabs,eleven_flash_v2_5,medium_support,80.0,800.0,0.5,True,0,0.0,0.0
elevenlabs-medium_support-r007,elevenlabs,eleven_flash_v2_5,medium_support,80.0,800.0,0.75,True,0,0.0,0.0
elevenlabs-medium_support-r007,elevenlabs,eleven_flash_v2_5,medium_support,80.0,1200.0,0.25,True,0,0.0,0.0
elevenlabs-medium_support-r007,elevenlabs,eleven_flash_v2_5,medium_support,80.0,1200.0,0.5,True,0,0.0,0.0
elevenlabs-medium_support-r007,elevenlabs,eleven_flash_v2_5,medium_support,80.0,1200.0,0.75,True,0,0.0,0.0
elevenlabs-medium_support-r008,elevenlabs,eleven_flash_v2_5,medium_support,80.0,0.0,0.25,True,0,0.0,0.0
elevenlabs-medium_support-r008,elevenlabs,eleven_flash_v2_5,medium_support,80.0,0.0,0.5,True,0,0.0,0.0
elevenlabs-medium_support-r008,elevenlabs,eleven_flash_v2_5,medium_support,80.0,0.0,0.75,True,0,0.0,0.0
elevenlabs-medium_support-r008,elevenlabs,eleven_flash_v2_5,medium_support,80.0,50.0,0.25,True,0,0.0,0.0
elevenlabs-medium_support-r008,elevenlabs,eleven_flash_v2_5,medium_support,80.0,50.0,0.5,True,0,0.0,0.0
elevenlabs-medium_support-r008,elevenlabs,eleven_flash_v2_5,medium_support,80.0,50.0,0.75,True,0,0.0,0.0
elevenlabs-medium_support-r008,elevenlabs,eleven_flash_v2_5,medium_support,80.0,100.0,0.25,True,0,0.0,0.0
elevenlabs-medium_support-r008,elevenlabs,eleven_flash_v2_5,medium_support,80.0,100.0,0.5,True,0,0.0,0.0
elevenlabs-medium_support-r008,elevenlabs,eleven_flash_v2_5,medium_support,80.0,100.0,0.75,True,0,0.0,0.0
elevenlabs-medium_support-r008,elevenlabs,eleven_flash_v2_5,medium_support,80.0,200.0,0.25,True,0,0.0,0.0
elevenlabs-medium_support-r008,elevenlabs,eleven_flash_v2_5,medium_support,80.0,200.0,0.5,True,0,0.0,0.0
elevenlabs-medium_support-r008,elevenlabs,eleven_flash_v2_5,medium_support,80.0,200.0,0.75,True,0,0.0,0.0
elevenlabs-medium_support-r008,elevenlabs,eleven_flash_v2_5,medium_support,80.0,400.0,0.25,True,0,0.0,0.0
elevenlabs-medium_support-r008,elevenlabs,eleven_flash_v2_5,medium_support,80.0,400.0,0.5,True,0,0.0,0.0
elevenlabs-medium_support-r008,elevenlabs,eleven_flash_v2_5,medium_support,80.0,400.0,0.75,True,0,0.0,0.0
elevenlabs-medium_support-r008,elevenlabs,eleven_flash_v2_5,medium_support,80.0,800.0,0.25,True,0,0.0,0.0
elevenlabs-medium_support-r008,elevenlabs,eleven_flash_v2_5,medium_support,80.0,800.0,0.5,True,0,0.0,0.0
elevenlabs-medium_support-r008,elevenlabs,eleven_flash_v2_5,medium_support,80.0,800.0,0.75,True,0,0.0,0.0
elevenlabs-medium_support-r008,elevenlabs,eleven_flash_v2_5,medium_support,80.0,1200.0,0.25,True,0,0.0,0.0
elevenlabs-medium_support-r008,elevenlabs,eleven_flash_v2_5,medium_support,80.0,1200.0,0.5,True,0,0.0,0.0
elevenlabs-medium_support-r008,elevenlabs,eleven_flash_v2_5,medium_support,80.0,1200.0,0.75,True,0,0.0,0.0
elevenlabs-medium_support-r009,elevenlabs,eleven_flash_v2_5,medium_support,80.0,0.0,0.25,True,0,0.0,0.0
elevenlabs-medium_support-r009,elevenlabs,eleven_flash_v2_5,medium_support,80.0,0.0,0.5,True,0,0.0,0.0
elevenlabs-medium_support-r009,elevenlabs,eleven_flash_v2_5,medium_support,80.0,0.0,0.75,True,0,0.0,0.0
elevenlabs-medium_support-r009,elevenlabs,eleven_flash_v2_5,medium_support,80.0,50.0,0.25,True,0,0.0,0.0
elevenlabs-medium_support-r009,elevenlabs,eleven_flash_v2_5,medium_support,80.0,50.0,0.5,True,0,0.0,0.0
elevenlabs-medium_support-r009,elevenlabs,eleven_flash_v2_5,medium_support,80.0,50.0,0.75,True,0,0.0,0.0
elevenlabs-medium_support-r009,elevenlabs,eleven_flash_v2_5,medium_support,80.0,100.0,0.25,True,0,0.0,0.0
elevenlabs-medium_support-r009,elevenlabs,eleven_flash_v2_5,medium_support,80.0,100.0,0.5,True,0,0.0,0.0
elevenlabs-medium_support-r009,elevenlabs,eleven_flash_v2_5,medium_support,80.0,100.0,0.75,True,0,0.0,0.0
elevenlabs-medium_support-r009,elevenlabs,eleven_flash_v2_5,medium_support,80.0,200.0,0.25,True,0,0.0,0.0
elevenlabs-medium_support-r009,elevenlabs,eleven_flash_v2_5,medium_support,80.0,200.0,0.5,True,0,0.0,0.0
elevenlabs-medium_support-r009,elevenlabs,eleven_flash_v2_5,medium_support,80.0,200.0,0.75,True,0,0.0,0.0
elevenlabs-medium_support-r009,elevenlabs,eleven_flash_v2_5,medium_support,80.0,400.0,0.25,True,0,0.0,0.0
elevenlabs-medium_support-r009,elevenlabs,eleven_flash_v2_5,medium_support,80.0,400.0,0.5,True,0,0.0,0.0
elevenlabs-medium_support-r009,elevenlabs,eleven_flash_v2_5,medium_support,80.0,400.0,0.75,True,0,0.0,0.0
elevenlabs-medium_support-r009,elevenlabs,eleven_flash_v2_5,medium_support,80.0,800.0,0.25,True,0,0.0,0.0
elevenlabs-medium_support-r009,elevenlabs,eleven_flash_v2_5,medium_support,80.0,800.0,0.5,True,0,0.0,0.0
elevenlabs-medium_support-r009,elevenlabs,eleven_flash_v2_5,medium_support,80.0,800.0,0.75,True,0,0.0,0.0
elevenlabs-medium_support-r009,elevenlabs,eleven_flash_v2_5,medium_support,80.0,1200.0,0.25,True,0,0.0,0.0
elevenlabs-medium_support-r009,elevenlabs,eleven_flash_v2_5,medium_support,80.0,1200.0,0.5,True,0,0.0,0.0
elevenlabs-medium_support-r009,elevenlabs,eleven_flash_v2_5,medium_support,80.0,1200.0,0.75,True,0,0.0,0.0
elevenlabs-medium_support-r010,elevenlabs,eleven_flash_v2_5,medium_support,80.0,0.0,0.25,True,0,0.0,0.0
elevenlabs-medium_support-r010,elevenlabs,eleven_flash_v2_5,medium_support,80.0,0.0,0.5,True,0,0.0,0.0
elevenlabs-medium_support-r010,elevenlabs,eleven_flash_v2_5,medium_support,80.0,0.0,0.75,True,0,0.0,0.0
elevenlabs-medium_support-r010,elevenlabs,eleven_flash_v2_5,medium_support,80.0,50.0,0.25,True,0,0.0,0.0
elevenlabs-medium_support-r010,elevenlabs,eleven_flash_v2_5,medium_support,80.0,50.0,0.5,True,0,0.0,0.0
elevenlabs-medium_support-r010,elevenlabs,eleven_flash_v2_5,medium_support,80.0,50.0,0.75,True,0,0.0,0.0
elevenlabs-medium_support-r010,elevenlabs,eleven_flash_v2_5,medium_support,80.0,100.0,0.25,True,0,0.0,0.0
elevenlabs-medium_support-r010,elevenlabs,eleven_flash_v2_5,medium_support,80.0,100.0,0.5,True,0,0.0,0.0
elevenlabs-medium_support-r010,elevenlabs,eleven_flash_v2_5,medium_support,80.0,100.0,0.75,True,0,0.0,0.0
elevenlabs-medium_support-r010,elevenlabs,eleven_flash_v2_5,medium_support,80.0,200.0,0.25,True,0,0.0,0.0
elevenlabs-medium_support-r010,elevenlabs,eleven_flash_v2_5,medium_support,80.0,200.0,0.5,True,0,0.0,0.0
elevenlabs-medium_support-r010,elevenlabs,eleven_flash_v2_5,medium_support,80.0,200.0,0.75,True,0,0.0,0.0
elevenlabs-medium_support-r010,elevenlabs,eleven_flash_v2_5,medium_support,80.0,400.0,0.25,True,0,0.0,0.0
elevenlabs-medium_support-r010,elevenlabs,eleven_flash_v2_5,medium_support,80.0,400.0,0.5,True,0,0.0,0.0
elevenlabs-medium_support-r010,elevenlabs,eleven_flash_v2_5,medium_support,80.0,400.0,0.75,True,0,0.0,0.0
elevenlabs-medium_support-r010,elevenlabs,eleven_flash_v2_5,medium_support,80.0,800.0,0.25,True,0,0.0,0.0
elevenlabs-medium_support-r010,elevenlabs,eleven_flash_v2_5,medium_support,80.0,800.0,0.5,True,0,0.0,0.0
elevenlabs-medium_support-r010,elevenlabs,eleven_flash_v2_5,medium_support,80.0,800.0,0.75,True,0,0.0,0.0
elevenlabs-medium_support-r010,elevenlabs,eleven_flash_v2_5,medium_support,80.0,1200.0,0.25,True,0,0.0,0.0
elevenlabs-medium_support-r010,elevenlabs,eleven_flash_v2_5,medium_support,80.0,1200.0,0.5,True,0,0.0,0.0
elevenlabs-medium_support-r010,elevenlabs,eleven_flash_v2_5,medium_support,80.0,1200.0,0.75,True,0,0.0,0.0
elevenlabs-medium_support-r011,elevenlabs,eleven_flash_v2_5,medium_support,80.0,0.0,0.25,True,0,0.0,0.0
elevenlabs-medium_support-r011,elevenlabs,eleven_flash_v2_5,medium_support,80.0,0.0,0.5,True,0,0.0,0.0
elevenlabs-medium_support-r011,elevenlabs,eleven_flash_v2_5,medium_support,80.0,0.0,0.75,True,0,0.0,0.0
elevenlabs-medium_support-r011,elevenlabs,eleven_flash_v2_5,medium_support,80.0,50.0,0.25,True,0,0.0,0.0
elevenlabs-medium_support-r011,elevenlabs,eleven_flash_v2_5,medium_support,80.0,50.0,0.5,True,0,0.0,0.0
elevenlabs-medium_support-r011,elevenlabs,eleven_flash_v2_5,medium_support,80.0,50.0,0.75,True,0,0.0,0.0
elevenlabs-medium_support-r011,elevenlabs,eleven_flash_v2_5,medium_support,80.0,100.0,0.25,True,0,0.0,0.0
elevenlabs-medium_support-r011,elevenlabs,eleven_flash_v2_5,medium_support,80.0,100.0,0.5,True,0,0.0,0.0
elevenlabs-medium_support-r011,elevenlabs,eleven_flash_v2_5,medium_support,80.0,100.0,0.75,True,0,0.0,0.0
elevenlabs-medium_support-r011,elevenlabs,eleven_flash_v2_5,medium_support,80.0,200.0,0.25,True,0,0.0,0.0
elevenlabs-medium_support-r011,elevenlabs,eleven_flash_v2_5,medium_support,80.0,200.0,0.5,True,0,0.0,0.0
elevenlabs-medium_support-r011,elevenlabs,eleven_flash_v2_5,medium_support,80.0,200.0,0.75,True,0,0.0,0.0
elevenlabs-medium_support-r011,elevenlabs,eleven_flash_v2_5,medium_support,80.0,400.0,0.25,True,0,0.0,0.0
elevenlabs-medium_support-r011,elevenlabs,eleven_flash_v2_5,medium_support,80.0,400.0,0.5,True,0,0.0,0.0
elevenlabs-medium_support-r011,elevenlabs,eleven_flash_v2_5,medium_support,80.0,400.0,0.75,True,0,0.0,0.0
elevenlabs-medium_support-r011,elevenlabs,eleven_flash_v2_5,medium_support,80.0,800.0,0.25,True,0,0.0,0.0
elevenlabs-medium_support-r011,elevenlabs,eleven_flash_v2_5,medium_support,80.0,800.0,0.5,True,0,0.0,0.0
elevenlabs-medium_support-r011,elevenlabs,eleven_flash_v2_5,medium_support,80.0,800.0,0.75,True,0,0.0,0.0
elevenlabs-medium_support-r011,elevenlabs,eleven_flash_v2_5,medium_support,80.0,1200.0,0.25,True,0,0.0,0.0
elevenlabs-medium_support-r011,elevenlabs,eleven_flash_v2_5,medium_support,80.0,1200.0,0.5,True,0,0.0,0.0
elevenlabs-medium_support-r011,elevenlabs,eleven_flash_v2_5,medium_support,80.0,1200.0,0.75,True,0,0.0,0.0
elevenlabs-medium_support-r012,elevenlabs,eleven_flash_v2_5,medium_support,80.0,0.0,0.25,True,0,0.0,0.0
elevenlabs-medium_support-r012,elevenlabs,eleven_flash_v2_5,medium_support,80.0,0.0,0.5,True,0,0.0,0.0
elevenlabs-medium_support-r012,elevenlabs,eleven_flash_v2_5,medium_support,80.0,0.0,0.75,True,0,0.0,0.0
elevenlabs-medium_support-r012,elevenlabs,eleven_flash_v2_5,medium_support,80.0,50.0,0.25,True,0,0.0,0.0
elevenlabs-medium_support-r012,elevenlabs,eleven_flash_v2_5,medium_support,80.0,50.0,0.5,True,0,0.0,0.0
elevenlabs-medium_support-r012,elevenlabs,eleven_flash_v2_5,medium_support,80.0,50.0,0.75,True,0,0.0,0.0
elevenlabs-medium_support-r012,elevenlabs,eleven_flash_v2_5,medium_support,80.0,100.0,0.25,True,0,0.0,0.0
elevenlabs-medium_support-r012,elevenlabs,eleven_flash_v2_5,medium_support,80.0,100.0,0.5,True,0,0.0,0.0
elevenlabs-medium_support-r012,elevenlabs,eleven_flash_v2_5,medium_support,80.0,100.0,0.75,True,0,0.0,0.0
elevenlabs-medium_support-r012,elevenlabs,eleven_flash_v2_5,medium_support,80.0,200.0,0.25,True,0,0.0,0.0
elevenlabs-medium_support-r012,elevenlabs,eleven_flash_v2_5,medium_support,80.0,200.0,0.5,True,0,0.0,0.0
elevenlabs-medium_support-r012,elevenlabs,eleven_flash_v2_5,medium_support,80.0,200.0,0.75,True,0,0.0,0.0
elevenlabs-medium_support-r012,elevenlabs,eleven_flash_v2_5,medium_support,80.0,400.0,0.25,True,0,0.0,0.0
elevenlabs-medium_support-r012,elevenlabs,eleven_flash_v2_5,medium_support,80.0,400.0,0.5,True,0,0.0,0.0
elevenlabs-medium_support-r012,elevenlabs,eleven_flash_v2_5,medium_support,80.0,400.0,0.75,True,0,0.0,0.0
elevenlabs-medium_support-r012,elevenlabs,eleven_flash_v2_5,medium_support,80.0,800.0,0.25,True,0,0.0,0.0
elevenlabs-medium_support-r012,elevenlabs,eleven_flash_v2_5,medium_support,80.0,800.0,0.5,True,0,0.0,0.0
elevenlabs-medium_support-r012,elevenlabs,eleven_flash_v2_5,medium_support,80.0,800.0,0.75,True,0,0.0,0.0
elevenlabs-medium_support-r012,elevenlabs,eleven_flash_v2_5,medium_support,80.0,1200.0,0.25,True,0,0.0,0.0
elevenlabs-medium_support-r012,elevenlabs,eleven_flash_v2_5,medium_support,80.0,1200.0,0.5,True,0,0.0,0.0
elevenlabs-medium_support-r012,elevenlabs,eleven_flash_v2_5,medium_support,80.0,1200.0,0.75,True,0,0.0,0.0
elevenlabs-medium_support-r013,elevenlabs,eleven_flash_v2_5,medium_support,80.0,0.0,0.25,True,0,0.0,0.0
elevenlabs-medium_support-r013,elevenlabs,eleven_flash_v2_5,medium_support,80.0,0.0,0.5,True,0,0.0,0.0
elevenlabs-medium_support-r013,elevenlabs,eleven_flash_v2_5,medium_support,80.0,0.0,0.75,True,0,0.0,0.0
elevenlabs-medium_support-r013,elevenlabs,eleven_flash_v2_5,medium_support,80.0,50.0,0.25,True,0,0.0,0.0
elevenlabs-medium_support-r013,elevenlabs,eleven_flash_v2_5,medium_support,80.0,50.0,0.5,True,0,0.0,0.0
elevenlabs-medium_support-r013,elevenlabs,eleven_flash_v2_5,medium_support,80.0,50.0,0.75,True,0,0.0,0.0
elevenlabs-medium_support-r013,elevenlabs,eleven_flash_v2_5,medium_support,80.0,100.0,0.25,True,0,0.0,0.0
elevenlabs-medium_support-r013,elevenlabs,eleven_flash_v2_5,medium_support,80.0,100.0,0.5,True,0,0.0,0.0
elevenlabs-medium_support-r013,elevenlabs,eleven_flash_v2_5,medium_support,80.0,100.0,0.75,True,0,0.0,0.0
elevenlabs-medium_support-r013,elevenlabs,eleven_flash_v2_5,medium_support,80.0,200.0,0.25,True,0,0.0,0.0
elevenlabs-medium_support-r013,elevenlabs,eleven_flash_v2_5,medium_support,80.0,200.0,0.5,True,0,0.0,0.0
elevenlabs-medium_support-r013,elevenlabs,eleven_flash_v2_5,medium_support,80.0,200.0,0.75,True,0,0.0,0.0
elevenlabs-medium_support-r013,elevenlabs,eleven_flash_v2_5,medium_support,80.0,400.0,0.25,True,0,0.0,0.0
elevenlabs-medium_support-r013,elevenlabs,eleven_flash_v2_5,medium_support,80.0,400.0,0.5,True,0,0.0,0.0
elevenlabs-medium_support-r013,elevenlabs,eleven_flash_v2_5,medium_support,80.0,400.0,0.75,True,0,0.0,0.0
elevenlabs-medium_support-r013,elevenlabs,eleven_flash_v2_5,medium_support,80.0,800.0,0.25,True,0,0.0,0.0
elevenlabs-medium_support-r013,elevenlabs,eleven_flash_v2_5,medium_support,80.0,800.0,0.5,True,0,0.0,0.0
elevenlabs-medium_support-r013,elevenlabs,eleven_flash_v2_5,medium_support,80.0,800.0,0.75,True,0,0.0,0.0
elevenlabs-medium_support-r013,elevenlabs,eleven_flash_v2_5,medium_support,80.0,1200.0,0.25,True,0,0.0,0.0
elevenlabs-medium_support-r013,elevenlabs,eleven_flash_v2_5,medium_support,80.0,1200.0,0.5,True,0,0.0,0.0
elevenlabs-medium_support-r013,elevenlabs,eleven_flash_v2_5,medium_support,80.0,1200.0,0.75,True,0,0.0,0.0
elevenlabs-medium_support-r014,elevenlabs,eleven_flash_v2_5,medium_support,80.0,0.0,0.25,True,0,0.0,0.0
elevenlabs-medium_support-r014,elevenlabs,eleven_flash_v2_5,medium_support,80.0,0.0,0.5,True,0,0.0,0.0
elevenlabs-medium_support-r014,elevenlabs,eleven_flash_v2_5,medium_support,80.0,0.0,0.75,True,0,0.0,0.0
elevenlabs-medium_support-r014,elevenlabs,eleven_flash_v2_5,medium_support,80.0,50.0,0.25,True,0,0.0,0.0
elevenlabs-medium_support-r014,elevenlabs,eleven_flash_v2_5,medium_support,80.0,50.0,0.5,True,0,0.0,0.0
elevenlabs-medium_support-r014,elevenlabs,eleven_flash_v2_5,medium_support,80.0,50.0,0.75,True,0,0.0,0.0
elevenlabs-medium_support-r014,elevenlabs,eleven_flash_v2_5,medium_support,80.0,100.0,0.25,True,0,0.0,0.0
elevenlabs-medium_support-r014,elevenlabs,eleven_flash_v2_5,medium_support,80.0,100.0,0.5,True,0,0.0,0.0
elevenlabs-medium_support-r014,elevenlabs,eleven_flash_v2_5,medium_support,80.0,100.0,0.75,True,0,0.0,0.0
elevenlabs-medium_support-r014,elevenlabs,eleven_flash_v2_5,medium_support,80.0,200.0,0.25,True,0,0.0,0.0
elevenlabs-medium_support-r014,elevenlabs,eleven_flash_v2_5,medium_support,80.0,200.0,0.5,True,0,0.0,0.0
elevenlabs-medium_support-r014,elevenlabs,eleven_flash_v2_5,medium_support,80.0,200.0,0.75,True,0,0.0,0.0
elevenlabs-medium_support-r014,elevenlabs,eleven_flash_v2_5,medium_support,80.0,400.0,0.25,True,0,0.0,0.0
elevenlabs-medium_support-r014,elevenlabs,eleven_flash_v2_5,medium_support,80.0,400.0,0.5,True,0,0.0,0.0
elevenlabs-medium_support-r014,elevenlabs,eleven_flash_v2_5,medium_support,80.0,400.0,0.75,True,0,0.0,0.0
elevenlabs-medium_support-r014,elevenlabs,eleven_flash_v2_5,medium_support,80.0,800.0,0.25,True,0,0.0,0.0
elevenlabs-medium_support-r014,elevenlabs,eleven_flash_v2_5,medium_support,80.0,800.0,0.5,True,0,0.0,0.0
elevenlabs-medium_support-r014,elevenlabs,eleven_flash_v2_5,medium_support,80.0,800.0,0.75,True,0,0.0,0.0
elevenlabs-medium_support-r014,elevenlabs,eleven_flash_v2_5,medium_support,80.0,1200.0,0.25,True,0,0.0,0.0
elevenlabs-medium_support-r014,elevenlabs,eleven_flash_v2_5,medium_support,80.0,1200.0,0.5,True,0,0.0,0.0
elevenlabs-medium_support-r014,elevenlabs,eleven_flash_v2_5,medium_support,80.0,1200.0,0.75,True,0,0.0,0.0
elevenlabs-medium_support-r015,elevenlabs,eleven_flash_v2_5,medium_support,80.0,0.0,0.25,True,0,0.0,0.0
elevenlabs-medium_support-r015,elevenlabs,eleven_flash_v2_5,medium_support,80.0,0.0,0.5,True,0,0.0,0.0
elevenlabs-medium_support-r015,elevenlabs,eleven_flash_v2_5,medium_support,80.0,0.0,0.75,True,0,0.0,0.0
elevenlabs-medium_support-r015,elevenlabs,eleven_flash_v2_5,medium_support,80.0,50.0,0.25,True,0,0.0,0.0
elevenlabs-medium_support-r015,elevenlabs,eleven_flash_v2_5,medium_support,80.0,50.0,0.5,True,0,0.0,0.0
elevenlabs-medium_support-r015,elevenlabs,eleven_flash_v2_5,medium_support,80.0,50.0,0.75,True,0,0.0,0.0
elevenlabs-medium_support-r015,elevenlabs,eleven_flash_v2_5,medium_support,80.0,100.0,0.25,True,0,0.0,0.0
elevenlabs-medium_support-r015,elevenlabs,eleven_flash_v2_5,medium_support,80.0,100.0,0.5,True,0,0.0,0.0
elevenlabs-medium_support-r015,elevenlabs,eleven_flash_v2_5,medium_support,80.0,100.0,0.75,True,0,0.0,0.0
elevenlabs-medium_support-r015,elevenlabs,eleven_flash_v2_5,medium_support,80.0,200.0,0.25,True,0,0.0,0.0
elevenlabs-medium_support-r015,elevenlabs,eleven_flash_v2_5,medium_support,80.0,200.0,0.5,True,0,0.0,0.0
elevenlabs-medium_support-r015,elevenlabs,eleven_flash_v2_5,medium_support,80.0,200.0,0.75,True,0,0.0,0.0
elevenlabs-medium_support-r015,elevenlabs,eleven_flash_v2_5,medium_support,80.0,400.0,0.25,True,0,0.0,0.0
elevenlabs-medium_support-r015,elevenlabs,eleven_flash_v2_5,medium_support,80.0,400.0,0.5,True,0,0.0,0.0
elevenlabs-medium_support-r015,elevenlabs,eleven_flash_v2_5,medium_support,80.0,400.0,0.75,True,0,0.0,0.0
elevenlabs-medium_support-r015,elevenlabs,eleven_flash_v2_5,medium_support,80.0,800.0,0.25,True,0,0.0,0.0
elevenlabs-medium_support-r015,elevenlabs,eleven_flash_v2_5,medium_support,80.0,800.0,0.5,True,0,0.0,0.0
elevenlabs-medium_support-r015,elevenlabs,eleven_flash_v2_5,medium_support,80.0,800.0,0.75,True,0,0.0,0.0
elevenlabs-medium_support-r015,elevenlabs,eleven_flash_v2_5,medium_support,80.0,1200.0,0.25,True,0,0.0,0.0
elevenlabs-medium_support-r015,elevenlabs,eleven_flash_v2_5,medium_support,80.0,1200.0,0.5,True,0,0.0,0.0
elevenlabs-medium_support-r015,elevenlabs,eleven_flash_v2_5,medium_support,80.0,1200.0,0.75,True,0,0.0,0.0
elevenlabs-medium_support-r016,elevenlabs,eleven_flash_v2_5,medium_support,80.0,0.0,0.25,True,0,0.0,0.0
elevenlabs-medium_support-r016,elevenlabs,eleven_flash_v2_5,medium_support,80.0,0.0,0.5,True,0,0.0,0.0
elevenlabs-medium_support-r016,elevenlabs,eleven_flash_v2_5,medium_support,80.0,0.0,0.75,True,0,0.0,0.0
elevenlabs-medium_support-r016,elevenlabs,eleven_flash_v2_5,medium_support,80.0,50.0,0.25,True,0,0.0,0.0
elevenlabs-medium_support-r016,elevenlabs,eleven_flash_v2_5,medium_support,80.0,50.0,0.5,True,0,0.0,0.0
elevenlabs-medium_support-r016,elevenlabs,eleven_flash_v2_5,medium_support,80.0,50.0,0.75,True,0,0.0,0.0
elevenlabs-medium_support-r016,elevenlabs,eleven_flash_v2_5,medium_support,80.0,100.0,0.25,True,0,0.0,0.0
elevenlabs-medium_support-r016,elevenlabs,eleven_flash_v2_5,medium_support,80.0,100.0,0.5,True,0,0.0,0.0
elevenlabs-medium_support-r016,elevenlabs,eleven_flash_v2_5,medium_support,80.0,100.0,0.75,True,0,0.0,0.0
elevenlabs-medium_support-r016,elevenlabs,eleven_flash_v2_5,medium_support,80.0,200.0,0.25,True,0,0.0,0.0
elevenlabs-medium_support-r016,elevenlabs,eleven_flash_v2_5,medium_support,80.0,200.0,0.5,True,0,0.0,0.0
elevenlabs-medium_support-r016,elevenlabs,eleven_flash_v2_5,medium_support,80.0,200.0,0.75,True,0,0.0,0.0
elevenlabs-medium_support-r016,elevenlabs,eleven_flash_v2_5,medium_support,80.0,400.0,0.25,True,0,0.0,0.0
elevenlabs-medium_support-r016,elevenlabs,eleven_flash_v2_5,medium_support,80.0,400.0,0.5,True,0,0.0,0.0
elevenlabs-medium_support-r016,elevenlabs,eleven_flash_v2_5,medium_support,80.0,400.0,0.75,True,0,0.0,0.0
elevenlabs-medium_support-r016,elevenlabs,eleven_flash_v2_5,medium_support,80.0,800.0,0.25,True,0,0.0,0.0
elevenlabs-medium_support-r016,elevenlabs,eleven_flash_v2_5,medium_support,80.0,800.0,0.5,True,0,0.0,0.0
elevenlabs-medium_support-r016,elevenlabs,eleven_flash_v2_5,medium_support,80.0,800.0,0.75,True,0,0.0,0.0
elevenlabs-medium_support-r016,elevenlabs,eleven_flash_v2_5,medium_support,80.0,1200.0,0.25,True,0,0.0,0.0
elevenlabs-medium_support-r016,elevenlabs,eleven_flash_v2_5,medium_support,80.0,1200.0,0.5,True,0,0.0,0.0
elevenlabs-medium_support-r016,elevenlabs,eleven_flash_v2_5,medium_support,80.0,1200.0,0.75,True,0,0.0,0.0
elevenlabs-medium_support-r017,elevenlabs,eleven_flash_v2_5,medium_support,80.0,0.0,0.25,True,0,0.0,0.0
elevenlabs-medium_support-r017,elevenlabs,eleven_flash_v2_5,medium_support,80.0,0.0,0.5,True,0,0.0,0.0
elevenlabs-medium_support-r017,elevenlabs,eleven_flash_v2_5,medium_support,80.0,0.0,0.75,True,0,0.0,0.0
elevenlabs-medium_support-r017,elevenlabs,eleven_flash_v2_5,medium_support,80.0,50.0,0.25,True,0,0.0,0.0
elevenlabs-medium_support-r017,elevenlabs,eleven_flash_v2_5,medium_support,80.0,50.0,0.5,True,0,0.0,0.0
elevenlabs-medium_support-r017,elevenlabs,eleven_flash_v2_5,medium_support,80.0,50.0,0.75,True,0,0.0,0.0
elevenlabs-medium_support-r017,elevenlabs,eleven_flash_v2_5,medium_support,80.0,100.0,0.25,True,0,0.0,0.0
elevenlabs-medium_support-r017,elevenlabs,eleven_flash_v2_5,medium_support,80.0,100.0,0.5,True,0,0.0,0.0
elevenlabs-medium_support-r017,elevenlabs,eleven_flash_v2_5,medium_support,80.0,100.0,0.75,True,0,0.0,0.0
elevenlabs-medium_support-r017,elevenlabs,eleven_flash_v2_5,medium_support,80.0,200.0,0.25,True,0,0.0,0.0
elevenlabs-medium_support-r017,elevenlabs,eleven_flash_v2_5,medium_support,80.0,200.0,0.5,True,0,0.0,0.0
elevenlabs-medium_support-r017,elevenlabs,eleven_flash_v2_5,medium_support,80.0,200.0,0.75,True,0,0.0,0.0
elevenlabs-medium_support-r017,elevenlabs,eleven_flash_v2_5,medium_support,80.0,400.0,0.25,True,0,0.0,0.0
elevenlabs-medium_support-r017,elevenlabs,eleven_flash_v2_5,medium_support,80.0,400.0,0.5,True,0,0.0,0.0
elevenlabs-medium_support-r017,elevenlabs,eleven_flash_v2_5,medium_support,80.0,400.0,0.75,True,0,0.0,0.0
elevenlabs-medium_support-r017,elevenlabs,eleven_flash_v2_5,medium_support,80.0,800.0,0.25,True,0,0.0,0.0
elevenlabs-medium_support-r017,elevenlabs,eleven_flash_v2_5,medium_support,80.0,800.0,0.5,True,0,0.0,0.0
elevenlabs-medium_support-r017,elevenlabs,eleven_flash_v2_5,medium_support,80.0,800.0,0.75,True,0,0.0,0.0
elevenlabs-medium_support-r017,elevenlabs,eleven_flash_v2_5,medium_support,80.0,1200.0,0.25,True,0,0.0,0.0
elevenlabs-medium_support-r017,elevenlabs,eleven_flash_v2_5,medium_support,80.0,1200.0,0.5,True,0,0.0,0.0
elevenlabs-medium_support-r017,elevenlabs,eleven_flash_v2_5,medium_support,80.0,1200.0,0.75,True,0,0.0,0.0
elevenlabs-medium_support-r018,elevenlabs,eleven_flash_v2_5,medium_support,80.0,0.0,0.25,True,0,0.0,0.0
elevenlabs-medium_support-r018,elevenlabs,eleven_flash_v2_5,medium_support,80.0,0.0,0.5,True,0,0.0,0.0
elevenlabs-medium_support-r018,elevenlabs,eleven_flash_v2_5,medium_support,80.0,0.0,0.75,True,0,0.0,0.0
elevenlabs-medium_support-r018,elevenlabs,eleven_flash_v2_5,medium_support,80.0,50.0,0.25,True,0,0.0,0.0
elevenlabs-medium_support-r018,elevenlabs,eleven_flash_v2_5,medium_support,80.0,50.0,0.5,True,0,0.0,0.0
elevenlabs-medium_support-r018,elevenlabs,eleven_flash_v2_5,medium_support,80.0,50.0,0.75,True,0,0.0,0.0
elevenlabs-medium_support-r018,elevenlabs,eleven_flash_v2_5,medium_support,80.0,100.0,0.25,True,0,0.0,0.0
elevenlabs-medium_support-r018,elevenlabs,eleven_flash_v2_5,medium_support,80.0,100.0,0.5,True,0,0.0,0.0
elevenlabs-medium_support-r018,elevenlabs,eleven_flash_v2_5,medium_support,80.0,100.0,0.75,True,0,0.0,0.0
elevenlabs-medium_support-r018,elevenlabs,eleven_flash_v2_5,medium_support,80.0,200.0,0.25,True,0,0.0,0.0
elevenlabs-medium_support-r018,elevenlabs,eleven_flash_v2_5,medium_support,80.0,200.0,0.5,True,0,0.0,0.0
elevenlabs-medium_support-r018,elevenlabs,eleven_flash_v2_5,medium_support,80.0,200.0,0.75,True,0,0.0,0.0
elevenlabs-medium_support-r018,elevenlabs,eleven_flash_v2_5,medium_support,80.0,400.0,0.25,True,0,0.0,0.0
elevenlabs-medium_support-r018,elevenlabs,eleven_flash_v2_5,medium_support,80.0,400.0,0.5,True,0,0.0,0.0
elevenlabs-medium_support-r018,elevenlabs,eleven_flash_v2_5,medium_support,80.0,400.0,0.75,True,0,0.0,0.0
elevenlabs-medium_support-r018,elevenlabs,eleven_flash_v2_5,medium_support,80.0,800.0,0.25,True,0,0.0,0.0
elevenlabs-medium_support-r018,elevenlabs,eleven_flash_v2_5,medium_support,80.0,800.0,0.5,True,0,0.0,0.0
elevenlabs-medium_support-r018,elevenlabs,eleven_flash_v2_5,medium_support,80.0,800.0,0.75,True,0,0.0,0.0
elevenlabs-medium_support-r018,elevenlabs,eleven_flash_v2_5,medium_support,80.0,1200.0,0.25,True,0,0.0,0.0
elevenlabs-medium_support-r018,elevenlabs,eleven_flash_v2_5,medium_support,80.0,1200.0,0.5,True,0,0.0,0.0
elevenlabs-medium_support-r018,elevenlabs,eleven_flash_v2_5,medium_support,80.0,1200.0,0.75,True,0,0.0,0.0
elevenlabs-medium_support-r019,elevenlabs,eleven_flash_v2_5,medium_support,80.0,0.0,0.25,True,0,0.0,0.0
elevenlabs-medium_support-r019,elevenlabs,eleven_flash_v2_5,medium_support,80.0,0.0,0.5,True,0,0.0,0.0
elevenlabs-medium_support-r019,elevenlabs,eleven_flash_v2_5,medium_support,80.0,0.0,0.75,True,0,0.0,0.0
elevenlabs-medium_support-r019,elevenlabs,eleven_flash_v2_5,medium_support,80.0,50.0,0.25,True,0,0.0,0.0
elevenlabs-medium_support-r019,elevenlabs,eleven_flash_v2_5,medium_support,80.0,50.0,0.5,True,0,0.0,0.0
elevenlabs-medium_support-r019,elevenlabs,eleven_flash_v2_5,medium_support,80.0,50.0,0.75,True,0,0.0,0.0
elevenlabs-medium_support-r019,elevenlabs,eleven_flash_v2_5,medium_support,80.0,100.0,0.25,True,0,0.0,0.0
elevenlabs-medium_support-r019,elevenlabs,eleven_flash_v2_5,medium_support,80.0,100.0,0.5,True,0,0.0,0.0
elevenlabs-medium_support-r019,elevenlabs,eleven_flash_v2_5,medium_support,80.0,100.0,0.75,True,0,0.0,0.0
elevenlabs-medium_support-r019,elevenlabs,eleven_flash_v2_5,medium_support,80.0,200.0,0.25,True,0,0.0,0.0
elevenlabs-medium_support-r019,elevenlabs,eleven_flash_v2_5,medium_support,80.0,200.0,0.5,True,0,0.0,0.0
elevenlabs-medium_support-r019,elevenlabs,eleven_flash_v2_5,medium_support,80.0,200.0,0.75,True,0,0.0,0.0
elevenlabs-medium_support-r019,elevenlabs,eleven_flash_v2_5,medium_support,80.0,400.0,0.25,True,0,0.0,0.0
elevenlabs-medium_support-r019,elevenlabs,eleven_flash_v2_5,medium_support,80.0,400.0,0.5,True,0,0.0,0.0
elevenlabs-medium_support-r019,elevenlabs,eleven_flash_v2_5,medium_support,80.0,400.0,0.75,True,0,0.0,0.0
elevenlabs-medium_support-r019,elevenlabs,eleven_flash_v2_5,medium_support,80.0,800.0,0.25,True,0,0.0,0.0
elevenlabs-medium_support-r019,elevenlabs,eleven_flash_v2_5,medium_support,80.0,800.0,0.5,True,0,0.0,0.0
elevenlabs-medium_support-r019,elevenlabs,eleven_flash_v2_5,medium_support,80.0,800.0,0.75,True,0,0.0,0.0
elevenlabs-medium_support-r019,elevenlabs,eleven_flash_v2_5,medium_support,80.0,1200.0,0.25,True,0,0.0,0.0
elevenlabs-medium_support-r019,elevenlabs,eleven_flash_v2_5,medium_support,80.0,1200.0,0.5,True,0,0.0,0.0
elevenlabs-medium_support-r019,elevenlabs,eleven_flash_v2_5,medium_support,80.0,1200.0,0.75,True,0,0.0,0.0
elevenlabs-short_ack-r000,elevenlabs,eleven_flash_v2_5,short_ack,80.0,0.0,0.25,True,0,0.0,0.0
elevenlabs-short_ack-r000,elevenlabs,eleven_flash_v2_5,short_ack,80.0,0.0,0.5,True,0,0.0,0.0
elevenlabs-short_ack-r000,elevenlabs,eleven_flash_v2_5,short_ack,80.0,0.0,0.75,True,0,0.0,0.0
elevenlabs-short_ack-r000,elevenlabs,eleven_flash_v2_5,short_ack,80.0,50.0,0.25,True,0,0.0,0.0
elevenlabs-short_ack-r000,elevenlabs,eleven_flash_v2_5,short_ack,80.0,50.0,0.5,True,0,0.0,0.0
elevenlabs-short_ack-r000,elevenlabs,eleven_flash_v2_5,short_ack,80.0,50.0,0.75,True,0,0.0,0.0
elevenlabs-short_ack-r000,elevenlabs,eleven_flash_v2_5,short_ack,80.0,100.0,0.25,True,0,0.0,0.0
elevenlabs-short_ack-r000,elevenlabs,eleven_flash_v2_5,short_ack,80.0,100.0,0.5,True,0,0.0,0.0
elevenlabs-short_ack-r000,elevenlabs,eleven_flash_v2_5,short_ack,80.0,100.0,0.75,True,0,0.0,0.0
elevenlabs-short_ack-r000,elevenlabs,eleven_flash_v2_5,short_ack,80.0,200.0,0.25,True,0,0.0,0.0
elevenlabs-short_ack-r000,elevenlabs,eleven_flash_v2_5,short_ack,80.0,200.0,0.5,True,0,0.0,0.0
elevenlabs-short_ack-r000,elevenlabs,eleven_flash_v2_5,short_ack,80.0,200.0,0.75,True,0,0.0,0.0
elevenlabs-short_ack-r000,elevenlabs,eleven_flash_v2_5,short_ack,80.0,400.0,0.25,True,0,0.0,0.0
elevenlabs-short_ack-r000,elevenlabs,eleven_flash_v2_5,short_ack,80.0,400.0,0.5,True,0,0.0,0.0
elevenlabs-short_ack-r000,elevenlabs,eleven_flash_v2_5,short_ack,80.0,400.0,0.75,True,0,0.0,0.0
elevenlabs-short_ack-r000,elevenlabs,eleven_flash_v2_5,short_ack,80.0,800.0,0.25,False,1,384.5839579985477,384.5839579985477
elevenlabs-short_ack-r000,elevenlabs,eleven_flash_v2_5,short_ack,80.0,800.0,0.5,True,0,0.0,0.0
elevenlabs-short_ack-r000,elevenlabs,eleven_flash_v2_5,short_ack,80.0,800.0,0.75,True,0,0.0,0.0
elevenlabs-short_ack-r000,elevenlabs,eleven_flash_v2_5,short_ack,80.0,1200.0,0.25,False,1,784.5839579985477,784.5839579985477
elevenlabs-short_ack-r000,elevenlabs,eleven_flash_v2_5,short_ack,80.0,1200.0,0.5,False,1,316.24254133350496,316.24254133350496
elevenlabs-short_ack-r000,elevenlabs,eleven_flash_v2_5,short_ack,80.0,1200.0,0.75,True,0,0.0,0.0
elevenlabs-short_ack-r001,elevenlabs,eleven_flash_v2_5,short_ack,80.0,0.0,0.25,True,0,0.0,0.0
elevenlabs-short_ack-r001,elevenlabs,eleven_flash_v2_5,short_ack,80.0,0.0,0.5,True,0,0.0,0.0
elevenlabs-short_ack-r001,elevenlabs,eleven_flash_v2_5,short_ack,80.0,0.0,0.75,True,0,0.0,0.0
elevenlabs-short_ack-r001,elevenlabs,eleven_flash_v2_5,short_ack,80.0,50.0,0.25,True,0,0.0,0.0
elevenlabs-short_ack-r001,elevenlabs,eleven_flash_v2_5,short_ack,80.0,50.0,0.5,True,0,0.0,0.0
elevenlabs-short_ack-r001,elevenlabs,eleven_flash_v2_5,short_ack,80.0,50.0,0.75,True,0,0.0,0.0
elevenlabs-short_ack-r001,elevenlabs,eleven_flash_v2_5,short_ack,80.0,100.0,0.25,True,0,0.0,0.0
elevenlabs-short_ack-r001,elevenlabs,eleven_flash_v2_5,short_ack,80.0,100.0,0.5,True,0,0.0,0.0
elevenlabs-short_ack-r001,elevenlabs,eleven_flash_v2_5,short_ack,80.0,100.0,0.75,True,0,0.0,0.0
elevenlabs-short_ack-r001,elevenlabs,eleven_flash_v2_5,short_ack,80.0,200.0,0.25,True,0,0.0,0.0
elevenlabs-short_ack-r001,elevenlabs,eleven_flash_v2_5,short_ack,80.0,200.0,0.5,True,0,0.0,0.0
elevenlabs-short_ack-r001,elevenlabs,eleven_flash_v2_5,short_ack,80.0,200.0,0.75,True,0,0.0,0.0
elevenlabs-short_ack-r001,elevenlabs,eleven_flash_v2_5,short_ack,80.0,400.0,0.25,True,0,0.0,0.0
elevenlabs-short_ack-r001,elevenlabs,eleven_flash_v2_5,short_ack,80.0,400.0,0.5,True,0,0.0,0.0
elevenlabs-short_ack-r001,elevenlabs,eleven_flash_v2_5,short_ack,80.0,400.0,0.75,True,0,0.0,0.0
elevenlabs-short_ack-r001,elevenlabs,eleven_flash_v2_5,short_ack,80.0,800.0,0.25,False,1,333.4365830337631,333.4365830337631
elevenlabs-short_ack-r001,elevenlabs,eleven_flash_v2_5,short_ack,80.0,800.0,0.5,True,0,0.0,0.0
elevenlabs-short_ack-r001,elevenlabs,eleven_flash_v2_5,short_ack,80.0,800.0,0.75,True,0,0.0,0.0
elevenlabs-short_ack-r001,elevenlabs,eleven_flash_v2_5,short_ack,80.0,1200.0,0.25,False,1,733.4365830337631,733.4365830337631
elevenlabs-short_ack-r001,elevenlabs,eleven_flash_v2_5,short_ack,80.0,1200.0,0.5,False,1,275.824708370802,275.824708370802
elevenlabs-short_ack-r001,elevenlabs,eleven_flash_v2_5,short_ack,80.0,1200.0,0.75,True,0,0.0,0.0
elevenlabs-short_ack-r002,elevenlabs,eleven_flash_v2_5,short_ack,80.0,0.0,0.25,True,0,0.0,0.0
elevenlabs-short_ack-r002,elevenlabs,eleven_flash_v2_5,short_ack,80.0,0.0,0.5,True,0,0.0,0.0
elevenlabs-short_ack-r002,elevenlabs,eleven_flash_v2_5,short_ack,80.0,0.0,0.75,True,0,0.0,0.0
elevenlabs-short_ack-r002,elevenlabs,eleven_flash_v2_5,short_ack,80.0,50.0,0.25,True,0,0.0,0.0
elevenlabs-short_ack-r002,elevenlabs,eleven_flash_v2_5,short_ack,80.0,50.0,0.5,True,0,0.0,0.0
elevenlabs-short_ack-r002,elevenlabs,eleven_flash_v2_5,short_ack,80.0,50.0,0.75,True,0,0.0,0.0
elevenlabs-short_ack-r002,elevenlabs,eleven_flash_v2_5,short_ack,80.0,100.0,0.25,True,0,0.0,0.0
elevenlabs-short_ack-r002,elevenlabs,eleven_flash_v2_5,short_ack,80.0,100.0,0.5,True,0,0.0,0.0
elevenlabs-short_ack-r002,elevenlabs,eleven_flash_v2_5,short_ack,80.0,100.0,0.75,True,0,0.0,0.0
elevenlabs-short_ack-r002,elevenlabs,eleven_flash_v2_5,short_ack,80.0,200.0,0.25,True,0,0.0,0.0
elevenlabs-short_ack-r002,elevenlabs,eleven_flash_v2_5,short_ack,80.0,200.0,0.5,True,0,0.0,0.0
elevenlabs-short_ack-r002,elevenlabs,eleven_flash_v2_5,short_ack,80.0,200.0,0.75,True,0,0.0,0.0
elevenlabs-short_ack-r002,elevenlabs,eleven_flash_v2_5,short_ack,80.0,400.0,0.25,True,0,0.0,0.0
elevenlabs-short_ack-r002,elevenlabs,eleven_flash_v2_5,short_ack,80.0,400.0,0.5,True,0,0.0,0.0
elevenlabs-short_ack-r002,elevenlabs,eleven_flash_v2_5,short_ack,80.0,400.0,0.75,True,0,0.0,0.0
elevenlabs-short_ack-r002,elevenlabs,eleven_flash_v2_5,short_ack,80.0,800.0,0.25,False,1,324.53604163850366,324.53604163850366
elevenlabs-short_ack-r002,elevenlabs,eleven_flash_v2_5,short_ack,80.0,800.0,0.5,True,0,0.0,0.0
elevenlabs-short_ack-r002,elevenlabs,eleven_flash_v2_5,short_ack,80.0,800.0,0.75,True,0,0.0,0.0
elevenlabs-short_ack-r002,elevenlabs,eleven_flash_v2_5,short_ack,80.0,1200.0,0.25,False,1,724.5360416385037,724.5360416385037
elevenlabs-short_ack-r002,elevenlabs,eleven_flash_v2_5,short_ack,80.0,1200.0,0.5,False,1,267.7132089557124,267.7132089557124
elevenlabs-short_ack-r002,elevenlabs,eleven_flash_v2_5,short_ack,80.0,1200.0,0.75,True,0,0.0,0.0
elevenlabs-short_ack-r003,elevenlabs,eleven_flash_v2_5,short_ack,80.0,0.0,0.25,True,0,0.0,0.0
elevenlabs-short_ack-r003,elevenlabs,eleven_flash_v2_5,short_ack,80.0,0.0,0.5,True,0,0.0,0.0
elevenlabs-short_ack-r003,elevenlabs,eleven_flash_v2_5,short_ack,80.0,0.0,0.75,True,0,0.0,0.0
elevenlabs-short_ack-r003,elevenlabs,eleven_flash_v2_5,short_ack,80.0,50.0,0.25,True,0,0.0,0.0
elevenlabs-short_ack-r003,elevenlabs,eleven_flash_v2_5,short_ack,80.0,50.0,0.5,True,0,0.0,0.0
elevenlabs-short_ack-r003,elevenlabs,eleven_flash_v2_5,short_ack,80.0,50.0,0.75,True,0,0.0,0.0
elevenlabs-short_ack-r003,elevenlabs,eleven_flash_v2_5,short_ack,80.0,100.0,0.25,True,0,0.0,0.0
elevenlabs-short_ack-r003,elevenlabs,eleven_flash_v2_5,short_ack,80.0,100.0,0.5,True,0,0.0,0.0
elevenlabs-short_ack-r003,elevenlabs,eleven_flash_v2_5,short_ack,80.0,100.0,0.75,True,0,0.0,0.0
elevenlabs-short_ack-r003,elevenlabs,eleven_flash_v2_5,short_ack,80.0,200.0,0.25,True,0,0.0,0.0
elevenlabs-short_ack-r003,elevenlabs,eleven_flash_v2_5,short_ack,80.0,200.0,0.5,True,0,0.0,0.0
elevenlabs-short_ack-r003,elevenlabs,eleven_flash_v2_5,short_ack,80.0,200.0,0.75,True,0,0.0,0.0
elevenlabs-short_ack-r003,elevenlabs,eleven_flash_v2_5,short_ack,80.0,400.0,0.25,True,0,0.0,0.0
elevenlabs-short_ack-r003,elevenlabs,eleven_flash_v2_5,short_ack,80.0,400.0,0.5,True,0,0.0,0.0
elevenlabs-short_ack-r003,elevenlabs,eleven_flash_v2_5,short_ack,80.0,400.0,0.75,True,0,0.0,0.0
elevenlabs-short_ack-r003,elevenlabs,eleven_flash_v2_5,short_ack,80.0,800.0,0.25,False,1,351.1962499865331,351.1962499865331
elevenlabs-short_ack-r003,elevenlabs,eleven_flash_v2_5,short_ack,80.0,800.0,0.5,True,0,0.0,0.0
elevenlabs-short_ack-r003,elevenlabs,eleven_flash_v2_5,short_ack,80.0,800.0,0.75,True,0,0.0,0.0
elevenlabs-short_ack-r003,elevenlabs,eleven_flash_v2_5,short_ack,80.0,1200.0,0.25,False,1,751.1962499865331,751.1962499865331
elevenlabs-short_ack-r003,elevenlabs,eleven_flash_v2_5,short_ack,80.0,1200.0,0.5,False,1,298.64770763755405,298.64770763755405
elevenlabs-short_ack-r003,elevenlabs,eleven_flash_v2_5,short_ack,80.0,1200.0,0.75,True,0,0.0,0.0
elevenlabs-short_ack-r004,elevenlabs,eleven_flash_v2_5,short_ack,80.0,0.0,0.25,True,0,0.0,0.0
elevenlabs-short_ack-r004,elevenlabs,eleven_flash_v2_5,short_ack,80.0,0.0,0.5,True,0,0.0,0.0
elevenlabs-short_ack-r004,elevenlabs,eleven_flash_v2_5,short_ack,80.0,0.0,0.75,True,0,0.0,0.0
elevenlabs-short_ack-r004,elevenlabs,eleven_flash_v2_5,short_ack,80.0,50.0,0.25,True,0,0.0,0.0
elevenlabs-short_ack-r004,elevenlabs,eleven_flash_v2_5,short_ack,80.0,50.0,0.5,True,0,0.0,0.0
elevenlabs-short_ack-r004,elevenlabs,eleven_flash_v2_5,short_ack,80.0,50.0,0.75,True,0,0.0,0.0
elevenlabs-short_ack-r004,elevenlabs,eleven_flash_v2_5,short_ack,80.0,100.0,0.25,True,0,0.0,0.0
elevenlabs-short_ack-r004,elevenlabs,eleven_flash_v2_5,short_ack,80.0,100.0,0.5,True,0,0.0,0.0
elevenlabs-short_ack-r004,elevenlabs,eleven_flash_v2_5,short_ack,80.0,100.0,0.75,True,0,0.0,0.0
elevenlabs-short_ack-r004,elevenlabs,eleven_flash_v2_5,short_ack,80.0,200.0,0.25,True,0,0.0,0.0
elevenlabs-short_ack-r004,elevenlabs,eleven_flash_v2_5,short_ack,80.0,200.0,0.5,True,0,0.0,0.0
elevenlabs-short_ack-r004,elevenlabs,eleven_flash_v2_5,short_ack,80.0,200.0,0.75,True,0,0.0,0.0
elevenlabs-short_ack-r004,elevenlabs,eleven_flash_v2_5,short_ack,80.0,400.0,0.25,True,0,0.0,0.0
elevenlabs-short_ack-r004,elevenlabs,eleven_flash_v2_5,short_ack,80.0,400.0,0.5,True,0,0.0,0.0
elevenlabs-short_ack-r004,elevenlabs,eleven_flash_v2_5,short_ack,80.0,400.0,0.75,True,0,0.0,0.0
elevenlabs-short_ack-r004,elevenlabs,eleven_flash_v2_5,short_ack,80.0,800.0,0.25,False,1,337.2691250219941,337.2691250219941
elevenlabs-short_ack-r004,elevenlabs,eleven_flash_v2_5,short_ack,80.0,800.0,0.5,True,0,0.0,0.0
elevenlabs-short_ack-r004,elevenlabs,eleven_flash_v2_5,short_ack,80.0,800.0,0.75,True,0,0.0,0.0
elevenlabs-short_ack-r004,elevenlabs,eleven_flash_v2_5,short_ack,80.0,1200.0,0.25,False,1,737.2691250219941,737.2691250219941
elevenlabs-short_ack-r004,elevenlabs,eleven_flash_v2_5,short_ack,80.0,1200.0,0.5,False,2,297.2351663353229,262.7894580052232
elevenlabs-short_ack-r004,elevenlabs,eleven_flash_v2_5,short_ack,80.0,1200.0,0.75,True,0,0.0,0.0
elevenlabs-short_ack-r005,elevenlabs,eleven_flash_v2_5,short_ack,80.0,0.0,0.25,True,0,0.0,0.0
elevenlabs-short_ack-r005,elevenlabs,eleven_flash_v2_5,short_ack,80.0,0.0,0.5,True,0,0.0,0.0
elevenlabs-short_ack-r005,elevenlabs,eleven_flash_v2_5,short_ack,80.0,0.0,0.75,True,0,0.0,0.0
elevenlabs-short_ack-r005,elevenlabs,eleven_flash_v2_5,short_ack,80.0,50.0,0.25,True,0,0.0,0.0
elevenlabs-short_ack-r005,elevenlabs,eleven_flash_v2_5,short_ack,80.0,50.0,0.5,True,0,0.0,0.0
elevenlabs-short_ack-r005,elevenlabs,eleven_flash_v2_5,short_ack,80.0,50.0,0.75,True,0,0.0,0.0
elevenlabs-short_ack-r005,elevenlabs,eleven_flash_v2_5,short_ack,80.0,100.0,0.25,True,0,0.0,0.0
elevenlabs-short_ack-r005,elevenlabs,eleven_flash_v2_5,short_ack,80.0,100.0,0.5,True,0,0.0,0.0
elevenlabs-short_ack-r005,elevenlabs,eleven_flash_v2_5,short_ack,80.0,100.0,0.75,True,0,0.0,0.0
elevenlabs-short_ack-r005,elevenlabs,eleven_flash_v2_5,short_ack,80.0,200.0,0.25,True,0,0.0,0.0
elevenlabs-short_ack-r005,elevenlabs,eleven_flash_v2_5,short_ack,80.0,200.0,0.5,True,0,0.0,0.0
elevenlabs-short_ack-r005,elevenlabs,eleven_flash_v2_5,short_ack,80.0,200.0,0.75,True,0,0.0,0.0
elevenlabs-short_ack-r005,elevenlabs,eleven_flash_v2_5,short_ack,80.0,400.0,0.25,True,0,0.0,0.0
elevenlabs-short_ack-r005,elevenlabs,eleven_flash_v2_5,short_ack,80.0,400.0,0.5,True,0,0.0,0.0
elevenlabs-short_ack-r005,elevenlabs,eleven_flash_v2_5,short_ack,80.0,400.0,0.75,True,0,0.0,0.0
elevenlabs-short_ack-r005,elevenlabs,eleven_flash_v2_5,short_ack,80.0,800.0,0.25,False,1,338.4327079798095,338.4327079798095
elevenlabs-short_ack-r005,elevenlabs,eleven_flash_v2_5,short_ack,80.0,800.0,0.5,True,0,0.0,0.0
elevenlabs-short_ack-r005,elevenlabs,eleven_flash_v2_5,short_ack,80.0,800.0,0.75,True,0,0.0,0.0
elevenlabs-short_ack-r005,elevenlabs,eleven_flash_v2_5,short_ack,80.0,1200.0,0.25,False,1,738.4327079798095,738.4327079798095
elevenlabs-short_ack-r005,elevenlabs,eleven_flash_v2_5,short_ack,80.0,1200.0,0.5,False,1,294.48295830081497,294.48295830081497
elevenlabs-short_ack-r005,elevenlabs,eleven_flash_v2_5,short_ack,80.0,1200.0,0.75,True,0,0.0,0.0
elevenlabs-short_ack-r006,elevenlabs,eleven_flash_v2_5,short_ack,80.0,0.0,0.25,True,0,0.0,0.0
elevenlabs-short_ack-r006,elevenlabs,eleven_flash_v2_5,short_ack,80.0,0.0,0.5,True,0,0.0,0.0
elevenlabs-short_ack-r006,elevenlabs,eleven_flash_v2_5,short_ack,80.0,0.0,0.75,True,0,0.0,0.0
elevenlabs-short_ack-r006,elevenlabs,eleven_flash_v2_5,short_ack,80.0,50.0,0.25,True,0,0.0,0.0
elevenlabs-short_ack-r006,elevenlabs,eleven_flash_v2_5,short_ack,80.0,50.0,0.5,True,0,0.0,0.0
elevenlabs-short_ack-r006,elevenlabs,eleven_flash_v2_5,short_ack,80.0,50.0,0.75,True,0,0.0,0.0
elevenlabs-short_ack-r006,elevenlabs,eleven_flash_v2_5,short_ack,80.0,100.0,0.25,True,0,0.0,0.0
elevenlabs-short_ack-r006,elevenlabs,eleven_flash_v2_5,short_ack,80.0,100.0,0.5,True,0,0.0,0.0
elevenlabs-short_ack-r006,elevenlabs,eleven_flash_v2_5,short_ack,80.0,100.0,0.75,True,0,0.0,0.0
elevenlabs-short_ack-r006,elevenlabs,eleven_flash_v2_5,short_ack,80.0,200.0,0.25,True,0,0.0,0.0
elevenlabs-short_ack-r006,elevenlabs,eleven_flash_v2_5,short_ack,80.0,200.0,0.5,True,0,0.0,0.0
elevenlabs-short_ack-r006,elevenlabs,eleven_flash_v2_5,short_ack,80.0,200.0,0.75,True,0,0.0,0.0
elevenlabs-short_ack-r006,elevenlabs,eleven_flash_v2_5,short_ack,80.0,400.0,0.25,True,0,0.0,0.0
elevenlabs-short_ack-r006,elevenlabs,eleven_flash_v2_5,short_ack,80.0,400.0,0.5,True,0,0.0,0.0
elevenlabs-short_ack-r006,elevenlabs,eleven_flash_v2_5,short_ack,80.0,400.0,0.75,True,0,0.0,0.0
elevenlabs-short_ack-r006,elevenlabs,eleven_flash_v2_5,short_ack,80.0,800.0,0.25,False,1,314.8793743591134,314.8793743591134
elevenlabs-short_ack-r006,elevenlabs,eleven_flash_v2_5,short_ack,80.0,800.0,0.5,True,0,0.0,0.0
elevenlabs-short_ack-r006,elevenlabs,eleven_flash_v2_5,short_ack,80.0,800.0,0.75,True,0,0.0,0.0
elevenlabs-short_ack-r006,elevenlabs,eleven_flash_v2_5,short_ack,80.0,1200.0,0.25,False,1,714.8793743591134,714.8793743591134
elevenlabs-short_ack-r006,elevenlabs,eleven_flash_v2_5,short_ack,80.0,1200.0,0.5,False,1,262.5785829741503,262.5785829741503
elevenlabs-short_ack-r006,elevenlabs,eleven_flash_v2_5,short_ack,80.0,1200.0,0.75,True,0,0.0,0.0
elevenlabs-short_ack-r007,elevenlabs,eleven_flash_v2_5,short_ack,80.0,0.0,0.25,True,0,0.0,0.0
elevenlabs-short_ack-r007,elevenlabs,eleven_flash_v2_5,short_ack,80.0,0.0,0.5,True,0,0.0,0.0
elevenlabs-short_ack-r007,elevenlabs,eleven_flash_v2_5,short_ack,80.0,0.0,0.75,True,0,0.0,0.0
elevenlabs-short_ack-r007,elevenlabs,eleven_flash_v2_5,short_ack,80.0,50.0,0.25,True,0,0.0,0.0
elevenlabs-short_ack-r007,elevenlabs,eleven_flash_v2_5,short_ack,80.0,50.0,0.5,True,0,0.0,0.0
elevenlabs-short_ack-r007,elevenlabs,eleven_flash_v2_5,short_ack,80.0,50.0,0.75,True,0,0.0,0.0
elevenlabs-short_ack-r007,elevenlabs,eleven_flash_v2_5,short_ack,80.0,100.0,0.25,True,0,0.0,0.0
elevenlabs-short_ack-r007,elevenlabs,eleven_flash_v2_5,short_ack,80.0,100.0,0.5,True,0,0.0,0.0
elevenlabs-short_ack-r007,elevenlabs,eleven_flash_v2_5,short_ack,80.0,100.0,0.75,True,0,0.0,0.0
elevenlabs-short_ack-r007,elevenlabs,eleven_flash_v2_5,short_ack,80.0,200.0,0.25,True,0,0.0,0.0
elevenlabs-short_ack-r007,elevenlabs,eleven_flash_v2_5,short_ack,80.0,200.0,0.5,True,0,0.0,0.0
elevenlabs-short_ack-r007,elevenlabs,eleven_flash_v2_5,short_ack,80.0,200.0,0.75,True,0,0.0,0.0
elevenlabs-short_ack-r007,elevenlabs,eleven_flash_v2_5,short_ack,80.0,400.0,0.25,True,0,0.0,0.0
elevenlabs-short_ack-r007,elevenlabs,eleven_flash_v2_5,short_ack,80.0,400.0,0.5,True,0,0.0,0.0
elevenlabs-short_ack-r007,elevenlabs,eleven_flash_v2_5,short_ack,80.0,400.0,0.75,True,0,0.0,0.0
elevenlabs-short_ack-r007,elevenlabs,eleven_flash_v2_5,short_ack,80.0,800.0,0.25,False,1,308.4647923375792,308.4647923375792
elevenlabs-short_ack-r007,elevenlabs,eleven_flash_v2_5,short_ack,80.0,800.0,0.5,True,0,0.0,0.0
elevenlabs-short_ack-r007,elevenlabs,eleven_flash_v2_5,short_ack,80.0,800.0,0.75,True,0,0.0,0.0
elevenlabs-short_ack-r007,elevenlabs,eleven_flash_v2_5,short_ack,80.0,1200.0,0.25,False,1,708.4647923375792,708.4647923375792
elevenlabs-short_ack-r007,elevenlabs,eleven_flash_v2_5,short_ack,80.0,1200.0,0.5,False,1,273.6138753507594,273.6138753507594
elevenlabs-short_ack-r007,elevenlabs,eleven_flash_v2_5,short_ack,80.0,1200.0,0.75,True,0,0.0,0.0
elevenlabs-short_ack-r008,elevenlabs,eleven_flash_v2_5,short_ack,80.0,0.0,0.25,True,0,0.0,0.0
elevenlabs-short_ack-r008,elevenlabs,eleven_flash_v2_5,short_ack,80.0,0.0,0.5,True,0,0.0,0.0
elevenlabs-short_ack-r008,elevenlabs,eleven_flash_v2_5,short_ack,80.0,0.0,0.75,True,0,0.0,0.0
elevenlabs-short_ack-r008,elevenlabs,eleven_flash_v2_5,short_ack,80.0,50.0,0.25,True,0,0.0,0.0
elevenlabs-short_ack-r008,elevenlabs,eleven_flash_v2_5,short_ack,80.0,50.0,0.5,True,0,0.0,0.0
elevenlabs-short_ack-r008,elevenlabs,eleven_flash_v2_5,short_ack,80.0,50.0,0.75,True,0,0.0,0.0
elevenlabs-short_ack-r008,elevenlabs,eleven_flash_v2_5,short_ack,80.0,100.0,0.25,True,0,0.0,0.0
elevenlabs-short_ack-r008,elevenlabs,eleven_flash_v2_5,short_ack,80.0,100.0,0.5,True,0,0.0,0.0
elevenlabs-short_ack-r008,elevenlabs,eleven_flash_v2_5,short_ack,80.0,100.0,0.75,True,0,0.0,0.0
elevenlabs-short_ack-r008,elevenlabs,eleven_flash_v2_5,short_ack,80.0,200.0,0.25,True,0,0.0,0.0
elevenlabs-short_ack-r008,elevenlabs,eleven_flash_v2_5,short_ack,80.0,200.0,0.5,True,0,0.0,0.0
elevenlabs-short_ack-r008,elevenlabs,eleven_flash_v2_5,short_ack,80.0,200.0,0.75,True,0,0.0,0.0
elevenlabs-short_ack-r008,elevenlabs,eleven_flash_v2_5,short_ack,80.0,400.0,0.25,True,0,0.0,0.0
elevenlabs-short_ack-r008,elevenlabs,eleven_flash_v2_5,short_ack,80.0,400.0,0.5,True,0,0.0,0.0
elevenlabs-short_ack-r008,elevenlabs,eleven_flash_v2_5,short_ack,80.0,400.0,0.75,True,0,0.0,0.0
elevenlabs-short_ack-r008,elevenlabs,eleven_flash_v2_5,short_ack,80.0,800.0,0.25,False,1,382.2686663412801,382.2686663412801
elevenlabs-short_ack-r008,elevenlabs,eleven_flash_v2_5,short_ack,80.0,800.0,0.5,True,0,0.0,0.0
elevenlabs-short_ack-r008,elevenlabs,eleven_flash_v2_5,short_ack,80.0,800.0,0.75,True,0,0.0,0.0
elevenlabs-short_ack-r008,elevenlabs,eleven_flash_v2_5,short_ack,80.0,1200.0,0.25,False,1,782.2686663412801,782.2686663412801
elevenlabs-short_ack-r008,elevenlabs,eleven_flash_v2_5,short_ack,80.0,1200.0,0.5,False,1,327.0054996648489,327.0054996648489
elevenlabs-short_ack-r008,elevenlabs,eleven_flash_v2_5,short_ack,80.0,1200.0,0.75,True,0,0.0,0.0
elevenlabs-short_ack-r009,elevenlabs,eleven_flash_v2_5,short_ack,80.0,0.0,0.25,True,0,0.0,0.0
elevenlabs-short_ack-r009,elevenlabs,eleven_flash_v2_5,short_ack,80.0,0.0,0.5,True,0,0.0,0.0
elevenlabs-short_ack-r009,elevenlabs,eleven_flash_v2_5,short_ack,80.0,0.0,0.75,True,0,0.0,0.0
elevenlabs-short_ack-r009,elevenlabs,eleven_flash_v2_5,short_ack,80.0,50.0,0.25,True,0,0.0,0.0
elevenlabs-short_ack-r009,elevenlabs,eleven_flash_v2_5,short_ack,80.0,50.0,0.5,True,0,0.0,0.0
elevenlabs-short_ack-r009,elevenlabs,eleven_flash_v2_5,short_ack,80.0,50.0,0.75,True,0,0.0,0.0
elevenlabs-short_ack-r009,elevenlabs,eleven_flash_v2_5,short_ack,80.0,100.0,0.25,True,0,0.0,0.0
elevenlabs-short_ack-r009,elevenlabs,eleven_flash_v2_5,short_ack,80.0,100.0,0.5,True,0,0.0,0.0
elevenlabs-short_ack-r009,elevenlabs,eleven_flash_v2_5,short_ack,80.0,100.0,0.75,True,0,0.0,0.0
elevenlabs-short_ack-r009,elevenlabs,eleven_flash_v2_5,short_ack,80.0,200.0,0.25,True,0,0.0,0.0
elevenlabs-short_ack-r009,elevenlabs,eleven_flash_v2_5,short_ack,80.0,200.0,0.5,True,0,0.0,0.0
elevenlabs-short_ack-r009,elevenlabs,eleven_flash_v2_5,short_ack,80.0,200.0,0.75,True,0,0.0,0.0
elevenlabs-short_ack-r009,elevenlabs,eleven_flash_v2_5,short_ack,80.0,400.0,0.25,True,0,0.0,0.0
elevenlabs-short_ack-r009,elevenlabs,eleven_flash_v2_5,short_ack,80.0,400.0,0.5,True,0,0.0,0.0
elevenlabs-short_ack-r009,elevenlabs,eleven_flash_v2_5,short_ack,80.0,400.0,0.75,True,0,0.0,0.0
elevenlabs-short_ack-r009,elevenlabs,eleven_flash_v2_5,short_ack,80.0,800.0,0.25,False,1,378.4769170265645,378.4769170265645
elevenlabs-short_ack-r009,elevenlabs,eleven_flash_v2_5,short_ack,80.0,800.0,0.5,True,0,0.0,0.0
elevenlabs-short_ack-r009,elevenlabs,eleven_flash_v2_5,short_ack,80.0,800.0,0.75,True,0,0.0,0.0
elevenlabs-short_ack-r009,elevenlabs,eleven_flash_v2_5,short_ack,80.0,1200.0,0.25,False,1,778.4769170265645,778.4769170265645
elevenlabs-short_ack-r009,elevenlabs,eleven_flash_v2_5,short_ack,80.0,1200.0,0.5,False,1,322.9430000041609,322.9430000041609
elevenlabs-short_ack-r009,elevenlabs,eleven_flash_v2_5,short_ack,80.0,1200.0,0.75,True,0,0.0,0.0
elevenlabs-short_ack-r010,elevenlabs,eleven_flash_v2_5,short_ack,80.0,0.0,0.25,True,0,0.0,0.0
elevenlabs-short_ack-r010,elevenlabs,eleven_flash_v2_5,short_ack,80.0,0.0,0.5,True,0,0.0,0.0
elevenlabs-short_ack-r010,elevenlabs,eleven_flash_v2_5,short_ack,80.0,0.0,0.75,True,0,0.0,0.0
elevenlabs-short_ack-r010,elevenlabs,eleven_flash_v2_5,short_ack,80.0,50.0,0.25,True,0,0.0,0.0
elevenlabs-short_ack-r010,elevenlabs,eleven_flash_v2_5,short_ack,80.0,50.0,0.5,True,0,0.0,0.0
elevenlabs-short_ack-r010,elevenlabs,eleven_flash_v2_5,short_ack,80.0,50.0,0.75,True,0,0.0,0.0
elevenlabs-short_ack-r010,elevenlabs,eleven_flash_v2_5,short_ack,80.0,100.0,0.25,True,0,0.0,0.0
elevenlabs-short_ack-r010,elevenlabs,eleven_flash_v2_5,short_ack,80.0,100.0,0.5,True,0,0.0,0.0
elevenlabs-short_ack-r010,elevenlabs,eleven_flash_v2_5,short_ack,80.0,100.0,0.75,True,0,0.0,0.0
elevenlabs-short_ack-r010,elevenlabs,eleven_flash_v2_5,short_ack,80.0,200.0,0.25,True,0,0.0,0.0
elevenlabs-short_ack-r010,elevenlabs,eleven_flash_v2_5,short_ack,80.0,200.0,0.5,True,0,0.0,0.0
elevenlabs-short_ack-r010,elevenlabs,eleven_flash_v2_5,short_ack,80.0,200.0,0.75,True,0,0.0,0.0
elevenlabs-short_ack-r010,elevenlabs,eleven_flash_v2_5,short_ack,80.0,400.0,0.25,True,0,0.0,0.0
elevenlabs-short_ack-r010,elevenlabs,eleven_flash_v2_5,short_ack,80.0,400.0,0.5,True,0,0.0,0.0
elevenlabs-short_ack-r010,elevenlabs,eleven_flash_v2_5,short_ack,80.0,400.0,0.75,True,0,0.0,0.0
elevenlabs-short_ack-r010,elevenlabs,eleven_flash_v2_5,short_ack,80.0,800.0,0.25,False,1,355.11591696878907,355.11591696878907
elevenlabs-short_ack-r010,elevenlabs,eleven_flash_v2_5,short_ack,80.0,800.0,0.5,True,0,0.0,0.0
elevenlabs-short_ack-r010,elevenlabs,eleven_flash_v2_5,short_ack,80.0,800.0,0.75,True,0,0.0,0.0
elevenlabs-short_ack-r010,elevenlabs,eleven_flash_v2_5,short_ack,80.0,1200.0,0.25,False,1,755.1159169687891,755.1159169687891
elevenlabs-short_ack-r010,elevenlabs,eleven_flash_v2_5,short_ack,80.0,1200.0,0.5,False,1,303.2024589972568,303.2024589972568
elevenlabs-short_ack-r010,elevenlabs,eleven_flash_v2_5,short_ack,80.0,1200.0,0.75,True,0,0.0,0.0
elevenlabs-short_ack-r011,elevenlabs,eleven_flash_v2_5,short_ack,80.0,0.0,0.25,True,0,0.0,0.0
elevenlabs-short_ack-r011,elevenlabs,eleven_flash_v2_5,short_ack,80.0,0.0,0.5,True,0,0.0,0.0
elevenlabs-short_ack-r011,elevenlabs,eleven_flash_v2_5,short_ack,80.0,0.0,0.75,True,0,0.0,0.0
elevenlabs-short_ack-r011,elevenlabs,eleven_flash_v2_5,short_ack,80.0,50.0,0.25,True,0,0.0,0.0
elevenlabs-short_ack-r011,elevenlabs,eleven_flash_v2_5,short_ack,80.0,50.0,0.5,True,0,0.0,0.0
elevenlabs-short_ack-r011,elevenlabs,eleven_flash_v2_5,short_ack,80.0,50.0,0.75,True,0,0.0,0.0
elevenlabs-short_ack-r011,elevenlabs,eleven_flash_v2_5,short_ack,80.0,100.0,0.25,True,0,0.0,0.0
elevenlabs-short_ack-r011,elevenlabs,eleven_flash_v2_5,short_ack,80.0,100.0,0.5,True,0,0.0,0.0
elevenlabs-short_ack-r011,elevenlabs,eleven_flash_v2_5,short_ack,80.0,100.0,0.75,True,0,0.0,0.0
elevenlabs-short_ack-r011,elevenlabs,eleven_flash_v2_5,short_ack,80.0,200.0,0.25,True,0,0.0,0.0
elevenlabs-short_ack-r011,elevenlabs,eleven_flash_v2_5,short_ack,80.0,200.0,0.5,True,0,0.0,0.0
elevenlabs-short_ack-r011,elevenlabs,eleven_flash_v2_5,short_ack,80.0,200.0,0.75,True,0,0.0,0.0
elevenlabs-short_ack-r011,elevenlabs,eleven_flash_v2_5,short_ack,80.0,400.0,0.25,True,0,0.0,0.0
elevenlabs-short_ack-r011,elevenlabs,eleven_flash_v2_5,short_ack,80.0,400.0,0.5,True,0,0.0,0.0
elevenlabs-short_ack-r011,elevenlabs,eleven_flash_v2_5,short_ack,80.0,400.0,0.75,True,0,0.0,0.0
elevenlabs-short_ack-r011,elevenlabs,eleven_flash_v2_5,short_ack,80.0,800.0,0.25,False,1,348.2394169946202,348.2394169946202
elevenlabs-short_ack-r011,elevenlabs,eleven_flash_v2_5,short_ack,80.0,800.0,0.5,True,0,0.0,0.0
elevenlabs-short_ack-r011,elevenlabs,eleven_flash_v2_5,short_ack,80.0,800.0,0.75,True,0,0.0,0.0
elevenlabs-short_ack-r011,elevenlabs,eleven_flash_v2_5,short_ack,80.0,1200.0,0.25,False,1,748.2394169946202,748.2394169946202
elevenlabs-short_ack-r011,elevenlabs,eleven_flash_v2_5,short_ack,80.0,1200.0,0.5,False,1,293.4330833101021,293.4330833101021
elevenlabs-short_ack-r011,elevenlabs,eleven_flash_v2_5,short_ack,80.0,1200.0,0.75,True,0,0.0,0.0
elevenlabs-short_ack-r012,elevenlabs,eleven_flash_v2_5,short_ack,80.0,0.0,0.25,True,0,0.0,0.0
elevenlabs-short_ack-r012,elevenlabs,eleven_flash_v2_5,short_ack,80.0,0.0,0.5,True,0,0.0,0.0
elevenlabs-short_ack-r012,elevenlabs,eleven_flash_v2_5,short_ack,80.0,0.0,0.75,True,0,0.0,0.0
elevenlabs-short_ack-r012,elevenlabs,eleven_flash_v2_5,short_ack,80.0,50.0,0.25,True,0,0.0,0.0
elevenlabs-short_ack-r012,elevenlabs,eleven_flash_v2_5,short_ack,80.0,50.0,0.5,True,0,0.0,0.0
elevenlabs-short_ack-r012,elevenlabs,eleven_flash_v2_5,short_ack,80.0,50.0,0.75,True,0,0.0,0.0
elevenlabs-short_ack-r012,elevenlabs,eleven_flash_v2_5,short_ack,80.0,100.0,0.25,True,0,0.0,0.0
elevenlabs-short_ack-r012,elevenlabs,eleven_flash_v2_5,short_ack,80.0,100.0,0.5,True,0,0.0,0.0
elevenlabs-short_ack-r012,elevenlabs,eleven_flash_v2_5,short_ack,80.0,100.0,0.75,True,0,0.0,0.0
elevenlabs-short_ack-r012,elevenlabs,eleven_flash_v2_5,short_ack,80.0,200.0,0.25,True,0,0.0,0.0
elevenlabs-short_ack-r012,elevenlabs,eleven_flash_v2_5,short_ack,80.0,200.0,0.5,True,0,0.0,0.0
elevenlabs-short_ack-r012,elevenlabs,eleven_flash_v2_5,short_ack,80.0,200.0,0.75,True,0,0.0,0.0
elevenlabs-short_ack-r012,elevenlabs,eleven_flash_v2_5,short_ack,80.0,400.0,0.25,True,0,0.0,0.0
elevenlabs-short_ack-r012,elevenlabs,eleven_flash_v2_5,short_ack,80.0,400.0,0.5,True,0,0.0,0.0
elevenlabs-short_ack-r012,elevenlabs,eleven_flash_v2_5,short_ack,80.0,400.0,0.75,True,0,0.0,0.0
elevenlabs-short_ack-r012,elevenlabs,eleven_flash_v2_5,short_ack,80.0,800.0,0.25,False,1,352.75766600854706,352.75766600854706
elevenlabs-short_ack-r012,elevenlabs,eleven_flash_v2_5,short_ack,80.0,800.0,0.5,True,0,0.0,0.0
elevenlabs-short_ack-r012,elevenlabs,eleven_flash_v2_5,short_ack,80.0,800.0,0.75,True,0,0.0,0.0
elevenlabs-short_ack-r012,elevenlabs,eleven_flash_v2_5,short_ack,80.0,1200.0,0.25,False,1,752.7576660085471,752.7576660085471
elevenlabs-short_ack-r012,elevenlabs,eleven_flash_v2_5,short_ack,80.0,1200.0,0.5,False,1,290.76204137674813,290.76204137674813
elevenlabs-short_ack-r012,elevenlabs,eleven_flash_v2_5,short_ack,80.0,1200.0,0.75,True,0,0.0,0.0
elevenlabs-short_ack-r013,elevenlabs,eleven_flash_v2_5,short_ack,80.0,0.0,0.25,True,0,0.0,0.0
elevenlabs-short_ack-r013,elevenlabs,eleven_flash_v2_5,short_ack,80.0,0.0,0.5,True,0,0.0,0.0
elevenlabs-short_ack-r013,elevenlabs,eleven_flash_v2_5,short_ack,80.0,0.0,0.75,True,0,0.0,0.0
elevenlabs-short_ack-r013,elevenlabs,eleven_flash_v2_5,short_ack,80.0,50.0,0.25,True,0,0.0,0.0
elevenlabs-short_ack-r013,elevenlabs,eleven_flash_v2_5,short_ack,80.0,50.0,0.5,True,0,0.0,0.0
elevenlabs-short_ack-r013,elevenlabs,eleven_flash_v2_5,short_ack,80.0,50.0,0.75,True,0,0.0,0.0
elevenlabs-short_ack-r013,elevenlabs,eleven_flash_v2_5,short_ack,80.0,100.0,0.25,True,0,0.0,0.0
elevenlabs-short_ack-r013,elevenlabs,eleven_flash_v2_5,short_ack,80.0,100.0,0.5,True,0,0.0,0.0
elevenlabs-short_ack-r013,elevenlabs,eleven_flash_v2_5,short_ack,80.0,100.0,0.75,True,0,0.0,0.0
elevenlabs-short_ack-r013,elevenlabs,eleven_flash_v2_5,short_ack,80.0,200.0,0.25,True,0,0.0,0.0
elevenlabs-short_ack-r013,elevenlabs,eleven_flash_v2_5,short_ack,80.0,200.0,0.5,True,0,0.0,0.0
elevenlabs-short_ack-r013,elevenlabs,eleven_flash_v2_5,short_ack,80.0,200.0,0.75,True,0,0.0,0.0
elevenlabs-short_ack-r013,elevenlabs,eleven_flash_v2_5,short_ack,80.0,400.0,0.25,True,0,0.0,0.0
elevenlabs-short_ack-r013,elevenlabs,eleven_flash_v2_5,short_ack,80.0,400.0,0.5,True,0,0.0,0.0
elevenlabs-short_ack-r013,elevenlabs,eleven_flash_v2_5,short_ack,80.0,400.0,0.75,True,0,0.0,0.0
elevenlabs-short_ack-r013,elevenlabs,eleven_flash_v2_5,short_ack,80.0,800.0,0.25,False,1,339.2435000091791,339.2435000091791
elevenlabs-short_ack-r013,elevenlabs,eleven_flash_v2_5,short_ack,80.0,800.0,0.5,True,0,0.0,0.0
elevenlabs-short_ack-r013,elevenlabs,eleven_flash_v2_5,short_ack,80.0,800.0,0.75,True,0,0.0,0.0
elevenlabs-short_ack-r013,elevenlabs,eleven_flash_v2_5,short_ack,80.0,1200.0,0.25,False,1,739.2435000091791,739.2435000091791
elevenlabs-short_ack-r013,elevenlabs,eleven_flash_v2_5,short_ack,80.0,1200.0,0.5,False,1,294.8317913411495,294.8317913411495
elevenlabs-short_ack-r013,elevenlabs,eleven_flash_v2_5,short_ack,80.0,1200.0,0.75,True,0,0.0,0.0
elevenlabs-short_ack-r014,elevenlabs,eleven_flash_v2_5,short_ack,80.0,0.0,0.25,True,0,0.0,0.0
elevenlabs-short_ack-r014,elevenlabs,eleven_flash_v2_5,short_ack,80.0,0.0,0.5,True,0,0.0,0.0
elevenlabs-short_ack-r014,elevenlabs,eleven_flash_v2_5,short_ack,80.0,0.0,0.75,True,0,0.0,0.0
elevenlabs-short_ack-r014,elevenlabs,eleven_flash_v2_5,short_ack,80.0,50.0,0.25,True,0,0.0,0.0
elevenlabs-short_ack-r014,elevenlabs,eleven_flash_v2_5,short_ack,80.0,50.0,0.5,True,0,0.0,0.0
elevenlabs-short_ack-r014,elevenlabs,eleven_flash_v2_5,short_ack,80.0,50.0,0.75,True,0,0.0,0.0
elevenlabs-short_ack-r014,elevenlabs,eleven_flash_v2_5,short_ack,80.0,100.0,0.25,True,0,0.0,0.0
elevenlabs-short_ack-r014,elevenlabs,eleven_flash_v2_5,short_ack,80.0,100.0,0.5,True,0,0.0,0.0
elevenlabs-short_ack-r014,elevenlabs,eleven_flash_v2_5,short_ack,80.0,100.0,0.75,True,0,0.0,0.0
elevenlabs-short_ack-r014,elevenlabs,eleven_flash_v2_5,short_ack,80.0,200.0,0.25,True,0,0.0,0.0
elevenlabs-short_ack-r014,elevenlabs,eleven_flash_v2_5,short_ack,80.0,200.0,0.5,True,0,0.0,0.0
elevenlabs-short_ack-r014,elevenlabs,eleven_flash_v2_5,short_ack,80.0,200.0,0.75,True,0,0.0,0.0
elevenlabs-short_ack-r014,elevenlabs,eleven_flash_v2_5,short_ack,80.0,400.0,0.25,True,0,0.0,0.0
elevenlabs-short_ack-r014,elevenlabs,eleven_flash_v2_5,short_ack,80.0,400.0,0.5,True,0,0.0,0.0
elevenlabs-short_ack-r014,elevenlabs,eleven_flash_v2_5,short_ack,80.0,400.0,0.75,True,0,0.0,0.0
elevenlabs-short_ack-r014,elevenlabs,eleven_flash_v2_5,short_ack,80.0,800.0,0.25,False,1,346.0535000008531,346.0535000008531
elevenlabs-short_ack-r014,elevenlabs,eleven_flash_v2_5,short_ack,80.0,800.0,0.5,True,0,0.0,0.0
elevenlabs-short_ack-r014,elevenlabs,eleven_flash_v2_5,short_ack,80.0,800.0,0.75,True,0,0.0,0.0
elevenlabs-short_ack-r014,elevenlabs,eleven_flash_v2_5,short_ack,80.0,1200.0,0.25,False,1,746.0535000008531,746.0535000008531
elevenlabs-short_ack-r014,elevenlabs,eleven_flash_v2_5,short_ack,80.0,1200.0,0.5,False,2,293.84287537106593,278.1294163589673
elevenlabs-short_ack-r014,elevenlabs,eleven_flash_v2_5,short_ack,80.0,1200.0,0.75,True,0,0.0,0.0
elevenlabs-short_ack-r015,elevenlabs,eleven_flash_v2_5,short_ack,80.0,0.0,0.25,True,0,0.0,0.0
elevenlabs-short_ack-r015,elevenlabs,eleven_flash_v2_5,short_ack,80.0,0.0,0.5,True,0,0.0,0.0
elevenlabs-short_ack-r015,elevenlabs,eleven_flash_v2_5,short_ack,80.0,0.0,0.75,True,0,0.0,0.0
elevenlabs-short_ack-r015,elevenlabs,eleven_flash_v2_5,short_ack,80.0,50.0,0.25,True,0,0.0,0.0
elevenlabs-short_ack-r015,elevenlabs,eleven_flash_v2_5,short_ack,80.0,50.0,0.5,True,0,0.0,0.0
elevenlabs-short_ack-r015,elevenlabs,eleven_flash_v2_5,short_ack,80.0,50.0,0.75,True,0,0.0,0.0
elevenlabs-short_ack-r015,elevenlabs,eleven_flash_v2_5,short_ack,80.0,100.0,0.25,True,0,0.0,0.0
elevenlabs-short_ack-r015,elevenlabs,eleven_flash_v2_5,short_ack,80.0,100.0,0.5,True,0,0.0,0.0
elevenlabs-short_ack-r015,elevenlabs,eleven_flash_v2_5,short_ack,80.0,100.0,0.75,True,0,0.0,0.0
elevenlabs-short_ack-r015,elevenlabs,eleven_flash_v2_5,short_ack,80.0,200.0,0.25,True,0,0.0,0.0
elevenlabs-short_ack-r015,elevenlabs,eleven_flash_v2_5,short_ack,80.0,200.0,0.5,True,0,0.0,0.0
elevenlabs-short_ack-r015,elevenlabs,eleven_flash_v2_5,short_ack,80.0,200.0,0.75,True,0,0.0,0.0
elevenlabs-short_ack-r015,elevenlabs,eleven_flash_v2_5,short_ack,80.0,400.0,0.25,True,0,0.0,0.0
elevenlabs-short_ack-r015,elevenlabs,eleven_flash_v2_5,short_ack,80.0,400.0,0.5,True,0,0.0,0.0
elevenlabs-short_ack-r015,elevenlabs,eleven_flash_v2_5,short_ack,80.0,400.0,0.75,True,0,0.0,0.0
elevenlabs-short_ack-r015,elevenlabs,eleven_flash_v2_5,short_ack,80.0,800.0,0.25,False,1,348.9079169626349,348.9079169626349
elevenlabs-short_ack-r015,elevenlabs,eleven_flash_v2_5,short_ack,80.0,800.0,0.5,True,0,0.0,0.0
elevenlabs-short_ack-r015,elevenlabs,eleven_flash_v2_5,short_ack,80.0,800.0,0.75,True,0,0.0,0.0
elevenlabs-short_ack-r015,elevenlabs,eleven_flash_v2_5,short_ack,80.0,1200.0,0.25,False,1,748.9079169626349,748.9079169626349
elevenlabs-short_ack-r015,elevenlabs,eleven_flash_v2_5,short_ack,80.0,1200.0,0.5,False,2,297.9577503007215,282.4772496192404
elevenlabs-short_ack-r015,elevenlabs,eleven_flash_v2_5,short_ack,80.0,1200.0,0.75,True,0,0.0,0.0
elevenlabs-short_ack-r016,elevenlabs,eleven_flash_v2_5,short_ack,80.0,0.0,0.25,True,0,0.0,0.0
elevenlabs-short_ack-r016,elevenlabs,eleven_flash_v2_5,short_ack,80.0,0.0,0.5,True,0,0.0,0.0
elevenlabs-short_ack-r016,elevenlabs,eleven_flash_v2_5,short_ack,80.0,0.0,0.75,True,0,0.0,0.0
elevenlabs-short_ack-r016,elevenlabs,eleven_flash_v2_5,short_ack,80.0,50.0,0.25,True,0,0.0,0.0
elevenlabs-short_ack-r016,elevenlabs,eleven_flash_v2_5,short_ack,80.0,50.0,0.5,True,0,0.0,0.0
elevenlabs-short_ack-r016,elevenlabs,eleven_flash_v2_5,short_ack,80.0,50.0,0.75,True,0,0.0,0.0
elevenlabs-short_ack-r016,elevenlabs,eleven_flash_v2_5,short_ack,80.0,100.0,0.25,True,0,0.0,0.0
elevenlabs-short_ack-r016,elevenlabs,eleven_flash_v2_5,short_ack,80.0,100.0,0.5,True,0,0.0,0.0
elevenlabs-short_ack-r016,elevenlabs,eleven_flash_v2_5,short_ack,80.0,100.0,0.75,True,0,0.0,0.0
elevenlabs-short_ack-r016,elevenlabs,eleven_flash_v2_5,short_ack,80.0,200.0,0.25,True,0,0.0,0.0
elevenlabs-short_ack-r016,elevenlabs,eleven_flash_v2_5,short_ack,80.0,200.0,0.5,True,0,0.0,0.0
elevenlabs-short_ack-r016,elevenlabs,eleven_flash_v2_5,short_ack,80.0,200.0,0.75,True,0,0.0,0.0
elevenlabs-short_ack-r016,elevenlabs,eleven_flash_v2_5,short_ack,80.0,400.0,0.25,True,0,0.0,0.0
elevenlabs-short_ack-r016,elevenlabs,eleven_flash_v2_5,short_ack,80.0,400.0,0.5,True,0,0.0,0.0
elevenlabs-short_ack-r016,elevenlabs,eleven_flash_v2_5,short_ack,80.0,400.0,0.75,True,0,0.0,0.0
elevenlabs-short_ack-r016,elevenlabs,eleven_flash_v2_5,short_ack,80.0,800.0,0.25,False,1,306.1542913334755,306.1542913334755
elevenlabs-short_ack-r016,elevenlabs,eleven_flash_v2_5,short_ack,80.0,800.0,0.5,True,0,0.0,0.0
elevenlabs-short_ack-r016,elevenlabs,eleven_flash_v2_5,short_ack,80.0,800.0,0.75,True,0,0.0,0.0
elevenlabs-short_ack-r016,elevenlabs,eleven_flash_v2_5,short_ack,80.0,1200.0,0.25,False,1,706.1542913334755,706.1542913334755
elevenlabs-short_ack-r016,elevenlabs,eleven_flash_v2_5,short_ack,80.0,1200.0,0.5,False,1,248.20070803957015,248.20070803957015
elevenlabs-short_ack-r016,elevenlabs,eleven_flash_v2_5,short_ack,80.0,1200.0,0.75,True,0,0.0,0.0
elevenlabs-short_ack-r017,elevenlabs,eleven_flash_v2_5,short_ack,80.0,0.0,0.25,True,0,0.0,0.0
elevenlabs-short_ack-r017,elevenlabs,eleven_flash_v2_5,short_ack,80.0,0.0,0.5,True,0,0.0,0.0
elevenlabs-short_ack-r017,elevenlabs,eleven_flash_v2_5,short_ack,80.0,0.0,0.75,True,0,0.0,0.0
elevenlabs-short_ack-r017,elevenlabs,eleven_flash_v2_5,short_ack,80.0,50.0,0.25,True,0,0.0,0.0
elevenlabs-short_ack-r017,elevenlabs,eleven_flash_v2_5,short_ack,80.0,50.0,0.5,True,0,0.0,0.0
elevenlabs-short_ack-r017,elevenlabs,eleven_flash_v2_5,short_ack,80.0,50.0,0.75,True,0,0.0,0.0
elevenlabs-short_ack-r017,elevenlabs,eleven_flash_v2_5,short_ack,80.0,100.0,0.25,True,0,0.0,0.0
elevenlabs-short_ack-r017,elevenlabs,eleven_flash_v2_5,short_ack,80.0,100.0,0.5,True,0,0.0,0.0
elevenlabs-short_ack-r017,elevenlabs,eleven_flash_v2_5,short_ack,80.0,100.0,0.75,True,0,0.0,0.0
elevenlabs-short_ack-r017,elevenlabs,eleven_flash_v2_5,short_ack,80.0,200.0,0.25,True,0,0.0,0.0
elevenlabs-short_ack-r017,elevenlabs,eleven_flash_v2_5,short_ack,80.0,200.0,0.5,True,0,0.0,0.0
elevenlabs-short_ack-r017,elevenlabs,eleven_flash_v2_5,short_ack,80.0,200.0,0.75,True,0,0.0,0.0
elevenlabs-short_ack-r017,elevenlabs,eleven_flash_v2_5,short_ack,80.0,400.0,0.25,True,0,0.0,0.0
elevenlabs-short_ack-r017,elevenlabs,eleven_flash_v2_5,short_ack,80.0,400.0,0.5,True,0,0.0,0.0
elevenlabs-short_ack-r017,elevenlabs,eleven_flash_v2_5,short_ack,80.0,400.0,0.75,True,0,0.0,0.0
elevenlabs-short_ack-r017,elevenlabs,eleven_flash_v2_5,short_ack,80.0,800.0,0.25,False,1,333.5790830128826,333.5790830128826
elevenlabs-short_ack-r017,elevenlabs,eleven_flash_v2_5,short_ack,80.0,800.0,0.5,True,0,0.0,0.0
elevenlabs-short_ack-r017,elevenlabs,eleven_flash_v2_5,short_ack,80.0,800.0,0.75,True,0,0.0,0.0
elevenlabs-short_ack-r017,elevenlabs,eleven_flash_v2_5,short_ack,80.0,1200.0,0.25,False,1,733.5790830128826,733.5790830128826
elevenlabs-short_ack-r017,elevenlabs,eleven_flash_v2_5,short_ack,80.0,1200.0,0.5,False,1,298.11266632315983,298.11266632315983
elevenlabs-short_ack-r017,elevenlabs,eleven_flash_v2_5,short_ack,80.0,1200.0,0.75,True,0,0.0,0.0
elevenlabs-short_ack-r018,elevenlabs,eleven_flash_v2_5,short_ack,80.0,0.0,0.25,True,0,0.0,0.0
elevenlabs-short_ack-r018,elevenlabs,eleven_flash_v2_5,short_ack,80.0,0.0,0.5,True,0,0.0,0.0
elevenlabs-short_ack-r018,elevenlabs,eleven_flash_v2_5,short_ack,80.0,0.0,0.75,True,0,0.0,0.0
elevenlabs-short_ack-r018,elevenlabs,eleven_flash_v2_5,short_ack,80.0,50.0,0.25,True,0,0.0,0.0
elevenlabs-short_ack-r018,elevenlabs,eleven_flash_v2_5,short_ack,80.0,50.0,0.5,True,0,0.0,0.0
elevenlabs-short_ack-r018,elevenlabs,eleven_flash_v2_5,short_ack,80.0,50.0,0.75,True,0,0.0,0.0
elevenlabs-short_ack-r018,elevenlabs,eleven_flash_v2_5,short_ack,80.0,100.0,0.25,True,0,0.0,0.0
elevenlabs-short_ack-r018,elevenlabs,eleven_flash_v2_5,short_ack,80.0,100.0,0.5,True,0,0.0,0.0
elevenlabs-short_ack-r018,elevenlabs,eleven_flash_v2_5,short_ack,80.0,100.0,0.75,True,0,0.0,0.0
elevenlabs-short_ack-r018,elevenlabs,eleven_flash_v2_5,short_ack,80.0,200.0,0.25,True,0,0.0,0.0
elevenlabs-short_ack-r018,elevenlabs,eleven_flash_v2_5,short_ack,80.0,200.0,0.5,True,0,0.0,0.0
elevenlabs-short_ack-r018,elevenlabs,eleven_flash_v2_5,short_ack,80.0,200.0,0.75,True,0,0.0,0.0
elevenlabs-short_ack-r018,elevenlabs,eleven_flash_v2_5,short_ack,80.0,400.0,0.25,True,0,0.0,0.0
elevenlabs-short_ack-r018,elevenlabs,eleven_flash_v2_5,short_ack,80.0,400.0,0.5,True,0,0.0,0.0
elevenlabs-short_ack-r018,elevenlabs,eleven_flash_v2_5,short_ack,80.0,400.0,0.75,True,0,0.0,0.0
elevenlabs-short_ack-r018,elevenlabs,eleven_flash_v2_5,short_ack,80.0,800.0,0.25,False,1,347.1257080486977,347.1257080486977
elevenlabs-short_ack-r018,elevenlabs,eleven_flash_v2_5,short_ack,80.0,800.0,0.5,True,0,0.0,0.0
elevenlabs-short_ack-r018,elevenlabs,eleven_flash_v2_5,short_ack,80.0,800.0,0.75,True,0,0.0,0.0
elevenlabs-short_ack-r018,elevenlabs,eleven_flash_v2_5,short_ack,80.0,1200.0,0.25,False,1,747.1257080486977,747.1257080486977
elevenlabs-short_ack-r018,elevenlabs,eleven_flash_v2_5,short_ack,80.0,1200.0,0.5,False,2,283.45104135371093,275.3667913385043
elevenlabs-short_ack-r018,elevenlabs,eleven_flash_v2_5,short_ack,80.0,1200.0,0.75,True,0,0.0,0.0
elevenlabs-short_ack-r019,elevenlabs,eleven_flash_v2_5,short_ack,80.0,0.0,0.25,True,0,0.0,0.0
elevenlabs-short_ack-r019,elevenlabs,eleven_flash_v2_5,short_ack,80.0,0.0,0.5,True,0,0.0,0.0
elevenlabs-short_ack-r019,elevenlabs,eleven_flash_v2_5,short_ack,80.0,0.0,0.75,True,0,0.0,0.0
elevenlabs-short_ack-r019,elevenlabs,eleven_flash_v2_5,short_ack,80.0,50.0,0.25,True,0,0.0,0.0
elevenlabs-short_ack-r019,elevenlabs,eleven_flash_v2_5,short_ack,80.0,50.0,0.5,True,0,0.0,0.0
elevenlabs-short_ack-r019,elevenlabs,eleven_flash_v2_5,short_ack,80.0,50.0,0.75,True,0,0.0,0.0
elevenlabs-short_ack-r019,elevenlabs,eleven_flash_v2_5,short_ack,80.0,100.0,0.25,True,0,0.0,0.0
elevenlabs-short_ack-r019,elevenlabs,eleven_flash_v2_5,short_ack,80.0,100.0,0.5,True,0,0.0,0.0
elevenlabs-short_ack-r019,elevenlabs,eleven_flash_v2_5,short_ack,80.0,100.0,0.75,True,0,0.0,0.0
elevenlabs-short_ack-r019,elevenlabs,eleven_flash_v2_5,short_ack,80.0,200.0,0.25,True,0,0.0,0.0
elevenlabs-short_ack-r019,elevenlabs,eleven_flash_v2_5,short_ack,80.0,200.0,0.5,True,0,0.0,0.0
elevenlabs-short_ack-r019,elevenlabs,eleven_flash_v2_5,short_ack,80.0,200.0,0.75,True,0,0.0,0.0
elevenlabs-short_ack-r019,elevenlabs,eleven_flash_v2_5,short_ack,80.0,400.0,0.25,True,0,0.0,0.0
elevenlabs-short_ack-r019,elevenlabs,eleven_flash_v2_5,short_ack,80.0,400.0,0.5,True,0,0.0,0.0
elevenlabs-short_ack-r019,elevenlabs,eleven_flash_v2_5,short_ack,80.0,400.0,0.75,True,0,0.0,0.0
elevenlabs-short_ack-r019,elevenlabs,eleven_flash_v2_5,short_ack,80.0,800.0,0.25,False,1,325.32245862778905,325.32245862778905
elevenlabs-short_ack-r019,elevenlabs,eleven_flash_v2_5,short_ack,80.0,800.0,0.5,True,0,0.0,0.0
elevenlabs-short_ack-r019,elevenlabs,eleven_flash_v2_5,short_ack,80.0,800.0,0.75,True,0,0.0,0.0
elevenlabs-short_ack-r019,elevenlabs,eleven_flash_v2_5,short_ack,80.0,1200.0,0.25,False,1,725.322458627789,725.322458627789
elevenlabs-short_ack-r019,elevenlabs,eleven_flash_v2_5,short_ack,80.0,1200.0,0.5,False,1,273.0311256644004,273.0311256644004
elevenlabs-short_ack-r019,elevenlabs,eleven_flash_v2_5,short_ack,80.0,1200.0,0.75,True,0,0.0,0.0
elevenlabs-short_question-r000,elevenlabs,eleven_flash_v2_5,short_question,80.0,0.0,0.25,True,0,0.0,0.0
elevenlabs-short_question-r000,elevenlabs,eleven_flash_v2_5,short_question,80.0,0.0,0.5,True,0,0.0,0.0
elevenlabs-short_question-r000,elevenlabs,eleven_flash_v2_5,short_question,80.0,0.0,0.75,True,0,0.0,0.0
elevenlabs-short_question-r000,elevenlabs,eleven_flash_v2_5,short_question,80.0,50.0,0.25,True,0,0.0,0.0
elevenlabs-short_question-r000,elevenlabs,eleven_flash_v2_5,short_question,80.0,50.0,0.5,True,0,0.0,0.0
elevenlabs-short_question-r000,elevenlabs,eleven_flash_v2_5,short_question,80.0,50.0,0.75,True,0,0.0,0.0
elevenlabs-short_question-r000,elevenlabs,eleven_flash_v2_5,short_question,80.0,100.0,0.25,True,0,0.0,0.0
elevenlabs-short_question-r000,elevenlabs,eleven_flash_v2_5,short_question,80.0,100.0,0.5,True,0,0.0,0.0
elevenlabs-short_question-r000,elevenlabs,eleven_flash_v2_5,short_question,80.0,100.0,0.75,True,0,0.0,0.0
elevenlabs-short_question-r000,elevenlabs,eleven_flash_v2_5,short_question,80.0,200.0,0.25,True,0,0.0,0.0
elevenlabs-short_question-r000,elevenlabs,eleven_flash_v2_5,short_question,80.0,200.0,0.5,True,0,0.0,0.0
elevenlabs-short_question-r000,elevenlabs,eleven_flash_v2_5,short_question,80.0,200.0,0.75,True,0,0.0,0.0
elevenlabs-short_question-r000,elevenlabs,eleven_flash_v2_5,short_question,80.0,400.0,0.25,True,0,0.0,0.0
elevenlabs-short_question-r000,elevenlabs,eleven_flash_v2_5,short_question,80.0,400.0,0.5,True,0,0.0,0.0
elevenlabs-short_question-r000,elevenlabs,eleven_flash_v2_5,short_question,80.0,400.0,0.75,True,0,0.0,0.0
elevenlabs-short_question-r000,elevenlabs,eleven_flash_v2_5,short_question,80.0,800.0,0.25,False,1,392.11891598114744,392.11891598114744
elevenlabs-short_question-r000,elevenlabs,eleven_flash_v2_5,short_question,80.0,800.0,0.5,True,0,0.0,0.0
elevenlabs-short_question-r000,elevenlabs,eleven_flash_v2_5,short_question,80.0,800.0,0.75,True,0,0.0,0.0
elevenlabs-short_question-r000,elevenlabs,eleven_flash_v2_5,short_question,80.0,1200.0,0.25,False,1,792.1189159811474,792.1189159811474
elevenlabs-short_question-r000,elevenlabs,eleven_flash_v2_5,short_question,80.0,1200.0,0.5,False,1,307.2751663521242,307.2751663521242
elevenlabs-short_question-r000,elevenlabs,eleven_flash_v2_5,short_question,80.0,1200.0,0.75,False,1,10.424082995858043,10.424082995858043
elevenlabs-short_question-r001,elevenlabs,eleven_flash_v2_5,short_question,80.0,0.0,0.25,True,0,0.0,0.0
elevenlabs-short_question-r001,elevenlabs,eleven_flash_v2_5,short_question,80.0,0.0,0.5,True,0,0.0,0.0
elevenlabs-short_question-r001,elevenlabs,eleven_flash_v2_5,short_question,80.0,0.0,0.75,True,0,0.0,0.0
elevenlabs-short_question-r001,elevenlabs,eleven_flash_v2_5,short_question,80.0,50.0,0.25,True,0,0.0,0.0
elevenlabs-short_question-r001,elevenlabs,eleven_flash_v2_5,short_question,80.0,50.0,0.5,True,0,0.0,0.0
elevenlabs-short_question-r001,elevenlabs,eleven_flash_v2_5,short_question,80.0,50.0,0.75,True,0,0.0,0.0
elevenlabs-short_question-r001,elevenlabs,eleven_flash_v2_5,short_question,80.0,100.0,0.25,True,0,0.0,0.0
elevenlabs-short_question-r001,elevenlabs,eleven_flash_v2_5,short_question,80.0,100.0,0.5,True,0,0.0,0.0
elevenlabs-short_question-r001,elevenlabs,eleven_flash_v2_5,short_question,80.0,100.0,0.75,True,0,0.0,0.0
elevenlabs-short_question-r001,elevenlabs,eleven_flash_v2_5,short_question,80.0,200.0,0.25,True,0,0.0,0.0
elevenlabs-short_question-r001,elevenlabs,eleven_flash_v2_5,short_question,80.0,200.0,0.5,True,0,0.0,0.0
elevenlabs-short_question-r001,elevenlabs,eleven_flash_v2_5,short_question,80.0,200.0,0.75,True,0,0.0,0.0
elevenlabs-short_question-r001,elevenlabs,eleven_flash_v2_5,short_question,80.0,400.0,0.25,True,0,0.0,0.0
elevenlabs-short_question-r001,elevenlabs,eleven_flash_v2_5,short_question,80.0,400.0,0.5,True,0,0.0,0.0
elevenlabs-short_question-r001,elevenlabs,eleven_flash_v2_5,short_question,80.0,400.0,0.75,True,0,0.0,0.0
elevenlabs-short_question-r001,elevenlabs,eleven_flash_v2_5,short_question,80.0,800.0,0.25,False,1,335.1158340042458,335.1158340042458
elevenlabs-short_question-r001,elevenlabs,eleven_flash_v2_5,short_question,80.0,800.0,0.5,True,0,0.0,0.0
elevenlabs-short_question-r001,elevenlabs,eleven_flash_v2_5,short_question,80.0,800.0,0.75,True,0,0.0,0.0
elevenlabs-short_question-r001,elevenlabs,eleven_flash_v2_5,short_question,80.0,1200.0,0.25,False,1,735.1158340042458,735.1158340042458
elevenlabs-short_question-r001,elevenlabs,eleven_flash_v2_5,short_question,80.0,1200.0,0.5,False,2,295.8479583336348,259.38162502879254
elevenlabs-short_question-r001,elevenlabs,eleven_flash_v2_5,short_question,80.0,1200.0,0.75,True,0,0.0,0.0
elevenlabs-short_question-r002,elevenlabs,eleven_flash_v2_5,short_question,80.0,0.0,0.25,True,0,0.0,0.0
elevenlabs-short_question-r002,elevenlabs,eleven_flash_v2_5,short_question,80.0,0.0,0.5,True,0,0.0,0.0
elevenlabs-short_question-r002,elevenlabs,eleven_flash_v2_5,short_question,80.0,0.0,0.75,True,0,0.0,0.0
elevenlabs-short_question-r002,elevenlabs,eleven_flash_v2_5,short_question,80.0,50.0,0.25,True,0,0.0,0.0
elevenlabs-short_question-r002,elevenlabs,eleven_flash_v2_5,short_question,80.0,50.0,0.5,True,0,0.0,0.0
elevenlabs-short_question-r002,elevenlabs,eleven_flash_v2_5,short_question,80.0,50.0,0.75,True,0,0.0,0.0
elevenlabs-short_question-r002,elevenlabs,eleven_flash_v2_5,short_question,80.0,100.0,0.25,True,0,0.0,0.0
elevenlabs-short_question-r002,elevenlabs,eleven_flash_v2_5,short_question,80.0,100.0,0.5,True,0,0.0,0.0
elevenlabs-short_question-r002,elevenlabs,eleven_flash_v2_5,short_question,80.0,100.0,0.75,True,0,0.0,0.0
elevenlabs-short_question-r002,elevenlabs,eleven_flash_v2_5,short_question,80.0,200.0,0.25,True,0,0.0,0.0
elevenlabs-short_question-r002,elevenlabs,eleven_flash_v2_5,short_question,80.0,200.0,0.5,True,0,0.0,0.0
elevenlabs-short_question-r002,elevenlabs,eleven_flash_v2_5,short_question,80.0,200.0,0.75,True,0,0.0,0.0
elevenlabs-short_question-r002,elevenlabs,eleven_flash_v2_5,short_question,80.0,400.0,0.25,True,0,0.0,0.0
elevenlabs-short_question-r002,elevenlabs,eleven_flash_v2_5,short_question,80.0,400.0,0.5,True,0,0.0,0.0
elevenlabs-short_question-r002,elevenlabs,eleven_flash_v2_5,short_question,80.0,400.0,0.75,True,0,0.0,0.0
elevenlabs-short_question-r002,elevenlabs,eleven_flash_v2_5,short_question,80.0,800.0,0.25,False,1,364.0106663241361,364.0106663241361
elevenlabs-short_question-r002,elevenlabs,eleven_flash_v2_5,short_question,80.0,800.0,0.5,True,0,0.0,0.0
elevenlabs-short_question-r002,elevenlabs,eleven_flash_v2_5,short_question,80.0,800.0,0.75,True,0,0.0,0.0
elevenlabs-short_question-r002,elevenlabs,eleven_flash_v2_5,short_question,80.0,1200.0,0.25,False,1,764.0106663241361,764.0106663241361
elevenlabs-short_question-r002,elevenlabs,eleven_flash_v2_5,short_question,80.0,1200.0,0.5,False,2,299.0102083145946,285.6807916347552
elevenlabs-short_question-r002,elevenlabs,eleven_flash_v2_5,short_question,80.0,1200.0,0.75,True,0,0.0,0.0
elevenlabs-short_question-r003,elevenlabs,eleven_flash_v2_5,short_question,80.0,0.0,0.25,True,0,0.0,0.0
elevenlabs-short_question-r003,elevenlabs,eleven_flash_v2_5,short_question,80.0,0.0,0.5,True,0,0.0,0.0
elevenlabs-short_question-r003,elevenlabs,eleven_flash_v2_5,short_question,80.0,0.0,0.75,True,0,0.0,0.0
elevenlabs-short_question-r003,elevenlabs,eleven_flash_v2_5,short_question,80.0,50.0,0.25,True,0,0.0,0.0
elevenlabs-short_question-r003,elevenlabs,eleven_flash_v2_5,short_question,80.0,50.0,0.5,True,0,0.0,0.0
elevenlabs-short_question-r003,elevenlabs,eleven_flash_v2_5,short_question,80.0,50.0,0.75,True,0,0.0,0.0
elevenlabs-short_question-r003,elevenlabs,eleven_flash_v2_5,short_question,80.0,100.0,0.25,True,0,0.0,0.0
elevenlabs-short_question-r003,elevenlabs,eleven_flash_v2_5,short_question,80.0,100.0,0.5,True,0,0.0,0.0
elevenlabs-short_question-r003,elevenlabs,eleven_flash_v2_5,short_question,80.0,100.0,0.75,True,0,0.0,0.0
elevenlabs-short_question-r003,elevenlabs,eleven_flash_v2_5,short_question,80.0,200.0,0.25,True,0,0.0,0.0
elevenlabs-short_question-r003,elevenlabs,eleven_flash_v2_5,short_question,80.0,200.0,0.5,True,0,0.0,0.0
elevenlabs-short_question-r003,elevenlabs,eleven_flash_v2_5,short_question,80.0,200.0,0.75,True,0,0.0,0.0
elevenlabs-short_question-r003,elevenlabs,eleven_flash_v2_5,short_question,80.0,400.0,0.25,True,0,0.0,0.0
elevenlabs-short_question-r003,elevenlabs,eleven_flash_v2_5,short_question,80.0,400.0,0.5,True,0,0.0,0.0
elevenlabs-short_question-r003,elevenlabs,eleven_flash_v2_5,short_question,80.0,400.0,0.75,True,0,0.0,0.0
elevenlabs-short_question-r003,elevenlabs,eleven_flash_v2_5,short_question,80.0,800.0,0.25,False,1,350.4179999874905,350.4179999874905
elevenlabs-short_question-r003,elevenlabs,eleven_flash_v2_5,short_question,80.0,800.0,0.5,True,0,0.0,0.0
elevenlabs-short_question-r003,elevenlabs,eleven_flash_v2_5,short_question,80.0,800.0,0.75,True,0,0.0,0.0
elevenlabs-short_question-r003,elevenlabs,eleven_flash_v2_5,short_question,80.0,1200.0,0.25,False,1,750.4179999874905,750.4179999874905
elevenlabs-short_question-r003,elevenlabs,eleven_flash_v2_5,short_question,80.0,1200.0,0.5,False,1,317.5178336549236,317.5178336549236
elevenlabs-short_question-r003,elevenlabs,eleven_flash_v2_5,short_question,80.0,1200.0,0.75,True,0,0.0,0.0
elevenlabs-short_question-r004,elevenlabs,eleven_flash_v2_5,short_question,80.0,0.0,0.25,True,0,0.0,0.0
elevenlabs-short_question-r004,elevenlabs,eleven_flash_v2_5,short_question,80.0,0.0,0.5,True,0,0.0,0.0
elevenlabs-short_question-r004,elevenlabs,eleven_flash_v2_5,short_question,80.0,0.0,0.75,True,0,0.0,0.0
elevenlabs-short_question-r004,elevenlabs,eleven_flash_v2_5,short_question,80.0,50.0,0.25,True,0,0.0,0.0
elevenlabs-short_question-r004,elevenlabs,eleven_flash_v2_5,short_question,80.0,50.0,0.5,True,0,0.0,0.0
elevenlabs-short_question-r004,elevenlabs,eleven_flash_v2_5,short_question,80.0,50.0,0.75,True,0,0.0,0.0
elevenlabs-short_question-r004,elevenlabs,eleven_flash_v2_5,short_question,80.0,100.0,0.25,True,0,0.0,0.0
elevenlabs-short_question-r004,elevenlabs,eleven_flash_v2_5,short_question,80.0,100.0,0.5,True,0,0.0,0.0
elevenlabs-short_question-r004,elevenlabs,eleven_flash_v2_5,short_question,80.0,100.0,0.75,True,0,0.0,0.0
elevenlabs-short_question-r004,elevenlabs,eleven_flash_v2_5,short_question,80.0,200.0,0.25,True,0,0.0,0.0
elevenlabs-short_question-r004,elevenlabs,eleven_flash_v2_5,short_question,80.0,200.0,0.5,True,0,0.0,0.0
elevenlabs-short_question-r004,elevenlabs,eleven_flash_v2_5,short_question,80.0,200.0,0.75,True,0,0.0,0.0
elevenlabs-short_question-r004,elevenlabs,eleven_flash_v2_5,short_question,80.0,400.0,0.25,True,0,0.0,0.0
elevenlabs-short_question-r004,elevenlabs,eleven_flash_v2_5,short_question,80.0,400.0,0.5,True,0,0.0,0.0
elevenlabs-short_question-r004,elevenlabs,eleven_flash_v2_5,short_question,80.0,400.0,0.75,True,0,0.0,0.0
elevenlabs-short_question-r004,elevenlabs,eleven_flash_v2_5,short_question,80.0,800.0,0.25,False,1,320.7153753743819,320.7153753743819
elevenlabs-short_question-r004,elevenlabs,eleven_flash_v2_5,short_question,80.0,800.0,0.5,True,0,0.0,0.0
elevenlabs-short_question-r004,elevenlabs,eleven_flash_v2_5,short_question,80.0,800.0,0.75,True,0,0.0,0.0
elevenlabs-short_question-r004,elevenlabs,eleven_flash_v2_5,short_question,80.0,1200.0,0.25,False,1,720.7153753743819,720.7153753743819
elevenlabs-short_question-r004,elevenlabs,eleven_flash_v2_5,short_question,80.0,1200.0,0.5,False,1,257.8414586956301,257.8414586956301
elevenlabs-short_question-r004,elevenlabs,eleven_flash_v2_5,short_question,80.0,1200.0,0.75,True,0,0.0,0.0
elevenlabs-short_question-r005,elevenlabs,eleven_flash_v2_5,short_question,80.0,0.0,0.25,True,0,0.0,0.0
elevenlabs-short_question-r005,elevenlabs,eleven_flash_v2_5,short_question,80.0,0.0,0.5,True,0,0.0,0.0
elevenlabs-short_question-r005,elevenlabs,eleven_flash_v2_5,short_question,80.0,0.0,0.75,True,0,0.0,0.0
elevenlabs-short_question-r005,elevenlabs,eleven_flash_v2_5,short_question,80.0,50.0,0.25,True,0,0.0,0.0
elevenlabs-short_question-r005,elevenlabs,eleven_flash_v2_5,short_question,80.0,50.0,0.5,True,0,0.0,0.0
elevenlabs-short_question-r005,elevenlabs,eleven_flash_v2_5,short_question,80.0,50.0,0.75,True,0,0.0,0.0
elevenlabs-short_question-r005,elevenlabs,eleven_flash_v2_5,short_question,80.0,100.0,0.25,True,0,0.0,0.0
elevenlabs-short_question-r005,elevenlabs,eleven_flash_v2_5,short_question,80.0,100.0,0.5,True,0,0.0,0.0
elevenlabs-short_question-r005,elevenlabs,eleven_flash_v2_5,short_question,80.0,100.0,0.75,True,0,0.0,0.0
elevenlabs-short_question-r005,elevenlabs,eleven_flash_v2_5,short_question,80.0,200.0,0.25,True,0,0.0,0.0
elevenlabs-short_question-r005,elevenlabs,eleven_flash_v2_5,short_question,80.0,200.0,0.5,True,0,0.0,0.0
elevenlabs-short_question-r005,elevenlabs,eleven_flash_v2_5,short_question,80.0,200.0,0.75,True,0,0.0,0.0
elevenlabs-short_question-r005,elevenlabs,eleven_flash_v2_5,short_question,80.0,400.0,0.25,True,0,0.0,0.0
elevenlabs-short_question-r005,elevenlabs,eleven_flash_v2_5,short_question,80.0,400.0,0.5,True,0,0.0,0.0
elevenlabs-short_question-r005,elevenlabs,eleven_flash_v2_5,short_question,80.0,400.0,0.75,True,0,0.0,0.0
elevenlabs-short_question-r005,elevenlabs,eleven_flash_v2_5,short_question,80.0,800.0,0.25,False,1,333.8252909993754,333.8252909993754
elevenlabs-short_question-r005,elevenlabs,eleven_flash_v2_5,short_question,80.0,800.0,0.5,True,0,0.0,0.0
elevenlabs-short_question-r005,elevenlabs,eleven_flash_v2_5,short_question,80.0,800.0,0.75,True,0,0.0,0.0
elevenlabs-short_question-r005,elevenlabs,eleven_flash_v2_5,short_question,80.0,1200.0,0.25,False,1,733.8252909993754,733.8252909993754
elevenlabs-short_question-r005,elevenlabs,eleven_flash_v2_5,short_question,80.0,1200.0,0.5,False,1,286.4285832926007,286.4285832926007
elevenlabs-short_question-r005,elevenlabs,eleven_flash_v2_5,short_question,80.0,1200.0,0.75,True,0,0.0,0.0
elevenlabs-short_question-r006,elevenlabs,eleven_flash_v2_5,short_question,80.0,0.0,0.25,True,0,0.0,0.0
elevenlabs-short_question-r006,elevenlabs,eleven_flash_v2_5,short_question,80.0,0.0,0.5,True,0,0.0,0.0
elevenlabs-short_question-r006,elevenlabs,eleven_flash_v2_5,short_question,80.0,0.0,0.75,True,0,0.0,0.0
elevenlabs-short_question-r006,elevenlabs,eleven_flash_v2_5,short_question,80.0,50.0,0.25,True,0,0.0,0.0
elevenlabs-short_question-r006,elevenlabs,eleven_flash_v2_5,short_question,80.0,50.0,0.5,True,0,0.0,0.0
elevenlabs-short_question-r006,elevenlabs,eleven_flash_v2_5,short_question,80.0,50.0,0.75,True,0,0.0,0.0
elevenlabs-short_question-r006,elevenlabs,eleven_flash_v2_5,short_question,80.0,100.0,0.25,True,0,0.0,0.0
elevenlabs-short_question-r006,elevenlabs,eleven_flash_v2_5,short_question,80.0,100.0,0.5,True,0,0.0,0.0
elevenlabs-short_question-r006,elevenlabs,eleven_flash_v2_5,short_question,80.0,100.0,0.75,True,0,0.0,0.0
elevenlabs-short_question-r006,elevenlabs,eleven_flash_v2_5,short_question,80.0,200.0,0.25,True,0,0.0,0.0
elevenlabs-short_question-r006,elevenlabs,eleven_flash_v2_5,short_question,80.0,200.0,0.5,True,0,0.0,0.0
elevenlabs-short_question-r006,elevenlabs,eleven_flash_v2_5,short_question,80.0,200.0,0.75,True,0,0.0,0.0
elevenlabs-short_question-r006,elevenlabs,eleven_flash_v2_5,short_question,80.0,400.0,0.25,True,0,0.0,0.0
elevenlabs-short_question-r006,elevenlabs,eleven_flash_v2_5,short_question,80.0,400.0,0.5,True,0,0.0,0.0
elevenlabs-short_question-r006,elevenlabs,eleven_flash_v2_5,short_question,80.0,400.0,0.75,True,0,0.0,0.0
elevenlabs-short_question-r006,elevenlabs,eleven_flash_v2_5,short_question,80.0,800.0,0.25,False,1,334.0990836710357,334.0990836710357
elevenlabs-short_question-r006,elevenlabs,eleven_flash_v2_5,short_question,80.0,800.0,0.5,True,0,0.0,0.0
elevenlabs-short_question-r006,elevenlabs,eleven_flash_v2_5,short_question,80.0,800.0,0.75,True,0,0.0,0.0
elevenlabs-short_question-r006,elevenlabs,eleven_flash_v2_5,short_question,80.0,1200.0,0.25,False,1,734.0990836710357,734.0990836710357
elevenlabs-short_question-r006,elevenlabs,eleven_flash_v2_5,short_question,80.0,1200.0,0.5,False,1,302.14120834864116,302.14120834864116
elevenlabs-short_question-r006,elevenlabs,eleven_flash_v2_5,short_question,80.0,1200.0,0.75,True,0,0.0,0.0
elevenlabs-short_question-r007,elevenlabs,eleven_flash_v2_5,short_question,80.0,0.0,0.25,True,0,0.0,0.0
elevenlabs-short_question-r007,elevenlabs,eleven_flash_v2_5,short_question,80.0,0.0,0.5,True,0,0.0,0.0
elevenlabs-short_question-r007,elevenlabs,eleven_flash_v2_5,short_question,80.0,0.0,0.75,True,0,0.0,0.0
elevenlabs-short_question-r007,elevenlabs,eleven_flash_v2_5,short_question,80.0,50.0,0.25,True,0,0.0,0.0
elevenlabs-short_question-r007,elevenlabs,eleven_flash_v2_5,short_question,80.0,50.0,0.5,True,0,0.0,0.0
elevenlabs-short_question-r007,elevenlabs,eleven_flash_v2_5,short_question,80.0,50.0,0.75,True,0,0.0,0.0
elevenlabs-short_question-r007,elevenlabs,eleven_flash_v2_5,short_question,80.0,100.0,0.25,True,0,0.0,0.0
elevenlabs-short_question-r007,elevenlabs,eleven_flash_v2_5,short_question,80.0,100.0,0.5,True,0,0.0,0.0
elevenlabs-short_question-r007,elevenlabs,eleven_flash_v2_5,short_question,80.0,100.0,0.75,True,0,0.0,0.0
elevenlabs-short_question-r007,elevenlabs,eleven_flash_v2_5,short_question,80.0,200.0,0.25,True,0,0.0,0.0
elevenlabs-short_question-r007,elevenlabs,eleven_flash_v2_5,short_question,80.0,200.0,0.5,True,0,0.0,0.0
elevenlabs-short_question-r007,elevenlabs,eleven_flash_v2_5,short_question,80.0,200.0,0.75,True,0,0.0,0.0
elevenlabs-short_question-r007,elevenlabs,eleven_flash_v2_5,short_question,80.0,400.0,0.25,True,0,0.0,0.0
elevenlabs-short_question-r007,elevenlabs,eleven_flash_v2_5,short_question,80.0,400.0,0.5,True,0,0.0,0.0
elevenlabs-short_question-r007,elevenlabs,eleven_flash_v2_5,short_question,80.0,400.0,0.75,True,0,0.0,0.0
elevenlabs-short_question-r007,elevenlabs,eleven_flash_v2_5,short_question,80.0,800.0,0.25,False,1,338.6397919780575,338.6397919780575
elevenlabs-short_question-r007,elevenlabs,eleven_flash_v2_5,short_question,80.0,800.0,0.5,True,0,0.0,0.0
elevenlabs-short_question-r007,elevenlabs,eleven_flash_v2_5,short_question,80.0,800.0,0.75,True,0,0.0,0.0
elevenlabs-short_question-r007,elevenlabs,eleven_flash_v2_5,short_question,80.0,1200.0,0.25,False,1,738.6397919780575,738.6397919780575
elevenlabs-short_question-r007,elevenlabs,eleven_flash_v2_5,short_question,80.0,1200.0,0.5,False,1,299.9517083240985,299.9517083240985
elevenlabs-short_question-r007,elevenlabs,eleven_flash_v2_5,short_question,80.0,1200.0,0.75,True,0,0.0,0.0
elevenlabs-short_question-r008,elevenlabs,eleven_flash_v2_5,short_question,80.0,0.0,0.25,True,0,0.0,0.0
elevenlabs-short_question-r008,elevenlabs,eleven_flash_v2_5,short_question,80.0,0.0,0.5,True,0,0.0,0.0
elevenlabs-short_question-r008,elevenlabs,eleven_flash_v2_5,short_question,80.0,0.0,0.75,True,0,0.0,0.0
elevenlabs-short_question-r008,elevenlabs,eleven_flash_v2_5,short_question,80.0,50.0,0.25,True,0,0.0,0.0
elevenlabs-short_question-r008,elevenlabs,eleven_flash_v2_5,short_question,80.0,50.0,0.5,True,0,0.0,0.0
elevenlabs-short_question-r008,elevenlabs,eleven_flash_v2_5,short_question,80.0,50.0,0.75,True,0,0.0,0.0
elevenlabs-short_question-r008,elevenlabs,eleven_flash_v2_5,short_question,80.0,100.0,0.25,True,0,0.0,0.0
elevenlabs-short_question-r008,elevenlabs,eleven_flash_v2_5,short_question,80.0,100.0,0.5,True,0,0.0,0.0
elevenlabs-short_question-r008,elevenlabs,eleven_flash_v2_5,short_question,80.0,100.0,0.75,True,0,0.0,0.0
elevenlabs-short_question-r008,elevenlabs,eleven_flash_v2_5,short_question,80.0,200.0,0.25,True,0,0.0,0.0
elevenlabs-short_question-r008,elevenlabs,eleven_flash_v2_5,short_question,80.0,200.0,0.5,True,0,0.0,0.0
elevenlabs-short_question-r008,elevenlabs,eleven_flash_v2_5,short_question,80.0,200.0,0.75,True,0,0.0,0.0
elevenlabs-short_question-r008,elevenlabs,eleven_flash_v2_5,short_question,80.0,400.0,0.25,True,0,0.0,0.0
elevenlabs-short_question-r008,elevenlabs,eleven_flash_v2_5,short_question,80.0,400.0,0.5,True,0,0.0,0.0
elevenlabs-short_question-r008,elevenlabs,eleven_flash_v2_5,short_question,80.0,400.0,0.75,True,0,0.0,0.0
elevenlabs-short_question-r008,elevenlabs,eleven_flash_v2_5,short_question,80.0,800.0,0.25,False,1,335.2003340073861,335.2003340073861
elevenlabs-short_question-r008,elevenlabs,eleven_flash_v2_5,short_question,80.0,800.0,0.5,True,0,0.0,0.0
elevenlabs-short_question-r008,elevenlabs,eleven_flash_v2_5,short_question,80.0,800.0,0.75,True,0,0.0,0.0
elevenlabs-short_question-r008,elevenlabs,eleven_flash_v2_5,short_question,80.0,1200.0,0.25,False,1,735.2003340073861,735.2003340073861
elevenlabs-short_question-r008,elevenlabs,eleven_flash_v2_5,short_question,80.0,1200.0,0.5,False,1,296.77545835295086,296.77545835295086
elevenlabs-short_question-r008,elevenlabs,eleven_flash_v2_5,short_question,80.0,1200.0,0.75,True,0,0.0,0.0
elevenlabs-short_question-r009,elevenlabs,eleven_flash_v2_5,short_question,80.0,0.0,0.25,True,0,0.0,0.0
elevenlabs-short_question-r009,elevenlabs,eleven_flash_v2_5,short_question,80.0,0.0,0.5,True,0,0.0,0.0
elevenlabs-short_question-r009,elevenlabs,eleven_flash_v2_5,short_question,80.0,0.0,0.75,True,0,0.0,0.0
elevenlabs-short_question-r009,elevenlabs,eleven_flash_v2_5,short_question,80.0,50.0,0.25,True,0,0.0,0.0
elevenlabs-short_question-r009,elevenlabs,eleven_flash_v2_5,short_question,80.0,50.0,0.5,True,0,0.0,0.0
elevenlabs-short_question-r009,elevenlabs,eleven_flash_v2_5,short_question,80.0,50.0,0.75,True,0,0.0,0.0
elevenlabs-short_question-r009,elevenlabs,eleven_flash_v2_5,short_question,80.0,100.0,0.25,True,0,0.0,0.0
elevenlabs-short_question-r009,elevenlabs,eleven_flash_v2_5,short_question,80.0,100.0,0.5,True,0,0.0,0.0
elevenlabs-short_question-r009,elevenlabs,eleven_flash_v2_5,short_question,80.0,100.0,0.75,True,0,0.0,0.0
elevenlabs-short_question-r009,elevenlabs,eleven_flash_v2_5,short_question,80.0,200.0,0.25,True,0,0.0,0.0
elevenlabs-short_question-r009,elevenlabs,eleven_flash_v2_5,short_question,80.0,200.0,0.5,True,0,0.0,0.0
elevenlabs-short_question-r009,elevenlabs,eleven_flash_v2_5,short_question,80.0,200.0,0.75,True,0,0.0,0.0
elevenlabs-short_question-r009,elevenlabs,eleven_flash_v2_5,short_question,80.0,400.0,0.25,True,0,0.0,0.0
elevenlabs-short_question-r009,elevenlabs,eleven_flash_v2_5,short_question,80.0,400.0,0.5,True,0,0.0,0.0
elevenlabs-short_question-r009,elevenlabs,eleven_flash_v2_5,short_question,80.0,400.0,0.75,True,0,0.0,0.0
elevenlabs-short_question-r009,elevenlabs,eleven_flash_v2_5,short_question,80.0,800.0,0.25,False,1,311.7805826386127,311.7805826386127
elevenlabs-short_question-r009,elevenlabs,eleven_flash_v2_5,short_question,80.0,800.0,0.5,True,0,0.0,0.0
elevenlabs-short_question-r009,elevenlabs,eleven_flash_v2_5,short_question,80.0,800.0,0.75,True,0,0.0,0.0
elevenlabs-short_question-r009,elevenlabs,eleven_flash_v2_5,short_question,80.0,1200.0,0.25,False,1,711.7805826386127,711.7805826386127
elevenlabs-short_question-r009,elevenlabs,eleven_flash_v2_5,short_question,80.0,1200.0,0.5,False,1,250.161416664409,250.161416664409
elevenlabs-short_question-r009,elevenlabs,eleven_flash_v2_5,short_question,80.0,1200.0,0.75,True,0,0.0,0.0
elevenlabs-short_question-r010,elevenlabs,eleven_flash_v2_5,short_question,80.0,0.0,0.25,True,0,0.0,0.0
elevenlabs-short_question-r010,elevenlabs,eleven_flash_v2_5,short_question,80.0,0.0,0.5,True,0,0.0,0.0
elevenlabs-short_question-r010,elevenlabs,eleven_flash_v2_5,short_question,80.0,0.0,0.75,True,0,0.0,0.0
elevenlabs-short_question-r010,elevenlabs,eleven_flash_v2_5,short_question,80.0,50.0,0.25,True,0,0.0,0.0
elevenlabs-short_question-r010,elevenlabs,eleven_flash_v2_5,short_question,80.0,50.0,0.5,True,0,0.0,0.0
elevenlabs-short_question-r010,elevenlabs,eleven_flash_v2_5,short_question,80.0,50.0,0.75,True,0,0.0,0.0
elevenlabs-short_question-r010,elevenlabs,eleven_flash_v2_5,short_question,80.0,100.0,0.25,True,0,0.0,0.0
elevenlabs-short_question-r010,elevenlabs,eleven_flash_v2_5,short_question,80.0,100.0,0.5,True,0,0.0,0.0
elevenlabs-short_question-r010,elevenlabs,eleven_flash_v2_5,short_question,80.0,100.0,0.75,True,0,0.0,0.0
elevenlabs-short_question-r010,elevenlabs,eleven_flash_v2_5,short_question,80.0,200.0,0.25,True,0,0.0,0.0
elevenlabs-short_question-r010,elevenlabs,eleven_flash_v2_5,short_question,80.0,200.0,0.5,True,0,0.0,0.0
elevenlabs-short_question-r010,elevenlabs,eleven_flash_v2_5,short_question,80.0,200.0,0.75,True,0,0.0,0.0
elevenlabs-short_question-r010,elevenlabs,eleven_flash_v2_5,short_question,80.0,400.0,0.25,True,0,0.0,0.0
elevenlabs-short_question-r010,elevenlabs,eleven_flash_v2_5,short_question,80.0,400.0,0.5,True,0,0.0,0.0
elevenlabs-short_question-r010,elevenlabs,eleven_flash_v2_5,short_question,80.0,400.0,0.75,True,0,0.0,0.0
elevenlabs-short_question-r010,elevenlabs,eleven_flash_v2_5,short_question,80.0,800.0,0.25,False,1,342.74608401348814,342.74608401348814
elevenlabs-short_question-r010,elevenlabs,eleven_flash_v2_5,short_question,80.0,800.0,0.5,True,0,0.0,0.0
elevenlabs-short_question-r010,elevenlabs,eleven_flash_v2_5,short_question,80.0,800.0,0.75,True,0,0.0,0.0
elevenlabs-short_question-r010,elevenlabs,eleven_flash_v2_5,short_question,80.0,1200.0,0.25,False,1,742.7460840134881,742.7460840134881
elevenlabs-short_question-r010,elevenlabs,eleven_flash_v2_5,short_question,80.0,1200.0,0.5,False,1,303.0599583595367,303.0599583595367
elevenlabs-short_question-r010,elevenlabs,eleven_flash_v2_5,short_question,80.0,1200.0,0.75,True,0,0.0,0.0
elevenlabs-short_question-r011,elevenlabs,eleven_flash_v2_5,short_question,80.0,0.0,0.25,True,0,0.0,0.0
elevenlabs-short_question-r011,elevenlabs,eleven_flash_v2_5,short_question,80.0,0.0,0.5,True,0,0.0,0.0
elevenlabs-short_question-r011,elevenlabs,eleven_flash_v2_5,short_question,80.0,0.0,0.75,True,0,0.0,0.0
elevenlabs-short_question-r011,elevenlabs,eleven_flash_v2_5,short_question,80.0,50.0,0.25,True,0,0.0,0.0
elevenlabs-short_question-r011,elevenlabs,eleven_flash_v2_5,short_question,80.0,50.0,0.5,True,0,0.0,0.0
elevenlabs-short_question-r011,elevenlabs,eleven_flash_v2_5,short_question,80.0,50.0,0.75,True,0,0.0,0.0
elevenlabs-short_question-r011,elevenlabs,eleven_flash_v2_5,short_question,80.0,100.0,0.25,True,0,0.0,0.0
elevenlabs-short_question-r011,elevenlabs,eleven_flash_v2_5,short_question,80.0,100.0,0.5,True,0,0.0,0.0
elevenlabs-short_question-r011,elevenlabs,eleven_flash_v2_5,short_question,80.0,100.0,0.75,True,0,0.0,0.0
elevenlabs-short_question-r011,elevenlabs,eleven_flash_v2_5,short_question,80.0,200.0,0.25,True,0,0.0,0.0
elevenlabs-short_question-r011,elevenlabs,eleven_flash_v2_5,short_question,80.0,200.0,0.5,True,0,0.0,0.0
elevenlabs-short_question-r011,elevenlabs,eleven_flash_v2_5,short_question,80.0,200.0,0.75,True,0,0.0,0.0
elevenlabs-short_question-r011,elevenlabs,eleven_flash_v2_5,short_question,80.0,400.0,0.25,True,0,0.0,0.0
elevenlabs-short_question-r011,elevenlabs,eleven_flash_v2_5,short_question,80.0,400.0,0.5,True,0,0.0,0.0
elevenlabs-short_question-r011,elevenlabs,eleven_flash_v2_5,short_question,80.0,400.0,0.75,True,0,0.0,0.0
elevenlabs-short_question-r011,elevenlabs,eleven_flash_v2_5,short_question,80.0,800.0,0.25,False,1,322.57237470724317,322.57237470724317
elevenlabs-short_question-r011,elevenlabs,eleven_flash_v2_5,short_question,80.0,800.0,0.5,True,0,0.0,0.0
elevenlabs-short_question-r011,elevenlabs,eleven_flash_v2_5,short_question,80.0,800.0,0.75,True,0,0.0,0.0
elevenlabs-short_question-r011,elevenlabs,eleven_flash_v2_5,short_question,80.0,1200.0,0.25,False,1,722.5723747072432,722.5723747072432
elevenlabs-short_question-r011,elevenlabs,eleven_flash_v2_5,short_question,80.0,1200.0,0.5,False,1,268.46562500670507,268.46562500670507
elevenlabs-short_question-r011,elevenlabs,eleven_flash_v2_5,short_question,80.0,1200.0,0.75,True,0,0.0,0.0
elevenlabs-short_question-r012,elevenlabs,eleven_flash_v2_5,short_question,80.0,0.0,0.25,True,0,0.0,0.0
elevenlabs-short_question-r012,elevenlabs,eleven_flash_v2_5,short_question,80.0,0.0,0.5,True,0,0.0,0.0
elevenlabs-short_question-r012,elevenlabs,eleven_flash_v2_5,short_question,80.0,0.0,0.75,True,0,0.0,0.0
elevenlabs-short_question-r012,elevenlabs,eleven_flash_v2_5,short_question,80.0,50.0,0.25,True,0,0.0,0.0
elevenlabs-short_question-r012,elevenlabs,eleven_flash_v2_5,short_question,80.0,50.0,0.5,True,0,0.0,0.0
elevenlabs-short_question-r012,elevenlabs,eleven_flash_v2_5,short_question,80.0,50.0,0.75,True,0,0.0,0.0
elevenlabs-short_question-r012,elevenlabs,eleven_flash_v2_5,short_question,80.0,100.0,0.25,True,0,0.0,0.0
elevenlabs-short_question-r012,elevenlabs,eleven_flash_v2_5,short_question,80.0,100.0,0.5,True,0,0.0,0.0
elevenlabs-short_question-r012,elevenlabs,eleven_flash_v2_5,short_question,80.0,100.0,0.75,True,0,0.0,0.0
elevenlabs-short_question-r012,elevenlabs,eleven_flash_v2_5,short_question,80.0,200.0,0.25,True,0,0.0,0.0
elevenlabs-short_question-r012,elevenlabs,eleven_flash_v2_5,short_question,80.0,200.0,0.5,True,0,0.0,0.0
elevenlabs-short_question-r012,elevenlabs,eleven_flash_v2_5,short_question,80.0,200.0,0.75,True,0,0.0,0.0
elevenlabs-short_question-r012,elevenlabs,eleven_flash_v2_5,short_question,80.0,400.0,0.25,True,0,0.0,0.0
elevenlabs-short_question-r012,elevenlabs,eleven_flash_v2_5,short_question,80.0,400.0,0.5,True,0,0.0,0.0
elevenlabs-short_question-r012,elevenlabs,eleven_flash_v2_5,short_question,80.0,400.0,0.75,True,0,0.0,0.0
elevenlabs-short_question-r012,elevenlabs,eleven_flash_v2_5,short_question,80.0,800.0,0.25,False,1,349.23637505155057,349.23637505155057
elevenlabs-short_question-r012,elevenlabs,eleven_flash_v2_5,short_question,80.0,800.0,0.5,True,0,0.0,0.0
elevenlabs-short_question-r012,elevenlabs,eleven_flash_v2_5,short_question,80.0,800.0,0.75,True,0,0.0,0.0
elevenlabs-short_question-r012,elevenlabs,eleven_flash_v2_5,short_question,80.0,1200.0,0.25,False,1,749.2363750515506,749.2363750515506
elevenlabs-short_question-r012,elevenlabs,eleven_flash_v2_5,short_question,80.0,1200.0,0.5,False,1,299.54433333625366,299.54433333625366
elevenlabs-short_question-r012,elevenlabs,eleven_flash_v2_5,short_question,80.0,1200.0,0.75,True,0,0.0,0.0
elevenlabs-short_question-r013,elevenlabs,eleven_flash_v2_5,short_question,80.0,0.0,0.25,True,0,0.0,0.0
elevenlabs-short_question-r013,elevenlabs,eleven_flash_v2_5,short_question,80.0,0.0,0.5,True,0,0.0,0.0
elevenlabs-short_question-r013,elevenlabs,eleven_flash_v2_5,short_question,80.0,0.0,0.75,True,0,0.0,0.0
elevenlabs-short_question-r013,elevenlabs,eleven_flash_v2_5,short_question,80.0,50.0,0.25,True,0,0.0,0.0
elevenlabs-short_question-r013,elevenlabs,eleven_flash_v2_5,short_question,80.0,50.0,0.5,True,0,0.0,0.0
elevenlabs-short_question-r013,elevenlabs,eleven_flash_v2_5,short_question,80.0,50.0,0.75,True,0,0.0,0.0
elevenlabs-short_question-r013,elevenlabs,eleven_flash_v2_5,short_question,80.0,100.0,0.25,True,0,0.0,0.0
elevenlabs-short_question-r013,elevenlabs,eleven_flash_v2_5,short_question,80.0,100.0,0.5,True,0,0.0,0.0
elevenlabs-short_question-r013,elevenlabs,eleven_flash_v2_5,short_question,80.0,100.0,0.75,True,0,0.0,0.0
elevenlabs-short_question-r013,elevenlabs,eleven_flash_v2_5,short_question,80.0,200.0,0.25,True,0,0.0,0.0
elevenlabs-short_question-r013,elevenlabs,eleven_flash_v2_5,short_question,80.0,200.0,0.5,True,0,0.0,0.0
elevenlabs-short_question-r013,elevenlabs,eleven_flash_v2_5,short_question,80.0,200.0,0.75,True,0,0.0,0.0
elevenlabs-short_question-r013,elevenlabs,eleven_flash_v2_5,short_question,80.0,400.0,0.25,True,0,0.0,0.0
elevenlabs-short_question-r013,elevenlabs,eleven_flash_v2_5,short_question,80.0,400.0,0.5,True,0,0.0,0.0
elevenlabs-short_question-r013,elevenlabs,eleven_flash_v2_5,short_question,80.0,400.0,0.75,True,0,0.0,0.0
elevenlabs-short_question-r013,elevenlabs,eleven_flash_v2_5,short_question,80.0,800.0,0.25,False,1,310.4403746646519,310.4403746646519
elevenlabs-short_question-r013,elevenlabs,eleven_flash_v2_5,short_question,80.0,800.0,0.5,True,0,0.0,0.0
elevenlabs-short_question-r013,elevenlabs,eleven_flash_v2_5,short_question,80.0,800.0,0.75,True,0,0.0,0.0
elevenlabs-short_question-r013,elevenlabs,eleven_flash_v2_5,short_question,80.0,1200.0,0.25,False,1,710.4403746646519,710.4403746646519
elevenlabs-short_question-r013,elevenlabs,eleven_flash_v2_5,short_question,80.0,1200.0,0.5,False,1,248.10216636707355,248.10216636707355
elevenlabs-short_question-r013,elevenlabs,eleven_flash_v2_5,short_question,80.0,1200.0,0.75,True,0,0.0,0.0
elevenlabs-short_question-r014,elevenlabs,eleven_flash_v2_5,short_question,80.0,0.0,0.25,True,0,0.0,0.0
elevenlabs-short_question-r014,elevenlabs,eleven_flash_v2_5,short_question,80.0,0.0,0.5,True,0,0.0,0.0
elevenlabs-short_question-r014,elevenlabs,eleven_flash_v2_5,short_question,80.0,0.0,0.75,True,0,0.0,0.0
elevenlabs-short_question-r014,elevenlabs,eleven_flash_v2_5,short_question,80.0,50.0,0.25,True,0,0.0,0.0
elevenlabs-short_question-r014,elevenlabs,eleven_flash_v2_5,short_question,80.0,50.0,0.5,True,0,0.0,0.0
elevenlabs-short_question-r014,elevenlabs,eleven_flash_v2_5,short_question,80.0,50.0,0.75,True,0,0.0,0.0
elevenlabs-short_question-r014,elevenlabs,eleven_flash_v2_5,short_question,80.0,100.0,0.25,True,0,0.0,0.0
elevenlabs-short_question-r014,elevenlabs,eleven_flash_v2_5,short_question,80.0,100.0,0.5,True,0,0.0,0.0
elevenlabs-short_question-r014,elevenlabs,eleven_flash_v2_5,short_question,80.0,100.0,0.75,True,0,0.0,0.0
elevenlabs-short_question-r014,elevenlabs,eleven_flash_v2_5,short_question,80.0,200.0,0.25,True,0,0.0,0.0
elevenlabs-short_question-r014,elevenlabs,eleven_flash_v2_5,short_question,80.0,200.0,0.5,True,0,0.0,0.0
elevenlabs-short_question-r014,elevenlabs,eleven_flash_v2_5,short_question,80.0,200.0,0.75,True,0,0.0,0.0
elevenlabs-short_question-r014,elevenlabs,eleven_flash_v2_5,short_question,80.0,400.0,0.25,True,0,0.0,0.0
elevenlabs-short_question-r014,elevenlabs,eleven_flash_v2_5,short_question,80.0,400.0,0.5,True,0,0.0,0.0
elevenlabs-short_question-r014,elevenlabs,eleven_flash_v2_5,short_question,80.0,400.0,0.75,True,0,0.0,0.0
elevenlabs-short_question-r014,elevenlabs,eleven_flash_v2_5,short_question,80.0,800.0,0.25,False,1,349.77333397138875,349.77333397138875
elevenlabs-short_question-r014,elevenlabs,eleven_flash_v2_5,short_question,80.0,800.0,0.5,True,0,0.0,0.0
elevenlabs-short_question-r014,elevenlabs,eleven_flash_v2_5,short_question,80.0,800.0,0.75,True,0,0.0,0.0
elevenlabs-short_question-r014,elevenlabs,eleven_flash_v2_5,short_question,80.0,1200.0,0.25,False,1,749.7733339713888,749.7733339713888
elevenlabs-short_question-r014,elevenlabs,eleven_flash_v2_5,short_question,80.0,1200.0,0.5,False,1,300.14183328750823,300.14183328750823
elevenlabs-short_question-r014,elevenlabs,eleven_flash_v2_5,short_question,80.0,1200.0,0.75,True,0,0.0,0.0
elevenlabs-short_question-r015,elevenlabs,eleven_flash_v2_5,short_question,80.0,0.0,0.25,True,0,0.0,0.0
elevenlabs-short_question-r015,elevenlabs,eleven_flash_v2_5,short_question,80.0,0.0,0.5,True,0,0.0,0.0
elevenlabs-short_question-r015,elevenlabs,eleven_flash_v2_5,short_question,80.0,0.0,0.75,True,0,0.0,0.0
elevenlabs-short_question-r015,elevenlabs,eleven_flash_v2_5,short_question,80.0,50.0,0.25,True,0,0.0,0.0
elevenlabs-short_question-r015,elevenlabs,eleven_flash_v2_5,short_question,80.0,50.0,0.5,True,0,0.0,0.0
elevenlabs-short_question-r015,elevenlabs,eleven_flash_v2_5,short_question,80.0,50.0,0.75,True,0,0.0,0.0
elevenlabs-short_question-r015,elevenlabs,eleven_flash_v2_5,short_question,80.0,100.0,0.25,True,0,0.0,0.0
elevenlabs-short_question-r015,elevenlabs,eleven_flash_v2_5,short_question,80.0,100.0,0.5,True,0,0.0,0.0
elevenlabs-short_question-r015,elevenlabs,eleven_flash_v2_5,short_question,80.0,100.0,0.75,True,0,0.0,0.0
elevenlabs-short_question-r015,elevenlabs,eleven_flash_v2_5,short_question,80.0,200.0,0.25,True,0,0.0,0.0
elevenlabs-short_question-r015,elevenlabs,eleven_flash_v2_5,short_question,80.0,200.0,0.5,True,0,0.0,0.0
elevenlabs-short_question-r015,elevenlabs,eleven_flash_v2_5,short_question,80.0,200.0,0.75,True,0,0.0,0.0
elevenlabs-short_question-r015,elevenlabs,eleven_flash_v2_5,short_question,80.0,400.0,0.25,True,0,0.0,0.0
elevenlabs-short_question-r015,elevenlabs,eleven_flash_v2_5,short_question,80.0,400.0,0.5,True,0,0.0,0.0
elevenlabs-short_question-r015,elevenlabs,eleven_flash_v2_5,short_question,80.0,400.0,0.75,True,0,0.0,0.0
elevenlabs-short_question-r015,elevenlabs,eleven_flash_v2_5,short_question,80.0,800.0,0.25,False,1,352.9046249855311,352.9046249855311
elevenlabs-short_question-r015,elevenlabs,eleven_flash_v2_5,short_question,80.0,800.0,0.5,True,0,0.0,0.0
elevenlabs-short_question-r015,elevenlabs,eleven_flash_v2_5,short_question,80.0,800.0,0.75,True,0,0.0,0.0
elevenlabs-short_question-r015,elevenlabs,eleven_flash_v2_5,short_question,80.0,1200.0,0.25,False,1,752.9046249855311,752.9046249855311
elevenlabs-short_question-r015,elevenlabs,eleven_flash_v2_5,short_question,80.0,1200.0,0.5,False,1,294.2352503611082,294.2352503611082
elevenlabs-short_question-r015,elevenlabs,eleven_flash_v2_5,short_question,80.0,1200.0,0.75,True,0,0.0,0.0
elevenlabs-short_question-r016,elevenlabs,eleven_flash_v2_5,short_question,80.0,0.0,0.25,True,0,0.0,0.0
elevenlabs-short_question-r016,elevenlabs,eleven_flash_v2_5,short_question,80.0,0.0,0.5,True,0,0.0,0.0
elevenlabs-short_question-r016,elevenlabs,eleven_flash_v2_5,short_question,80.0,0.0,0.75,True,0,0.0,0.0
elevenlabs-short_question-r016,elevenlabs,eleven_flash_v2_5,short_question,80.0,50.0,0.25,True,0,0.0,0.0
elevenlabs-short_question-r016,elevenlabs,eleven_flash_v2_5,short_question,80.0,50.0,0.5,True,0,0.0,0.0
elevenlabs-short_question-r016,elevenlabs,eleven_flash_v2_5,short_question,80.0,50.0,0.75,True,0,0.0,0.0
elevenlabs-short_question-r016,elevenlabs,eleven_flash_v2_5,short_question,80.0,100.0,0.25,True,0,0.0,0.0
elevenlabs-short_question-r016,elevenlabs,eleven_flash_v2_5,short_question,80.0,100.0,0.5,True,0,0.0,0.0
elevenlabs-short_question-r016,elevenlabs,eleven_flash_v2_5,short_question,80.0,100.0,0.75,True,0,0.0,0.0
elevenlabs-short_question-r016,elevenlabs,eleven_flash_v2_5,short_question,80.0,200.0,0.25,True,0,0.0,0.0
elevenlabs-short_question-r016,elevenlabs,eleven_flash_v2_5,short_question,80.0,200.0,0.5,True,0,0.0,0.0
elevenlabs-short_question-r016,elevenlabs,eleven_flash_v2_5,short_question,80.0,200.0,0.75,True,0,0.0,0.0
elevenlabs-short_question-r016,elevenlabs,eleven_flash_v2_5,short_question,80.0,400.0,0.25,True,0,0.0,0.0
elevenlabs-short_question-r016,elevenlabs,eleven_flash_v2_5,short_question,80.0,400.0,0.5,True,0,0.0,0.0
elevenlabs-short_question-r016,elevenlabs,eleven_flash_v2_5,short_question,80.0,400.0,0.75,True,0,0.0,0.0
elevenlabs-short_question-r016,elevenlabs,eleven_flash_v2_5,short_question,80.0,800.0,0.25,False,1,344.8830000399612,344.8830000399612
elevenlabs-short_question-r016,elevenlabs,eleven_flash_v2_5,short_question,80.0,800.0,0.5,True,0,0.0,0.0
elevenlabs-short_question-r016,elevenlabs,eleven_flash_v2_5,short_question,80.0,800.0,0.75,True,0,0.0,0.0
elevenlabs-short_question-r016,elevenlabs,eleven_flash_v2_5,short_question,80.0,1200.0,0.25,False,1,744.8830000399612,744.8830000399612
elevenlabs-short_question-r016,elevenlabs,eleven_flash_v2_5,short_question,80.0,1200.0,0.5,False,2,296.5648333498582,281.15920870626906
elevenlabs-short_question-r016,elevenlabs,eleven_flash_v2_5,short_question,80.0,1200.0,0.75,True,0,0.0,0.0
elevenlabs-short_question-r017,elevenlabs,eleven_flash_v2_5,short_question,80.0,0.0,0.25,True,0,0.0,0.0
elevenlabs-short_question-r017,elevenlabs,eleven_flash_v2_5,short_question,80.0,0.0,0.5,True,0,0.0,0.0
elevenlabs-short_question-r017,elevenlabs,eleven_flash_v2_5,short_question,80.0,0.0,0.75,True,0,0.0,0.0
elevenlabs-short_question-r017,elevenlabs,eleven_flash_v2_5,short_question,80.0,50.0,0.25,True,0,0.0,0.0
elevenlabs-short_question-r017,elevenlabs,eleven_flash_v2_5,short_question,80.0,50.0,0.5,True,0,0.0,0.0
elevenlabs-short_question-r017,elevenlabs,eleven_flash_v2_5,short_question,80.0,50.0,0.75,True,0,0.0,0.0
elevenlabs-short_question-r017,elevenlabs,eleven_flash_v2_5,short_question,80.0,100.0,0.25,True,0,0.0,0.0
elevenlabs-short_question-r017,elevenlabs,eleven_flash_v2_5,short_question,80.0,100.0,0.5,True,0,0.0,0.0
elevenlabs-short_question-r017,elevenlabs,eleven_flash_v2_5,short_question,80.0,100.0,0.75,True,0,0.0,0.0
elevenlabs-short_question-r017,elevenlabs,eleven_flash_v2_5,short_question,80.0,200.0,0.25,True,0,0.0,0.0
elevenlabs-short_question-r017,elevenlabs,eleven_flash_v2_5,short_question,80.0,200.0,0.5,True,0,0.0,0.0
elevenlabs-short_question-r017,elevenlabs,eleven_flash_v2_5,short_question,80.0,200.0,0.75,True,0,0.0,0.0
elevenlabs-short_question-r017,elevenlabs,eleven_flash_v2_5,short_question,80.0,400.0,0.25,True,0,0.0,0.0
elevenlabs-short_question-r017,elevenlabs,eleven_flash_v2_5,short_question,80.0,400.0,0.5,True,0,0.0,0.0
elevenlabs-short_question-r017,elevenlabs,eleven_flash_v2_5,short_question,80.0,400.0,0.75,True,0,0.0,0.0
elevenlabs-short_question-r017,elevenlabs,eleven_flash_v2_5,short_question,80.0,800.0,0.25,False,1,348.5506669781171,348.5506669781171
elevenlabs-short_question-r017,elevenlabs,eleven_flash_v2_5,short_question,80.0,800.0,0.5,True,0,0.0,0.0
elevenlabs-short_question-r017,elevenlabs,eleven_flash_v2_5,short_question,80.0,800.0,0.75,True,0,0.0,0.0
elevenlabs-short_question-r017,elevenlabs,eleven_flash_v2_5,short_question,80.0,1200.0,0.25,False,1,748.5506669781171,748.5506669781171
elevenlabs-short_question-r017,elevenlabs,eleven_flash_v2_5,short_question,80.0,1200.0,0.5,False,1,293.97154229957005,293.97154229957005
elevenlabs-short_question-r017,elevenlabs,eleven_flash_v2_5,short_question,80.0,1200.0,0.75,True,0,0.0,0.0
elevenlabs-short_question-r018,elevenlabs,eleven_flash_v2_5,short_question,80.0,0.0,0.25,True,0,0.0,0.0
elevenlabs-short_question-r018,elevenlabs,eleven_flash_v2_5,short_question,80.0,0.0,0.5,True,0,0.0,0.0
elevenlabs-short_question-r018,elevenlabs,eleven_flash_v2_5,short_question,80.0,0.0,0.75,True,0,0.0,0.0
elevenlabs-short_question-r018,elevenlabs,eleven_flash_v2_5,short_question,80.0,50.0,0.25,True,0,0.0,0.0
elevenlabs-short_question-r018,elevenlabs,eleven_flash_v2_5,short_question,80.0,50.0,0.5,True,0,0.0,0.0
elevenlabs-short_question-r018,elevenlabs,eleven_flash_v2_5,short_question,80.0,50.0,0.75,True,0,0.0,0.0
elevenlabs-short_question-r018,elevenlabs,eleven_flash_v2_5,short_question,80.0,100.0,0.25,True,0,0.0,0.0
elevenlabs-short_question-r018,elevenlabs,eleven_flash_v2_5,short_question,80.0,100.0,0.5,True,0,0.0,0.0
elevenlabs-short_question-r018,elevenlabs,eleven_flash_v2_5,short_question,80.0,100.0,0.75,True,0,0.0,0.0
elevenlabs-short_question-r018,elevenlabs,eleven_flash_v2_5,short_question,80.0,200.0,0.25,True,0,0.0,0.0
elevenlabs-short_question-r018,elevenlabs,eleven_flash_v2_5,short_question,80.0,200.0,0.5,True,0,0.0,0.0
elevenlabs-short_question-r018,elevenlabs,eleven_flash_v2_5,short_question,80.0,200.0,0.75,True,0,0.0,0.0
elevenlabs-short_question-r018,elevenlabs,eleven_flash_v2_5,short_question,80.0,400.0,0.25,True,0,0.0,0.0
elevenlabs-short_question-r018,elevenlabs,eleven_flash_v2_5,short_question,80.0,400.0,0.5,True,0,0.0,0.0
elevenlabs-short_question-r018,elevenlabs,eleven_flash_v2_5,short_question,80.0,400.0,0.75,True,0,0.0,0.0
elevenlabs-short_question-r018,elevenlabs,eleven_flash_v2_5,short_question,80.0,800.0,0.25,False,1,348.6092090420425,348.6092090420425
elevenlabs-short_question-r018,elevenlabs,eleven_flash_v2_5,short_question,80.0,800.0,0.5,True,0,0.0,0.0
elevenlabs-short_question-r018,elevenlabs,eleven_flash_v2_5,short_question,80.0,800.0,0.75,True,0,0.0,0.0
elevenlabs-short_question-r018,elevenlabs,eleven_flash_v2_5,short_question,80.0,1200.0,0.25,False,1,748.6092090420425,748.6092090420425
elevenlabs-short_question-r018,elevenlabs,eleven_flash_v2_5,short_question,80.0,1200.0,0.5,False,1,293.0594173682234,293.0594173682234
elevenlabs-short_question-r018,elevenlabs,eleven_flash_v2_5,short_question,80.0,1200.0,0.75,True,0,0.0,0.0
elevenlabs-short_question-r019,elevenlabs,eleven_flash_v2_5,short_question,80.0,0.0,0.25,True,0,0.0,0.0
elevenlabs-short_question-r019,elevenlabs,eleven_flash_v2_5,short_question,80.0,0.0,0.5,True,0,0.0,0.0
elevenlabs-short_question-r019,elevenlabs,eleven_flash_v2_5,short_question,80.0,0.0,0.75,True,0,0.0,0.0
elevenlabs-short_question-r019,elevenlabs,eleven_flash_v2_5,short_question,80.0,50.0,0.25,True,0,0.0,0.0
elevenlabs-short_question-r019,elevenlabs,eleven_flash_v2_5,short_question,80.0,50.0,0.5,True,0,0.0,0.0
elevenlabs-short_question-r019,elevenlabs,eleven_flash_v2_5,short_question,80.0,50.0,0.75,True,0,0.0,0.0
elevenlabs-short_question-r019,elevenlabs,eleven_flash_v2_5,short_question,80.0,100.0,0.25,True,0,0.0,0.0
elevenlabs-short_question-r019,elevenlabs,eleven_flash_v2_5,short_question,80.0,100.0,0.5,True,0,0.0,0.0
elevenlabs-short_question-r019,elevenlabs,eleven_flash_v2_5,short_question,80.0,100.0,0.75,True,0,0.0,0.0
elevenlabs-short_question-r019,elevenlabs,eleven_flash_v2_5,short_question,80.0,200.0,0.25,True,0,0.0,0.0
elevenlabs-short_question-r019,elevenlabs,eleven_flash_v2_5,short_question,80.0,200.0,0.5,True,0,0.0,0.0
elevenlabs-short_question-r019,elevenlabs,eleven_flash_v2_5,short_question,80.0,200.0,0.75,True,0,0.0,0.0
elevenlabs-short_question-r019,elevenlabs,eleven_flash_v2_5,short_question,80.0,400.0,0.25,True,0,0.0,0.0
elevenlabs-short_question-r019,elevenlabs,eleven_flash_v2_5,short_question,80.0,400.0,0.5,True,0,0.0,0.0
elevenlabs-short_question-r019,elevenlabs,eleven_flash_v2_5,short_question,80.0,400.0,0.75,True,0,0.0,0.0
elevenlabs-short_question-r019,elevenlabs,eleven_flash_v2_5,short_question,80.0,800.0,0.25,False,1,340.18437530969584,340.18437530969584
elevenlabs-short_question-r019,elevenlabs,eleven_flash_v2_5,short_question,80.0,800.0,0.5,True,0,0.0,0.0
elevenlabs-short_question-r019,elevenlabs,eleven_flash_v2_5,short_question,80.0,800.0,0.75,True,0,0.0,0.0
elevenlabs-short_question-r019,elevenlabs,eleven_flash_v2_5,short_question,80.0,1200.0,0.25,False,1,740.1843753096958,740.1843753096958
elevenlabs-short_question-r019,elevenlabs,eleven_flash_v2_5,short_question,80.0,1200.0,0.5,False,2,295.1850833211399,282.3819166497942
elevenlabs-short_question-r019,elevenlabs,eleven_flash_v2_5,short_question,80.0,1200.0,0.75,True,0,0.0,0.0
