trace_id,provider,model,prompt_id,buffer_depth_ms,stall_index,stall_started_ms,stall_recovered_ms,recovery_ms
bursty_same_ttfa-long_incident-r000,bursty_same_ttfa,synthetic-validation-v1,long_incident,0.0,0,200.04089785147175,298.02478406988007,97.98388621840832
bursty_same_ttfa-long_incident-r000,bursty_same_ttfa,synthetic-validation-v1,long_incident,0.0,1,778.0247840698801,783.4141636536083,5.389379583728214
bursty_same_ttfa-long_incident-r000,bursty_same_ttfa,synthetic-validation-v1,long_incident,0.0,2,1503.4141636536083,1508.0950676103519,4.6809039567435775
bursty_same_ttfa-long_incident-r000,bursty_same_ttfa,synthetic-validation-v1,long_incident,20.0,0,200.04089785147175,298.02478406988007,97.98388621840832
bursty_same_ttfa-long_incident-r000,bursty_same_ttfa,synthetic-validation-v1,long_incident,20.0,1,778.0247840698801,783.4141636536083,5.389379583728214
bursty_same_ttfa-long_incident-r000,bursty_same_ttfa,synthetic-validation-v1,long_incident,20.0,2,1503.4141636536083,1508.0950676103519,4.6809039567435775
bursty_same_ttfa-long_incident-r000,bursty_same_ttfa,synthetic-validation-v1,long_incident,40.0,0,200.04089785147175,298.02478406988007,97.98388621840832
bursty_same_ttfa-long_incident-r000,bursty_same_ttfa,synthetic-validation-v1,long_incident,40.0,1,778.0247840698801,783.4141636536083,5.389379583728214
bursty_same_ttfa-long_incident-r000,bursty_same_ttfa,synthetic-validation-v1,long_incident,40.0,2,1503.4141636536083,1508.0950676103519,4.6809039567435775
bursty_same_ttfa-long_incident-r000,bursty_same_ttfa,synthetic-validation-v1,long_incident,80.0,0,220.1449985429974,298.02478406988007,77.87978552688267
bursty_same_ttfa-long_incident-r000,bursty_same_ttfa,synthetic-validation-v1,long_incident,80.0,1,778.0247840698801,783.4141636536083,5.389379583728214
bursty_same_ttfa-long_incident-r000,bursty_same_ttfa,synthetic-validation-v1,long_incident,80.0,2,1503.4141636536083,1508.0950676103519,4.6809039567435775
bursty_same_ttfa-long_incident-r001,bursty_same_ttfa,synthetic-validation-v1,long_incident,0.0,0,206.95175205730231,299.241798585933,92.29004652863068
bursty_same_ttfa-long_incident-r001,bursty_same_ttfa,synthetic-validation-v1,long_incident,0.0,1,539.241798585933,540.097158385844,0.855359799910957
bursty_same_ttfa-long_incident-r001,bursty_same_ttfa,synthetic-validation-v1,long_incident,20.0,0,206.95175205730231,299.241798585933,92.29004652863068
bursty_same_ttfa-long_incident-r001,bursty_same_ttfa,synthetic-validation-v1,long_incident,20.0,1,539.241798585933,540.097158385844,0.855359799910957
bursty_same_ttfa-long_incident-r001,bursty_same_ttfa,synthetic-validation-v1,long_incident,40.0,0,206.95175205730231,299.241798585933,92.29004652863068
bursty_same_ttfa-long_incident-r001,bursty_same_ttfa,synthetic-validation-v1,long_incident,40.0,1,539.241798585933,540.097158385844,0.855359799910957
bursty_same_ttfa-long_incident-r001,bursty_same_ttfa,synthetic-validation-v1,long_incident,80.0,0,220.9142506432758,299.241798585933,78.32754794265719
bursty_same_ttfa-long_incident-r001,bursty_same_ttfa,synthetic-validation-v1,long_incident,80.0,1,539.241798585933,540.097158385844,0.855359799910957
bursty_same_ttfa-long_incident-r002,bursty_same_ttfa,synthetic-validation-v1,long_incident,0.0,0,200.68015293706816,297.49648311582416,96.816330178756
bursty_same_ttfa-long_incident-r002,bursty_same_ttfa,synthetic-validation-v1,long_incident,0.0,1,537.4964831158242,538.7502239103587,1.2537407945345649
bursty_same_ttfa-long_incident-r002,bursty_same_ttfa,synthetic-validation-v1,long_incident,0.0,2,778.7502239103587,782.6487412689696,3.8985173586108886
bursty_same_ttfa-long_incident-r002,bursty_same_ttfa,synthetic-validation-v1,long_incident,0.0,3,1022.6487412689696,1026.7830384823787,4.134297213409127
bursty_same_ttfa-long_incident-r002,bursty_same_ttfa,synthetic-validation-v1,long_incident,0.0,4,1266.7830384823787,1274.0822800277597,7.299241545380937
bursty_same_ttfa-long_incident-r002,bursty_same_ttfa,synthetic-validation-v1,long_incident,0.0,5,1514.0822800277597,1515.4964825081438,1.4142024803841196
bursty_same_ttfa-long_incident-r002,bursty_same_ttfa,synthetic-validation-v1,long_incident,20.0,0,200.68015293706816,297.49648311582416,96.816330178756
bursty_same_ttfa-long_incident-r002,bursty_same_ttfa,synthetic-validation-v1,long_incident,20.0,1,537.4964831158242,538.7502239103587,1.2537407945345649
bursty_same_ttfa-long_incident-r002,bursty_same_ttfa,synthetic-validation-v1,long_incident,20.0,2,778.7502239103587,782.6487412689696,3.8985173586108886
bursty_same_ttfa-long_incident-r002,bursty_same_ttfa,synthetic-validation-v1,long_incident,20.0,3,1022.6487412689696,1026.7830384823787,4.134297213409127
bursty_same_ttfa-long_incident-r002,bursty_same_ttfa,synthetic-validation-v1,long_incident,20.0,4,1266.7830384823787,1274.0822800277597,7.299241545380937
bursty_same_ttfa-long_incident-r002,bursty_same_ttfa,synthetic-validation-v1,long_incident,20.0,5,1514.0822800277597,1515.4964825081438,1.4142024803841196
bursty_same_ttfa-long_incident-r002,bursty_same_ttfa,synthetic-validation-v1,long_incident,40.0,0,200.68015293706816,297.49648311582416,96.816330178756
bursty_same_ttfa-long_incident-r002,bursty_same_ttfa,synthetic-validation-v1,long_incident,40.0,1,537.4964831158242,538.7502239103587,1.2537407945345649
bursty_same_ttfa-long_incident-r002,bursty_same_ttfa,synthetic-validation-v1,long_incident,40.0,2,778.7502239103587,782.6487412689696,3.8985173586108886
bursty_same_ttfa-long_incident-r002,bursty_same_ttfa,synthetic-validation-v1,long_incident,40.0,3,1022.6487412689696,1026.7830384823787,4.134297213409127
bursty_same_ttfa-long_incident-r002,bursty_same_ttfa,synthetic-validation-v1,long_incident,40.0,4,1266.7830384823787,1274.0822800277597,7.299241545380937
bursty_same_ttfa-long_incident-r002,bursty_same_ttfa,synthetic-validation-v1,long_incident,40.0,5,1514.0822800277597,1515.4964825081438,1.4142024803841196
bursty_same_ttfa-long_incident-r002,bursty_same_ttfa,synthetic-validation-v1,long_incident,80.0,0,216.14741970389272,297.49648311582416,81.34906341193144
bursty_same_ttfa-long_incident-r002,bursty_same_ttfa,synthetic-validation-v1,long_incident,80.0,1,537.4964831158242,538.7502239103587,1.2537407945345649
bursty_same_ttfa-long_incident-r002,bursty_same_ttfa,synthetic-validation-v1,long_incident,80.0,2,778.7502239103587,782.6487412689696,3.8985173586108886
bursty_same_ttfa-long_incident-r002,bursty_same_ttfa,synthetic-validation-v1,long_incident,80.0,3,1022.6487412689696,1026.7830384823787,4.134297213409127
bursty_same_ttfa-long_incident-r002,bursty_same_ttfa,synthetic-validation-v1,long_incident,80.0,4,1266.7830384823787,1274.0822800277597,7.299241545380937
bursty_same_ttfa-long_incident-r002,bursty_same_ttfa,synthetic-validation-v1,long_incident,80.0,5,1514.0822800277597,1515.4964825081438,1.4142024803841196
bursty_same_ttfa-long_incident-r003,bursty_same_ttfa,synthetic-validation-v1,long_incident,0.0,0,209.48601905320257,299.6873195714213,90.20130051821874
bursty_same_ttfa-long_incident-r003,bursty_same_ttfa,synthetic-validation-v1,long_incident,0.0,1,539.6873195714213,545.1322736754454,5.444954104024077
bursty_same_ttfa-long_incident-r003,bursty_same_ttfa,synthetic-validation-v1,long_incident,0.0,2,785.1322736754454,800.8148537187228,15.682580043277426
bursty_same_ttfa-long_incident-r003,bursty_same_ttfa,synthetic-validation-v1,long_incident,20.0,0,209.48601905320257,299.6873195714213,90.20130051821874
bursty_same_ttfa-long_incident-r003,bursty_same_ttfa,synthetic-validation-v1,long_incident,20.0,1,539.6873195714213,545.1322736754454,5.444954104024077
bursty_same_ttfa-long_incident-r003,bursty_same_ttfa,synthetic-validation-v1,long_incident,20.0,2,785.1322736754454,800.8148537187228,15.682580043277426
bursty_same_ttfa-long_incident-r003,bursty_same_ttfa,synthetic-validation-v1,long_incident,40.0,0,209.48601905320257,299.6873195714213,90.20130051821874
bursty_same_ttfa-long_incident-r003,bursty_same_ttfa,synthetic-validation-v1,long_incident,40.0,1,539.6873195714213,545.1322736754454,5.444954104024077
bursty_same_ttfa-long_incident-r003,bursty_same_ttfa,synthetic-validation-v1,long_incident,40.0,2,785.1322736754454,800.8148537187228,15.682580043277426
bursty_same_ttfa-long_incident-r003,bursty_same_ttfa,synthetic-validation-v1,long_incident,80.0,0,228.14682943321506,299.6873195714213,71.54049013820625
bursty_same_ttfa-long_incident-r003,bursty_same_ttfa,synthetic-validation-v1,long_incident,80.0,1,539.6873195714213,545.1322736754454,5.444954104024077
bursty_same_ttfa-long_incident-r003,bursty_same_ttfa,synthetic-validation-v1,long_incident,80.0,2,785.1322736754454,800.8148537187228,15.682580043277426
bursty_same_ttfa-long_incident-r004,bursty_same_ttfa,synthetic-validation-v1,long_incident,0.0,0,203.5428301273053,298.8137711380833,95.27094101077802
bursty_same_ttfa-long_incident-r004,bursty_same_ttfa,synthetic-validation-v1,long_incident,0.0,1,538.8137711380833,546.3365334745308,7.522762336447499
bursty_same_ttfa-long_incident-r004,bursty_same_ttfa,synthetic-validation-v1,long_incident,0.0,2,1026.3365334745308,1028.3655293501574,2.028995875626606
bursty_same_ttfa-long_incident-r004,bursty_same_ttfa,synthetic-validation-v1,long_incident,0.0,3,1268.3655293501574,1272.1611997797554,3.795670429597976
bursty_same_ttfa-long_incident-r004,bursty_same_ttfa,synthetic-validation-v1,long_incident,0.0,4,1512.1611997797554,1518.1513963087025,5.990196528947081
bursty_same_ttfa-long_incident-r004,bursty_same_ttfa,synthetic-validation-v1,long_incident,20.0,0,203.5428301273053,298.8137711380833,95.27094101077802
bursty_same_ttfa-long_incident-r004,bursty_same_ttfa,synthetic-validation-v1,long_incident,20.0,1,538.8137711380833,546.3365334745308,7.522762336447499
bursty_same_ttfa-long_incident-r004,bursty_same_ttfa,synthetic-validation-v1,long_incident,20.0,2,1026.3365334745308,1028.3655293501574,2.028995875626606
bursty_same_ttfa-long_incident-r004,bursty_same_ttfa,synthetic-validation-v1,long_incident,20.0,3,1268.3655293501574,1272.1611997797554,3.795670429597976
bursty_same_ttfa-long_incident-r004,bursty_same_ttfa,synthetic-validation-v1,long_incident,20.0,4,1512.1611997797554,1518.1513963087025,5.990196528947081
bursty_same_ttfa-long_incident-r004,bursty_same_ttfa,synthetic-validation-v1,long_incident,40.0,0,203.5428301273053,298.8137711380833,95.27094101077802
bursty_same_ttfa-long_incident-r004,bursty_same_ttfa,synthetic-validation-v1,long_incident,40.0,1,538.8137711380833,546.3365334745308,7.522762336447499
bursty_same_ttfa-long_incident-r004,bursty_same_ttfa,synthetic-validation-v1,long_incident,40.0,2,1026.3365334745308,1028.3655293501574,2.028995875626606
bursty_same_ttfa-long_incident-r004,bursty_same_ttfa,synthetic-validation-v1,long_incident,40.0,3,1268.3655293501574,1272.1611997797554,3.795670429597976
bursty_same_ttfa-long_incident-r004,bursty_same_ttfa,synthetic-validation-v1,long_incident,40.0,4,1512.1611997797554,1518.1513963087025,5.990196528947081
bursty_same_ttfa-long_incident-r004,bursty_same_ttfa,synthetic-validation-v1,long_incident,80.0,0,228.03987691090614,298.8137711380833,70.77389422717718
bursty_same_ttfa-long_incident-r004,bursty_same_ttfa,synthetic-validation-v1,long_incident,80.0,1,538.8137711380833,546.3365334745308,7.522762336447499
bursty_same_ttfa-long_incident-r004,bursty_same_ttfa,synthetic-validation-v1,long_incident,80.0,2,1026.3365334745308,1028.3655293501574,2.028995875626606
bursty_same_ttfa-long_incident-r004,bursty_same_ttfa,synthetic-validation-v1,long_incident,80.0,3,1268.3655293501574,1272.1611997797554,3.795670429597976
bursty_same_ttfa-long_incident-r004,bursty_same_ttfa,synthetic-validation-v1,long_incident,80.0,4,1512.1611997797554,1518.1513963087025,5.990196528947081
bursty_same_ttfa-long_incident-r005,bursty_same_ttfa,synthetic-validation-v1,long_incident,0.0,0,209.5832000871316,289.9644784089609,80.38127832182929
bursty_same_ttfa-long_incident-r005,bursty_same_ttfa,synthetic-validation-v1,long_incident,0.0,1,529.9644784089609,544.319903666428,14.355425257467118
bursty_same_ttfa-long_incident-r005,bursty_same_ttfa,synthetic-validation-v1,long_incident,0.0,2,784.319903666428,812.035641739859,27.715738073430998
bursty_same_ttfa-long_incident-r005,bursty_same_ttfa,synthetic-validation-v1,long_incident,0.0,3,1052.0356417398589,1071.4723277902046,19.43668605034577
bursty_same_ttfa-long_incident-r005,bursty_same_ttfa,synthetic-validation-v1,long_incident,0.0,4,1311.4723277902046,1322.8097479929556,11.337420202750991
bursty_same_ttfa-long_incident-r005,bursty_same_ttfa,synthetic-validation-v1,long_incident,20.0,0,209.5832000871316,289.9644784089609,80.38127832182929
bursty_same_ttfa-long_incident-r005,bursty_same_ttfa,synthetic-validation-v1,long_incident,20.0,1,529.9644784089609,544.319903666428,14.355425257467118
bursty_same_ttfa-long_incident-r005,bursty_same_ttfa,synthetic-validation-v1,long_incident,20.0,2,784.319903666428,812.035641739859,27.715738073430998
bursty_same_ttfa-long_incident-r005,bursty_same_ttfa,synthetic-validation-v1,long_incident,20.0,3,1052.0356417398589,1071.4723277902046,19.43668605034577
bursty_same_ttfa-long_incident-r005,bursty_same_ttfa,synthetic-validation-v1,long_incident,20.0,4,1311.4723277902046,1322.8097479929556,11.337420202750991
bursty_same_ttfa-long_incident-r005,bursty_same_ttfa,synthetic-validation-v1,long_incident,40.0,0,209.5832000871316,289.9644784089609,80.38127832182929
bursty_same_ttfa-long_incident-r005,bursty_same_ttfa,synthetic-validation-v1,long_incident,40.0,1,529.9644784089609,544.319903666428,14.355425257467118
bursty_same_ttfa-long_incident-r005,bursty_same_ttfa,synthetic-validation-v1,long_incident,40.0,2,784.319903666428,812.035641739859,27.715738073430998
bursty_same_ttfa-long_incident-r005,bursty_same_ttfa,synthetic-validation-v1,long_incident,40.0,3,1052.0356417398589,1071.4723277902046,19.43668605034577
bursty_same_ttfa-long_incident-r005,bursty_same_ttfa,synthetic-validation-v1,long_incident,40.0,4,1311.4723277902046,1322.8097479929556,11.337420202750991
bursty_same_ttfa-long_incident-r005,bursty_same_ttfa,synthetic-validation-v1,long_incident,80.0,0,221.2883874494191,289.9644784089609,68.67609095954177
bursty_same_ttfa-long_incident-r005,bursty_same_ttfa,synthetic-validation-v1,long_incident,80.0,1,529.9644784089609,544.319903666428,14.355425257467118
bursty_same_ttfa-long_incident-r005,bursty_same_ttfa,synthetic-validation-v1,long_incident,80.0,2,784.319903666428,812.035641739859,27.715738073430998
bursty_same_ttfa-long_incident-r005,bursty_same_ttfa,synthetic-validation-v1,long_incident,80.0,3,1052.0356417398589,1071.4723277902046,19.43668605034577
bursty_same_ttfa-long_incident-r005,bursty_same_ttfa,synthetic-validation-v1,long_incident,80.0,4,1311.4723277902046,1322.8097479929556,11.337420202750991
bursty_same_ttfa-long_incident-r006,bursty_same_ttfa,synthetic-validation-v1,long_incident,0.0,0,203.7808542055917,306.78565716003425,103.00480295444254
bursty_same_ttfa-long_incident-r006,bursty_same_ttfa,synthetic-validation-v1,long_incident,0.0,1,786.7856571600342,791.7096649143825,4.924007754348281
bursty_same_ttfa-long_incident-r006,bursty_same_ttfa,synthetic-validation-v1,long_incident,0.0,2,1511.7096649143825,1528.5218139163278,16.812149001945272
bursty_same_ttfa-long_incident-r006,bursty_same_ttfa,synthetic-validation-v1,long_incident,20.0,0,203.7808542055917,306.78565716003425,103.00480295444254
bursty_same_ttfa-long_incident-r006,bursty_same_ttfa,synthetic-validation-v1,long_incident,20.0,1,786.7856571600342,791.7096649143825,4.924007754348281
bursty_same_ttfa-long_incident-r006,bursty_same_ttfa,synthetic-validation-v1,long_incident,20.0,2,1511.7096649143825,1528.5218139163278,16.812149001945272
bursty_same_ttfa-long_incident-r006,bursty_same_ttfa,synthetic-validation-v1,long_incident,40.0,0,203.7808542055917,306.78565716003425,103.00480295444254
bursty_same_ttfa-long_incident-r006,bursty_same_ttfa,synthetic-validation-v1,long_incident,40.0,1,786.7856571600342,791.7096649143825,4.924007754348281
bursty_same_ttfa-long_incident-r006,bursty_same_ttfa,synthetic-validation-v1,long_incident,40.0,2,1511.7096649143825,1528.5218139163278,16.812149001945272
bursty_same_ttfa-long_incident-r006,bursty_same_ttfa,synthetic-validation-v1,long_incident,80.0,0,221.5315735502208,306.78565716003425,85.25408360981345
bursty_same_ttfa-long_incident-r006,bursty_same_ttfa,synthetic-validation-v1,long_incident,80.0,1,786.7856571600342,791.7096649143825,4.924007754348281
bursty_same_ttfa-long_incident-r006,bursty_same_ttfa,synthetic-validation-v1,long_incident,80.0,2,1511.7096649143825,1528.5218139163278,16.812149001945272
bursty_same_ttfa-long_incident-r007,bursty_same_ttfa,synthetic-validation-v1,long_incident,0.0,0,208.86443182153658,292.73646182592177,83.87203000438518
bursty_same_ttfa-long_incident-r007,bursty_same_ttfa,synthetic-validation-v1,long_incident,0.0,1,772.7364618259218,791.4454849678093,18.709023141887542
bursty_same_ttfa-long_incident-r007,bursty_same_ttfa,synthetic-validation-v1,long_incident,0.0,2,1031.4454849678093,1041.0649148293933,9.619429861583967
bursty_same_ttfa-long_incident-r007,bursty_same_ttfa,synthetic-validation-v1,long_incident,0.0,3,1281.0649148293933,1308.1157262847992,27.050811455405892
bursty_same_ttfa-long_incident-r007,bursty_same_ttfa,synthetic-validation-v1,long_incident,0.0,4,1548.1157262847992,1549.4325119258876,1.3167856410884724
bursty_same_ttfa-long_incident-r007,bursty_same_ttfa,synthetic-validation-v1,long_incident,20.0,0,208.86443182153658,292.73646182592177,83.87203000438518
bursty_same_ttfa-long_incident-r007,bursty_same_ttfa,synthetic-validation-v1,long_incident,20.0,1,772.7364618259218,791.4454849678093,18.709023141887542
bursty_same_ttfa-long_incident-r007,bursty_same_ttfa,synthetic-validation-v1,long_incident,20.0,2,1031.4454849678093,1041.0649148293933,9.619429861583967
bursty_same_ttfa-long_incident-r007,bursty_same_ttfa,synthetic-validation-v1,long_incident,20.0,3,1281.0649148293933,1308.1157262847992,27.050811455405892
bursty_same_ttfa-long_incident-r007,bursty_same_ttfa,synthetic-validation-v1,long_incident,20.0,4,1548.1157262847992,1549.4325119258876,1.3167856410884724
bursty_same_ttfa-long_incident-r007,bursty_same_ttfa,synthetic-validation-v1,long_incident,40.0,0,208.86443182153658,292.73646182592177,83.87203000438518
bursty_same_ttfa-long_incident-r007,bursty_same_ttfa,synthetic-validation-v1,long_incident,40.0,1,772.7364618259218,791.4454849678093,18.709023141887542
bursty_same_ttfa-long_incident-r007,bursty_same_ttfa,synthetic-validation-v1,long_incident,40.0,2,1031.4454849678093,1041.0649148293933,9.619429861583967
bursty_same_ttfa-long_incident-r007,bursty_same_ttfa,synthetic-validation-v1,long_incident,40.0,3,1281.0649148293933,1308.1157262847992,27.050811455405892
bursty_same_ttfa-long_incident-r007,bursty_same_ttfa,synthetic-validation-v1,long_incident,40.0,4,1548.1157262847992,1549.4325119258876,1.3167856410884724
bursty_same_ttfa-long_incident-r007,bursty_same_ttfa,synthetic-validation-v1,long_incident,80.0,0,226.39515811932344,292.73646182592177,66.34130370659832
bursty_same_ttfa-long_incident-r007,bursty_same_ttfa,synthetic-validation-v1,long_incident,80.0,1,772.7364618259218,791.4454849678093,18.709023141887542
bursty_same_ttfa-long_incident-r007,bursty_same_ttfa,synthetic-validation-v1,long_incident,80.0,2,1031.4454849678093,1041.0649148293933,9.619429861583967
bursty_same_ttfa-long_incident-r007,bursty_same_ttfa,synthetic-validation-v1,long_incident,80.0,3,1281.0649148293933,1308.1157262847992,27.050811455405892
bursty_same_ttfa-long_incident-r007,bursty_same_ttfa,synthetic-validation-v1,long_incident,80.0,4,1548.1157262847992,1549.4325119258876,1.3167856410884724
bursty_same_ttfa-long_incident-r008,bursty_same_ttfa,synthetic-validation-v1,long_incident,0.0,0,205.2997030547391,289.8630572704822,84.56335421574312
bursty_same_ttfa-long_incident-r008,bursty_same_ttfa,synthetic-validation-v1,long_incident,0.0,1,529.8630572704822,538.734583497627,8.871526227144841
bursty_same_ttfa-long_incident-r008,bursty_same_ttfa,synthetic-validation-v1,long_incident,0.0,2,778.734583497627,788.8069454433569,10.072361945729881
bursty_same_ttfa-long_incident-r008,bursty_same_ttfa,synthetic-validation-v1,long_incident,0.0,3,1508.8069454433569,1511.7032276911616,2.89628224780472
bursty_same_ttfa-long_incident-r008,bursty_same_ttfa,synthetic-validation-v1,long_incident,20.0,0,205.2997030547391,289.8630572704822,84.56335421574312
bursty_same_ttfa-long_incident-r008,bursty_same_ttfa,synthetic-validation-v1,long_incident,20.0,1,529.8630572704822,538.734583497627,8.871526227144841
bursty_same_ttfa-long_incident-r008,bursty_same_ttfa,synthetic-validation-v1,long_incident,20.0,2,778.734583497627,788.8069454433569,10.072361945729881
bursty_same_ttfa-long_incident-r008,bursty_same_ttfa,synthetic-validation-v1,long_incident,20.0,3,1508.8069454433569,1511.7032276911616,2.89628224780472
bursty_same_ttfa-long_incident-r008,bursty_same_ttfa,synthetic-validation-v1,long_incident,40.0,0,205.2997030547391,289.8630572704822,84.56335421574312
bursty_same_ttfa-long_incident-r008,bursty_same_ttfa,synthetic-validation-v1,long_incident,40.0,1,529.8630572704822,538.734583497627,8.871526227144841
bursty_same_ttfa-long_incident-r008,bursty_same_ttfa,synthetic-validation-v1,long_incident,40.0,2,778.734583497627,788.8069454433569,10.072361945729881
bursty_same_ttfa-long_incident-r008,bursty_same_ttfa,synthetic-validation-v1,long_incident,40.0,3,1508.8069454433569,1511.7032276911616,2.89628224780472
bursty_same_ttfa-long_incident-r008,bursty_same_ttfa,synthetic-validation-v1,long_incident,80.0,0,218.73903453107934,289.8630572704822,71.12402273940288
bursty_same_ttfa-long_incident-r008,bursty_same_ttfa,synthetic-validation-v1,long_incident,80.0,1,529.8630572704822,538.734583497627,8.871526227144841
bursty_same_ttfa-long_incident-r008,bursty_same_ttfa,synthetic-validation-v1,long_incident,80.0,2,778.734583497627,788.8069454433569,10.072361945729881
bursty_same_ttfa-long_incident-r008,bursty_same_ttfa,synthetic-validation-v1,long_incident,80.0,3,1508.8069454433569,1511.7032276911616,2.89628224780472
bursty_same_ttfa-long_incident-r009,bursty_same_ttfa,synthetic-validation-v1,long_incident,0.0,0,210.7765715819093,300.0419838928971,89.26541231098781
bursty_same_ttfa-long_incident-r009,bursty_same_ttfa,synthetic-validation-v1,long_incident,0.0,1,540.0419838928972,549.1361966133502,9.094212720453015
bursty_same_ttfa-long_incident-r009,bursty_same_ttfa,synthetic-validation-v1,long_incident,0.0,2,789.1361966133502,804.6258394171654,15.489642803815173
bursty_same_ttfa-long_incident-r009,bursty_same_ttfa,synthetic-validation-v1,long_incident,0.0,3,1044.6258394171655,1052.3521612393129,7.7263218221473835
bursty_same_ttfa-long_incident-r009,bursty_same_ttfa,synthetic-validation-v1,long_incident,0.0,4,1292.3521612393129,1294.0126909834157,1.6605297441028597
bursty_same_ttfa-long_incident-r009,bursty_same_ttfa,synthetic-validation-v1,long_incident,0.0,5,1534.0126909834157,1536.663907175407,2.6512161919913524
bursty_same_ttfa-long_incident-r009,bursty_same_ttfa,synthetic-validation-v1,long_incident,20.0,0,210.7765715819093,300.0419838928971,89.26541231098781
bursty_same_ttfa-long_incident-r009,bursty_same_ttfa,synthetic-validation-v1,long_incident,20.0,1,540.0419838928972,549.1361966133502,9.094212720453015
bursty_same_ttfa-long_incident-r009,bursty_same_ttfa,synthetic-validation-v1,long_incident,20.0,2,789.1361966133502,804.6258394171654,15.489642803815173
bursty_same_ttfa-long_incident-r009,bursty_same_ttfa,synthetic-validation-v1,long_incident,20.0,3,1044.6258394171655,1052.3521612393129,7.7263218221473835
bursty_same_ttfa-long_incident-r009,bursty_same_ttfa,synthetic-validation-v1,long_incident,20.0,4,1292.3521612393129,1294.0126909834157,1.6605297441028597
bursty_same_ttfa-long_incident-r009,bursty_same_ttfa,synthetic-validation-v1,long_incident,20.0,5,1534.0126909834157,1536.663907175407,2.6512161919913524
bursty_same_ttfa-long_incident-r009,bursty_same_ttfa,synthetic-validation-v1,long_incident,40.0,0,210.7765715819093,300.0419838928971,89.26541231098781
bursty_same_ttfa-long_incident-r009,bursty_same_ttfa,synthetic-validation-v1,long_incident,40.0,1,540.0419838928972,549.1361966133502,9.094212720453015
bursty_same_ttfa-long_incident-r009,bursty_same_ttfa,synthetic-validation-v1,long_incident,40.0,2,789.1361966133502,804.6258394171654,15.489642803815173
bursty_same_ttfa-long_incident-r009,bursty_same_ttfa,synthetic-validation-v1,long_incident,40.0,3,1044.6258394171655,1052.3521612393129,7.7263218221473835
bursty_same_ttfa-long_incident-r009,bursty_same_ttfa,synthetic-validation-v1,long_incident,40.0,4,1292.3521612393129,1294.0126909834157,1.6605297441028597
bursty_same_ttfa-long_incident-r009,bursty_same_ttfa,synthetic-validation-v1,long_incident,40.0,5,1534.0126909834157,1536.663907175407,2.6512161919913524
bursty_same_ttfa-long_incident-r009,bursty_same_ttfa,synthetic-validation-v1,long_incident,80.0,0,223.718562898867,300.0419838928971,76.32342099403013
bursty_same_ttfa-long_incident-r009,bursty_same_ttfa,synthetic-validation-v1,long_incident,80.0,1,540.0419838928972,549.1361966133502,9.094212720453015
bursty_same_ttfa-long_incident-r009,bursty_same_ttfa,synthetic-validation-v1,long_incident,80.0,2,789.1361966133502,804.6258394171654,15.489642803815173
bursty_same_ttfa-long_incident-r009,bursty_same_ttfa,synthetic-validation-v1,long_incident,80.0,3,1044.6258394171655,1052.3521612393129,7.7263218221473835
bursty_same_ttfa-long_incident-r009,bursty_same_ttfa,synthetic-validation-v1,long_incident,80.0,4,1292.3521612393129,1294.0126909834157,1.6605297441028597
bursty_same_ttfa-long_incident-r009,bursty_same_ttfa,synthetic-validation-v1,long_incident,80.0,5,1534.0126909834157,1536.663907175407,2.6512161919913524
bursty_same_ttfa-long_incident-r010,bursty_same_ttfa,synthetic-validation-v1,long_incident,0.0,0,200.4259003517247,294.57269858110175,94.14679822937705
bursty_same_ttfa-long_incident-r010,bursty_same_ttfa,synthetic-validation-v1,long_incident,0.0,1,534.5726985811018,557.851068743301,23.278370162199167
bursty_same_ttfa-long_incident-r010,bursty_same_ttfa,synthetic-validation-v1,long_incident,0.0,2,797.851068743301,804.4980896717948,6.647020928493816
bursty_same_ttfa-long_incident-r010,bursty_same_ttfa,synthetic-validation-v1,long_incident,20.0,0,200.4259003517247,294.57269858110175,94.14679822937705
bursty_same_ttfa-long_incident-r010,bursty_same_ttfa,synthetic-validation-v1,long_incident,20.0,1,534.5726985811018,557.851068743301,23.278370162199167
bursty_same_ttfa-long_incident-r010,bursty_same_ttfa,synthetic-validation-v1,long_incident,20.0,2,797.851068743301,804.4980896717948,6.647020928493816
bursty_same_ttfa-long_incident-r010,bursty_same_ttfa,synthetic-validation-v1,long_incident,40.0,0,200.4259003517247,294.57269858110175,94.14679822937705
bursty_same_ttfa-long_incident-r010,bursty_same_ttfa,synthetic-validation-v1,long_incident,40.0,1,534.5726985811018,557.851068743301,23.278370162199167
bursty_same_ttfa-long_incident-r010,bursty_same_ttfa,synthetic-validation-v1,long_incident,40.0,2,797.851068743301,804.4980896717948,6.647020928493816
bursty_same_ttfa-long_incident-r010,bursty_same_ttfa,synthetic-validation-v1,long_incident,80.0,0,220.22097118646064,294.57269858110175,74.3517273946411
bursty_same_ttfa-long_incident-r010,bursty_same_ttfa,synthetic-validation-v1,long_incident,80.0,1,534.5726985811018,557.851068743301,23.278370162199167
bursty_same_ttfa-long_incident-r010,bursty_same_ttfa,synthetic-validation-v1,long_incident,80.0,2,797.851068743301,804.4980896717948,6.647020928493816
bursty_same_ttfa-long_incident-r011,bursty_same_ttfa,synthetic-validation-v1,long_incident,0.0,0,198.18731142313118,299.13094116170447,100.94362973857329
bursty_same_ttfa-long_incident-r011,bursty_same_ttfa,synthetic-validation-v1,long_incident,0.0,1,779.1309411617044,791.3828920362951,12.251950874590648
bursty_same_ttfa-long_incident-r011,bursty_same_ttfa,synthetic-validation-v1,long_incident,0.0,2,1031.382892036295,1041.980088231223,10.597196194927847
bursty_same_ttfa-long_incident-r011,bursty_same_ttfa,synthetic-validation-v1,long_incident,0.0,3,1281.980088231223,1295.9058613002824,13.92577306905946
bursty_same_ttfa-long_incident-r011,bursty_same_ttfa,synthetic-validation-v1,long_incident,0.0,4,1535.9058613002824,1547.338906337281,11.433045036998692
bursty_same_ttfa-long_incident-r011,bursty_same_ttfa,synthetic-validation-v1,long_incident,20.0,0,198.18731142313118,299.13094116170447,100.94362973857329
bursty_same_ttfa-long_incident-r011,bursty_same_ttfa,synthetic-validation-v1,long_incident,20.0,1,779.1309411617044,791.3828920362951,12.251950874590648
bursty_same_ttfa-long_incident-r011,bursty_same_ttfa,synthetic-validation-v1,long_incident,20.0,2,1031.382892036295,1041.980088231223,10.597196194927847
bursty_same_ttfa-long_incident-r011,bursty_same_ttfa,synthetic-validation-v1,long_incident,20.0,3,1281.980088231223,1295.9058613002824,13.92577306905946
bursty_same_ttfa-long_incident-r011,bursty_same_ttfa,synthetic-validation-v1,long_incident,20.0,4,1535.9058613002824,1547.338906337281,11.433045036998692
bursty_same_ttfa-long_incident-r011,bursty_same_ttfa,synthetic-validation-v1,long_incident,40.0,0,198.18731142313118,299.13094116170447,100.94362973857329
bursty_same_ttfa-long_incident-r011,bursty_same_ttfa,synthetic-validation-v1,long_incident,40.0,1,779.1309411617044,791.3828920362951,12.251950874590648
bursty_same_ttfa-long_incident-r011,bursty_same_ttfa,synthetic-validation-v1,long_incident,40.0,2,1031.382892036295,1041.980088231223,10.597196194927847
bursty_same_ttfa-long_incident-r011,bursty_same_ttfa,synthetic-validation-v1,long_incident,40.0,3,1281.980088231223,1295.9058613002824,13.92577306905946
bursty_same_ttfa-long_incident-r011,bursty_same_ttfa,synthetic-validation-v1,long_incident,40.0,4,1535.9058613002824,1547.338906337281,11.433045036998692
bursty_same_ttfa-long_incident-r011,bursty_same_ttfa,synthetic-validation-v1,long_incident,80.0,0,218.43259792799753,299.13094116170447,80.69834323370694
bursty_same_ttfa-long_incident-r011,bursty_same_ttfa,synthetic-validation-v1,long_incident,80.0,1,779.1309411617044,791.3828920362951,12.251950874590648
bursty_same_ttfa-long_incident-r011,bursty_same_ttfa,synthetic-validation-v1,long_incident,80.0,2,1031.382892036295,1041.980088231223,10.597196194927847
bursty_same_ttfa-long_incident-r011,bursty_same_ttfa,synthetic-validation-v1,long_incident,80.0,3,1281.980088231223,1295.9058613002824,13.92577306905946
bursty_same_ttfa-long_incident-r011,bursty_same_ttfa,synthetic-validation-v1,long_incident,80.0,4,1535.9058613002824,1547.338906337281,11.433045036998692
bursty_same_ttfa-long_incident-r012,bursty_same_ttfa,synthetic-validation-v1,long_incident,0.0,0,199.68763723134515,301.57347462879784,101.88583739745269
bursty_same_ttfa-long_incident-r012,bursty_same_ttfa,synthetic-validation-v1,long_incident,0.0,1,781.5734746287978,801.7455525960112,20.17207796721334
bursty_same_ttfa-long_incident-r012,bursty_same_ttfa,synthetic-validation-v1,long_incident,0.0,2,1041.7455525960113,1044.9666664001447,3.221113804133438
bursty_same_ttfa-long_incident-r012,bursty_same_ttfa,synthetic-validation-v1,long_incident,20.0,0,199.68763723134515,301.57347462879784,101.88583739745269
bursty_same_ttfa-long_incident-r012,bursty_same_ttfa,synthetic-validation-v1,long_incident,20.0,1,781.5734746287978,801.7455525960112,20.17207796721334
bursty_same_ttfa-long_incident-r012,bursty_same_ttfa,synthetic-validation-v1,long_incident,20.0,2,1041.7455525960113,1044.9666664001447,3.221113804133438
bursty_same_ttfa-long_incident-r012,bursty_same_ttfa,synthetic-validation-v1,long_incident,40.0,0,199.68763723134515,301.57347462879784,101.88583739745269
bursty_same_ttfa-long_incident-r012,bursty_same_ttfa,synthetic-validation-v1,long_incident,40.0,1,781.5734746287978,801.7455525960112,20.17207796721334
bursty_same_ttfa-long_incident-r012,bursty_same_ttfa,synthetic-validation-v1,long_incident,40.0,2,1041.7455525960113,1044.9666664001447,3.221113804133438
bursty_same_ttfa-long_incident-r012,bursty_same_ttfa,synthetic-validation-v1,long_incident,80.0,0,219.20246295909268,301.57347462879784,82.37101166970515
bursty_same_ttfa-long_incident-r012,bursty_same_ttfa,synthetic-validation-v1,long_incident,80.0,1,781.5734746287978,801.7455525960112,20.17207796721334
bursty_same_ttfa-long_incident-r012,bursty_same_ttfa,synthetic-validation-v1,long_incident,80.0,2,1041.7455525960113,1044.9666664001447,3.221113804133438
bursty_same_ttfa-long_incident-r013,bursty_same_ttfa,synthetic-validation-v1,long_incident,0.0,0,203.30066031081793,297.9386578942229,94.63799758340497
bursty_same_ttfa-long_incident-r013,bursty_same_ttfa,synthetic-validation-v1,long_incident,0.0,1,537.9386578942228,538.5294533466434,0.5907954524205934
bursty_same_ttfa-long_incident-r013,bursty_same_ttfa,synthetic-validation-v1,long_incident,0.0,2,778.5294533466434,802.2026479229177,23.673194576274227
bursty_same_ttfa-long_incident-r013,bursty_same_ttfa,synthetic-validation-v1,long_incident,20.0,0,203.30066031081793,297.9386578942229,94.63799758340497
bursty_same_ttfa-long_incident-r013,bursty_same_ttfa,synthetic-validation-v1,long_incident,20.0,1,537.9386578942228,538.5294533466434,0.5907954524205934
bursty_same_ttfa-long_incident-r013,bursty_same_ttfa,synthetic-validation-v1,long_incident,20.0,2,778.5294533466434,802.2026479229177,23.673194576274227
bursty_same_ttfa-long_incident-r013,bursty_same_ttfa,synthetic-validation-v1,long_incident,40.0,0,203.30066031081793,297.9386578942229,94.63799758340497
bursty_same_ttfa-long_incident-r013,bursty_same_ttfa,synthetic-validation-v1,long_incident,40.0,1,537.9386578942228,538.5294533466434,0.5907954524205934
bursty_same_ttfa-long_incident-r013,bursty_same_ttfa,synthetic-validation-v1,long_incident,40.0,2,778.5294533466434,802.2026479229177,23.673194576274227
bursty_same_ttfa-long_incident-r013,bursty_same_ttfa,synthetic-validation-v1,long_incident,80.0,0,223.81164983337283,297.9386578942229,74.12700806085007
bursty_same_ttfa-long_incident-r013,bursty_same_ttfa,synthetic-validation-v1,long_incident,80.0,1,537.9386578942228,538.5294533466434,0.5907954524205934
bursty_same_ttfa-long_incident-r013,bursty_same_ttfa,synthetic-validation-v1,long_incident,80.0,2,778.5294533466434,802.2026479229177,23.673194576274227
bursty_same_ttfa-long_incident-r014,bursty_same_ttfa,synthetic-validation-v1,long_incident,0.0,0,205.07153977535626,297.3504890270003,92.27894925164406
bursty_same_ttfa-long_incident-r014,bursty_same_ttfa,synthetic-validation-v1,long_incident,0.0,1,537.3504890270003,542.1962055979119,4.845716570911577
bursty_same_ttfa-long_incident-r014,bursty_same_ttfa,synthetic-validation-v1,long_incident,0.0,2,782.1962055979119,795.9759541923437,13.779748594431794
bursty_same_ttfa-long_incident-r014,bursty_same_ttfa,synthetic-validation-v1,long_incident,0.0,3,1035.9759541923436,1038.8148753503233,2.838921157979712
bursty_same_ttfa-long_incident-r014,bursty_same_ttfa,synthetic-validation-v1,long_incident,0.0,4,1278.8148753503233,1286.4526503243212,7.637774973997921
bursty_same_ttfa-long_incident-r014,bursty_same_ttfa,synthetic-validation-v1,long_incident,0.0,5,1526.4526503243212,1544.4547399680716,18.002089643750423
bursty_same_ttfa-long_incident-r014,bursty_same_ttfa,synthetic-validation-v1,long_incident,20.0,0,205.07153977535626,297.3504890270003,92.27894925164406
bursty_same_ttfa-long_incident-r014,bursty_same_ttfa,synthetic-validation-v1,long_incident,20.0,1,537.3504890270003,542.1962055979119,4.845716570911577
bursty_same_ttfa-long_incident-r014,bursty_same_ttfa,synthetic-validation-v1,long_incident,20.0,2,782.1962055979119,795.9759541923437,13.779748594431794
bursty_same_ttfa-long_incident-r014,bursty_same_ttfa,synthetic-validation-v1,long_incident,20.0,3,1035.9759541923436,1038.8148753503233,2.838921157979712
bursty_same_ttfa-long_incident-r014,bursty_same_ttfa,synthetic-validation-v1,long_incident,20.0,4,1278.8148753503233,1286.4526503243212,7.637774973997921
bursty_same_ttfa-long_incident-r014,bursty_same_ttfa,synthetic-validation-v1,long_incident,20.0,5,1526.4526503243212,1544.4547399680716,18.002089643750423
bursty_same_ttfa-long_incident-r014,bursty_same_ttfa,synthetic-validation-v1,long_incident,40.0,0,205.07153977535626,297.3504890270003,92.27894925164406
bursty_same_ttfa-long_incident-r014,bursty_same_ttfa,synthetic-validation-v1,long_incident,40.0,1,537.3504890270003,542.1962055979119,4.845716570911577
bursty_same_ttfa-long_incident-r014,bursty_same_ttfa,synthetic-validation-v1,long_incident,40.0,2,782.1962055979119,795.9759541923437,13.779748594431794
bursty_same_ttfa-long_incident-r014,bursty_same_ttfa,synthetic-validation-v1,long_incident,40.0,3,1035.9759541923436,1038.8148753503233,2.838921157979712
bursty_same_ttfa-long_incident-r014,bursty_same_ttfa,synthetic-validation-v1,long_incident,40.0,4,1278.8148753503233,1286.4526503243212,7.637774973997921
bursty_same_ttfa-long_incident-r014,bursty_same_ttfa,synthetic-validation-v1,long_incident,40.0,5,1526.4526503243212,1544.4547399680716,18.002089643750423
bursty_same_ttfa-long_incident-r014,bursty_same_ttfa,synthetic-validation-v1,long_incident,80.0,0,220.19511211358576,297.3504890270003,77.15537691341456
bursty_same_ttfa-long_incident-r014,bursty_same_ttfa,synthetic-validation-v1,long_incident,80.0,1,537.3504890270003,542.1962055979119,4.845716570911577
bursty_same_ttfa-long_incident-r014,bursty_same_ttfa,synthetic-validation-v1,long_incident,80.0,2,782.1962055979119,795.9759541923437,13.779748594431794
bursty_same_ttfa-long_incident-r014,bursty_same_ttfa,synthetic-validation-v1,long_incident,80.0,3,1035.9759541923436,1038.8148753503233,2.838921157979712
bursty_same_ttfa-long_incident-r014,bursty_same_ttfa,synthetic-validation-v1,long_incident,80.0,4,1278.8148753503233,1286.4526503243212,7.637774973997921
bursty_same_ttfa-long_incident-r014,bursty_same_ttfa,synthetic-validation-v1,long_incident,80.0,5,1526.4526503243212,1544.4547399680716,18.002089643750423
bursty_same_ttfa-long_incident-r015,bursty_same_ttfa,synthetic-validation-v1,long_incident,0.0,0,206.4031880626627,289.7718520576001,83.36866399493738
bursty_same_ttfa-long_incident-r015,bursty_same_ttfa,synthetic-validation-v1,long_incident,20.0,0,206.4031880626627,289.7718520576001,83.36866399493738
bursty_same_ttfa-long_incident-r015,bursty_same_ttfa,synthetic-validation-v1,long_incident,40.0,0,206.4031880626627,289.7718520576001,83.36866399493738
bursty_same_ttfa-long_incident-r015,bursty_same_ttfa,synthetic-validation-v1,long_incident,80.0,0,218.33535380209324,289.7718520576001,71.43649825550685
bursty_same_ttfa-long_incident-r016,bursty_same_ttfa,synthetic-validation-v1,long_incident,0.0,0,210.92164855949315,292.7827320833542,81.86108352386103
bursty_same_ttfa-long_incident-r016,bursty_same_ttfa,synthetic-validation-v1,long_incident,0.0,1,532.7827320833542,537.4961500955731,4.713418012218881
bursty_same_ttfa-long_incident-r016,bursty_same_ttfa,synthetic-validation-v1,long_incident,0.0,2,777.4961500955731,796.3202313728464,18.824081277273308
bursty_same_ttfa-long_incident-r016,bursty_same_ttfa,synthetic-validation-v1,long_incident,0.0,3,1036.3202313728464,1048.387647421831,12.067416048984569
bursty_same_ttfa-long_incident-r016,bursty_same_ttfa,synthetic-validation-v1,long_incident,0.0,4,1288.387647421831,1298.172152829946,9.784505408115137
bursty_same_ttfa-long_incident-r016,bursty_same_ttfa,synthetic-validation-v1,long_incident,0.0,5,1538.172152829946,1566.6472883992046,28.475135569258555
bursty_same_ttfa-long_incident-r016,bursty_same_ttfa,synthetic-validation-v1,long_incident,20.0,0,210.92164855949315,292.7827320833542,81.86108352386103
bursty_same_ttfa-long_incident-r016,bursty_same_ttfa,synthetic-validation-v1,long_incident,20.0,1,532.7827320833542,537.4961500955731,4.713418012218881
bursty_same_ttfa-long_incident-r016,bursty_same_ttfa,synthetic-validation-v1,long_incident,20.0,2,777.4961500955731,796.3202313728464,18.824081277273308
bursty_same_ttfa-long_incident-r016,bursty_same_ttfa,synthetic-validation-v1,long_incident,20.0,3,1036.3202313728464,1048.387647421831,12.067416048984569
bursty_same_ttfa-long_incident-r016,bursty_same_ttfa,synthetic-validation-v1,long_incident,20.0,4,1288.387647421831,1298.172152829946,9.784505408115137
bursty_same_ttfa-long_incident-r016,bursty_same_ttfa,synthetic-validation-v1,long_incident,20.0,5,1538.172152829946,1566.6472883992046,28.475135569258555
bursty_same_ttfa-long_incident-r016,bursty_same_ttfa,synthetic-validation-v1,long_incident,40.0,0,210.92164855949315,292.7827320833542,81.86108352386103
bursty_same_ttfa-long_incident-r016,bursty_same_ttfa,synthetic-validation-v1,long_incident,40.0,1,532.7827320833542,537.4961500955731,4.713418012218881
bursty_same_ttfa-long_incident-r016,bursty_same_ttfa,synthetic-validation-v1,long_incident,40.0,2,777.4961500955731,796.3202313728464,18.824081277273308
bursty_same_ttfa-long_incident-r016,bursty_same_ttfa,synthetic-validation-v1,long_incident,40.0,3,1036.3202313728464,1048.387647421831,12.067416048984569
bursty_same_ttfa-long_incident-r016,bursty_same_ttfa,synthetic-validation-v1,long_incident,40.0,4,1288.387647421831,1298.172152829946,9.784505408115137
bursty_same_ttfa-long_incident-r016,bursty_same_ttfa,synthetic-validation-v1,long_incident,40.0,5,1538.172152829946,1566.6472883992046,28.475135569258555
bursty_same_ttfa-long_incident-r016,bursty_same_ttfa,synthetic-validation-v1,long_incident,80.0,0,218.93385178834941,292.7827320833542,73.84888029500476
bursty_same_ttfa-long_incident-r016,bursty_same_ttfa,synthetic-validation-v1,long_incident,80.0,1,532.7827320833542,537.4961500955731,4.713418012218881
bursty_same_ttfa-long_incident-r016,bursty_same_ttfa,synthetic-validation-v1,long_incident,80.0,2,777.4961500955731,796.3202313728464,18.824081277273308
bursty_same_ttfa-long_incident-r016,bursty_same_ttfa,synthetic-validation-v1,long_incident,80.0,3,1036.3202313728464,1048.387647421831,12.067416048984569
bursty_same_ttfa-long_incident-r016,bursty_same_ttfa,synthetic-validation-v1,long_incident,80.0,4,1288.387647421831,1298.172152829946,9.784505408115137
bursty_same_ttfa-long_incident-r016,bursty_same_ttfa,synthetic-validation-v1,long_incident,80.0,5,1538.172152829946,1566.6472883992046,28.475135569258555
bursty_same_ttfa-long_incident-r017,bursty_same_ttfa,synthetic-validation-v1,long_incident,0.0,0,202.4531309768404,292.168912326492,89.71578134965156
bursty_same_ttfa-long_incident-r017,bursty_same_ttfa,synthetic-validation-v1,long_incident,0.0,1,532.168912326492,538.2643405909544,6.0954282644623845
bursty_same_ttfa-long_incident-r017,bursty_same_ttfa,synthetic-validation-v1,long_incident,0.0,2,778.2643405909544,790.284036861626,12.019696270671602
bursty_same_ttfa-long_incident-r017,bursty_same_ttfa,synthetic-validation-v1,long_incident,0.0,3,1510.284036861626,1517.1614906046798,6.87745374305382
bursty_same_ttfa-long_incident-r017,bursty_same_ttfa,synthetic-validation-v1,long_incident,20.0,0,202.4531309768404,292.168912326492,89.71578134965156
bursty_same_ttfa-long_incident-r017,bursty_same_ttfa,synthetic-validation-v1,long_incident,20.0,1,532.168912326492,538.2643405909544,6.0954282644623845
bursty_same_ttfa-long_incident-r017,bursty_same_ttfa,synthetic-validation-v1,long_incident,20.0,2,778.2643405909544,790.284036861626,12.019696270671602
bursty_same_ttfa-long_incident-r017,bursty_same_ttfa,synthetic-validation-v1,long_incident,20.0,3,1510.284036861626,1517.1614906046798,6.87745374305382
bursty_same_ttfa-long_incident-r017,bursty_same_ttfa,synthetic-validation-v1,long_incident,40.0,0,202.4531309768404,292.168912326492,89.71578134965156
bursty_same_ttfa-long_incident-r017,bursty_same_ttfa,synthetic-validation-v1,long_incident,40.0,1,532.168912326492,538.2643405909544,6.0954282644623845
bursty_same_ttfa-long_incident-r017,bursty_same_ttfa,synthetic-validation-v1,long_incident,40.0,2,778.2643405909544,790.284036861626,12.019696270671602
bursty_same_ttfa-long_incident-r017,bursty_same_ttfa,synthetic-validation-v1,long_incident,40.0,3,1510.284036861626,1517.1614906046798,6.87745374305382
bursty_same_ttfa-long_incident-r017,bursty_same_ttfa,synthetic-validation-v1,long_incident,80.0,0,218.5314696842347,292.168912326492,73.63744264225727
bursty_same_ttfa-long_incident-r017,bursty_same_ttfa,synthetic-validation-v1,long_incident,80.0,1,532.168912326492,538.2643405909544,6.0954282644623845
bursty_same_ttfa-long_incident-r017,bursty_same_ttfa,synthetic-validation-v1,long_incident,80.0,2,778.2643405909544,790.284036861626,12.019696270671602
bursty_same_ttfa-long_incident-r017,bursty_same_ttfa,synthetic-validation-v1,long_incident,80.0,3,1510.284036861626,1517.1614906046798,6.87745374305382
bursty_same_ttfa-long_incident-r018,bursty_same_ttfa,synthetic-validation-v1,long_incident,0.0,0,198.3840526927318,287.15002703851394,88.76597434578213
bursty_same_ttfa-long_incident-r018,bursty_same_ttfa,synthetic-validation-v1,long_incident,0.0,1,527.1500270385139,545.3897778218322,18.2397507833183
bursty_same_ttfa-long_incident-r018,bursty_same_ttfa,synthetic-validation-v1,long_incident,0.0,2,785.3897778218322,814.965117075561,29.57533925372877
bursty_same_ttfa-long_incident-r018,bursty_same_ttfa,synthetic-validation-v1,long_incident,20.0,0,198.3840526927318,287.15002703851394,88.76597434578213
bursty_same_ttfa-long_incident-r018,bursty_same_ttfa,synthetic-validation-v1,long_incident,20.0,1,527.1500270385139,545.3897778218322,18.2397507833183
bursty_same_ttfa-long_incident-r018,bursty_same_ttfa,synthetic-validation-v1,long_incident,20.0,2,785.3897778218322,814.965117075561,29.57533925372877
bursty_same_ttfa-long_incident-r018,bursty_same_ttfa,synthetic-validation-v1,long_incident,40.0,0,198.3840526927318,287.15002703851394,88.76597434578213
bursty_same_ttfa-long_incident-r018,bursty_same_ttfa,synthetic-validation-v1,long_incident,40.0,1,527.1500270385139,545.3897778218322,18.2397507833183
bursty_same_ttfa-long_incident-r018,bursty_same_ttfa,synthetic-validation-v1,long_incident,40.0,2,785.3897778218322,814.965117075561,29.57533925372877
bursty_same_ttfa-long_incident-r018,bursty_same_ttfa,synthetic-validation-v1,long_incident,80.0,0,213.43969929567675,287.15002703851394,73.7103277428372
bursty_same_ttfa-long_incident-r018,bursty_same_ttfa,synthetic-validation-v1,long_incident,80.0,1,527.1500270385139,545.3897778218322,18.2397507833183
bursty_same_ttfa-long_incident-r018,bursty_same_ttfa,synthetic-validation-v1,long_incident,80.0,2,785.3897778218322,814.965117075561,29.57533925372877
bursty_same_ttfa-long_incident-r019,bursty_same_ttfa,synthetic-validation-v1,long_incident,0.0,0,209.8395755127414,300.57538488210105,90.73580936935966
bursty_same_ttfa-long_incident-r019,bursty_same_ttfa,synthetic-validation-v1,long_incident,20.0,0,209.8395755127414,300.57538488210105,90.73580936935966
bursty_same_ttfa-long_incident-r019,bursty_same_ttfa,synthetic-validation-v1,long_incident,40.0,0,209.8395755127414,300.57538488210105,90.73580936935966
bursty_same_ttfa-long_incident-r019,bursty_same_ttfa,synthetic-validation-v1,long_incident,80.0,0,229.58918997356577,300.57538488210105,70.98619490853528
bursty_same_ttfa-long_itinerary-r000,bursty_same_ttfa,synthetic-validation-v1,long_itinerary,0.0,0,209.26940597052152,298.05608741098683,88.78668144046532
bursty_same_ttfa-long_itinerary-r000,bursty_same_ttfa,synthetic-validation-v1,long_itinerary,0.0,1,1018.0560874109868,1026.755188099071,8.699100688084059
bursty_same_ttfa-long_itinerary-r000,bursty_same_ttfa,synthetic-validation-v1,long_itinerary,0.0,2,1266.755188099071,1287.5809654160207,20.825777316949825
bursty_same_ttfa-long_itinerary-r000,bursty_same_ttfa,synthetic-validation-v1,long_itinerary,0.0,3,1527.5809654160207,1529.2473666583983,1.6664012423775603
bursty_same_ttfa-long_itinerary-r000,bursty_same_ttfa,synthetic-validation-v1,long_itinerary,20.0,0,209.26940597052152,298.05608741098683,88.78668144046532
bursty_same_ttfa-long_itinerary-r000,bursty_same_ttfa,synthetic-validation-v1,long_itinerary,20.0,1,1018.0560874109868,1026.755188099071,8.699100688084059
bursty_same_ttfa-long_itinerary-r000,bursty_same_ttfa,synthetic-validation-v1,long_itinerary,20.0,2,1266.755188099071,1287.5809654160207,20.825777316949825
bursty_same_ttfa-long_itinerary-r000,bursty_same_ttfa,synthetic-validation-v1,long_itinerary,20.0,3,1527.5809654160207,1529.2473666583983,1.6664012423775603
bursty_same_ttfa-long_itinerary-r000,bursty_same_ttfa,synthetic-validation-v1,long_itinerary,40.0,0,209.26940597052152,298.05608741098683,88.78668144046532
bursty_same_ttfa-long_itinerary-r000,bursty_same_ttfa,synthetic-validation-v1,long_itinerary,40.0,1,1018.0560874109868,1026.755188099071,8.699100688084059
bursty_same_ttfa-long_itinerary-r000,bursty_same_ttfa,synthetic-validation-v1,long_itinerary,40.0,2,1266.755188099071,1287.5809654160207,20.825777316949825
bursty_same_ttfa-long_itinerary-r000,bursty_same_ttfa,synthetic-validation-v1,long_itinerary,40.0,3,1527.5809654160207,1529.2473666583983,1.6664012423775603
bursty_same_ttfa-long_itinerary-r000,bursty_same_ttfa,synthetic-validation-v1,long_itinerary,80.0,0,227.14161827404354,298.05608741098683,70.9144691369433
bursty_same_ttfa-long_itinerary-r000,bursty_same_ttfa,synthetic-validation-v1,long_itinerary,80.0,1,1018.0560874109868,1026.755188099071,8.699100688084059
bursty_same_ttfa-long_itinerary-r000,bursty_same_ttfa,synthetic-validation-v1,long_itinerary,80.0,2,1266.755188099071,1287.5809654160207,20.825777316949825
bursty_same_ttfa-long_itinerary-r000,bursty_same_ttfa,synthetic-validation-v1,long_itinerary,80.0,3,1527.5809654160207,1529.2473666583983,1.6664012423775603
bursty_same_ttfa-long_itinerary-r001,bursty_same_ttfa,synthetic-validation-v1,long_itinerary,0.0,0,204.82261640878195,301.56060027223054,96.73798386344859
bursty_same_ttfa-long_itinerary-r001,bursty_same_ttfa,synthetic-validation-v1,long_itinerary,0.0,1,541.5606002722305,547.732978303992,6.172378031761468
bursty_same_ttfa-long_itinerary-r001,bursty_same_ttfa,synthetic-validation-v1,long_itinerary,0.0,2,787.732978303992,804.4545560102056,16.721577706213566
bursty_same_ttfa-long_itinerary-r001,bursty_same_ttfa,synthetic-validation-v1,long_itinerary,0.0,3,1044.4545560102056,1056.5014943338263,12.04693832362068
bursty_same_ttfa-long_itinerary-r001,bursty_same_ttfa,synthetic-validation-v1,long_itinerary,20.0,0,204.82261640878195,301.56060027223054,96.73798386344859
bursty_same_ttfa-long_itinerary-r001,bursty_same_ttfa,synthetic-validation-v1,long_itinerary,20.0,1,541.5606002722305,547.732978303992,6.172378031761468
bursty_same_ttfa-long_itinerary-r001,bursty_same_ttfa,synthetic-validation-v1,long_itinerary,20.0,2,787.732978303992,804.4545560102056,16.721577706213566
bursty_same_ttfa-long_itinerary-r001,bursty_same_ttfa,synthetic-validation-v1,long_itinerary,20.0,3,1044.4545560102056,1056.5014943338263,12.04693832362068
bursty_same_ttfa-long_itinerary-r001,bursty_same_ttfa,synthetic-validation-v1,long_itinerary,40.0,0,204.82261640878195,301.56060027223054,96.73798386344859
bursty_same_ttfa-long_itinerary-r001,bursty_same_ttfa,synthetic-validation-v1,long_itinerary,40.0,1,541.5606002722305,547.732978303992,6.172378031761468
bursty_same_ttfa-long_itinerary-r001,bursty_same_ttfa,synthetic-validation-v1,long_itinerary,40.0,2,787.732978303992,804.4545560102056,16.721577706213566
bursty_same_ttfa-long_itinerary-r001,bursty_same_ttfa,synthetic-validation-v1,long_itinerary,40.0,3,1044.4545560102056,1056.5014943338263,12.04693832362068
bursty_same_ttfa-long_itinerary-r001,bursty_same_ttfa,synthetic-validation-v1,long_itinerary,80.0,0,224.11175617696802,301.56060027223054,77.44884409526253
bursty_same_ttfa-long_itinerary-r001,bursty_same_ttfa,synthetic-validation-v1,long_itinerary,80.0,1,541.5606002722305,547.732978303992,6.172378031761468
bursty_same_ttfa-long_itinerary-r001,bursty_same_ttfa,synthetic-validation-v1,long_itinerary,80.0,2,787.732978303992,804.4545560102056,16.721577706213566
bursty_same_ttfa-long_itinerary-r001,bursty_same_ttfa,synthetic-validation-v1,long_itinerary,80.0,3,1044.4545560102056,1056.5014943338263,12.04693832362068
bursty_same_ttfa-long_itinerary-r002,bursty_same_ttfa,synthetic-validation-v1,long_itinerary,0.0,0,208.87561218055055,308.7191212415145,99.84350906096392
bursty_same_ttfa-long_itinerary-r002,bursty_same_ttfa,synthetic-validation-v1,long_itinerary,0.0,1,1268.7191212415146,1285.3509036078847,16.63178236637009
bursty_same_ttfa-long_itinerary-r002,bursty_same_ttfa,synthetic-validation-v1,long_itinerary,20.0,0,208.87561218055055,308.7191212415145,99.84350906096392
bursty_same_ttfa-long_itinerary-r002,bursty_same_ttfa,synthetic-validation-v1,long_itinerary,20.0,1,1268.7191212415146,1285.3509036078847,16.63178236637009
bursty_same_ttfa-long_itinerary-r002,bursty_same_ttfa,synthetic-validation-v1,long_itinerary,40.0,0,208.87561218055055,308.7191212415145,99.84350906096392
bursty_same_ttfa-long_itinerary-r002,bursty_same_ttfa,synthetic-validation-v1,long_itinerary,40.0,1,1268.7191212415146,1285.3509036078847,16.63178236637009
bursty_same_ttfa-long_itinerary-r002,bursty_same_ttfa,synthetic-validation-v1,long_itinerary,80.0,0,229.87951637220857,308.7191212415145,78.8396048693059
bursty_same_ttfa-long_itinerary-r002,bursty_same_ttfa,synthetic-validation-v1,long_itinerary,80.0,1,1268.7191212415146,1285.3509036078847,16.63178236637009
bursty_same_ttfa-long_itinerary-r003,bursty_same_ttfa,synthetic-validation-v1,long_itinerary,0.0,0,197.14490074724608,287.0730760452744,89.9281752980283
bursty_same_ttfa-long_itinerary-r003,bursty_same_ttfa,synthetic-validation-v1,long_itinerary,0.0,1,527.0730760452743,534.713239815691,7.640163770416734
bursty_same_ttfa-long_itinerary-r003,bursty_same_ttfa,synthetic-validation-v1,long_itinerary,0.0,2,774.713239815691,780.5235911781423,5.810351362451229
bursty_same_ttfa-long_itinerary-r003,bursty_same_ttfa,synthetic-validation-v1,long_itinerary,0.0,3,1020.5235911781423,1034.3241508065971,13.800559628454835
bursty_same_ttfa-long_itinerary-r003,bursty_same_ttfa,synthetic-validation-v1,long_itinerary,0.0,4,1274.3241508065971,1276.2040210930215,1.8798702864244206
bursty_same_ttfa-long_itinerary-r003,bursty_same_ttfa,synthetic-validation-v1,long_itinerary,0.0,5,1516.2040210930215,1519.344942964878,3.1409218718565626
bursty_same_ttfa-long_itinerary-r003,bursty_same_ttfa,synthetic-validation-v1,long_itinerary,20.0,0,197.14490074724608,287.0730760452744,89.9281752980283
bursty_same_ttfa-long_itinerary-r003,bursty_same_ttfa,synthetic-validation-v1,long_itinerary,20.0,1,527.0730760452743,534.713239815691,7.640163770416734
bursty_same_ttfa-long_itinerary-r003,bursty_same_ttfa,synthetic-validation-v1,long_itinerary,20.0,2,774.713239815691,780.5235911781423,5.810351362451229
bursty_same_ttfa-long_itinerary-r003,bursty_same_ttfa,synthetic-validation-v1,long_itinerary,20.0,3,1020.5235911781423,1034.3241508065971,13.800559628454835
bursty_same_ttfa-long_itinerary-r003,bursty_same_ttfa,synthetic-validation-v1,long_itinerary,20.0,4,1274.3241508065971,1276.2040210930215,1.8798702864244206
bursty_same_ttfa-long_itinerary-r003,bursty_same_ttfa,synthetic-validation-v1,long_itinerary,20.0,5,1516.2040210930215,1519.344942964878,3.1409218718565626
bursty_same_ttfa-long_itinerary-r003,bursty_same_ttfa,synthetic-validation-v1,long_itinerary,40.0,0,197.14490074724608,287.0730760452744,89.9281752980283
bursty_same_ttfa-long_itinerary-r003,bursty_same_ttfa,synthetic-validation-v1,long_itinerary,40.0,1,527.0730760452743,534.713239815691,7.640163770416734
bursty_same_ttfa-long_itinerary-r003,bursty_same_ttfa,synthetic-validation-v1,long_itinerary,40.0,2,774.713239815691,780.5235911781423,5.810351362451229
bursty_same_ttfa-long_itinerary-r003,bursty_same_ttfa,synthetic-validation-v1,long_itinerary,40.0,3,1020.5235911781423,1034.3241508065971,13.800559628454835
bursty_same_ttfa-long_itinerary-r003,bursty_same_ttfa,synthetic-validation-v1,long_itinerary,40.0,4,1274.3241508065971,1276.2040210930215,1.8798702864244206
bursty_same_ttfa-long_itinerary-r003,bursty_same_ttfa,synthetic-validation-v1,long_itinerary,40.0,5,1516.2040210930215,1519.344942964878,3.1409218718565626
bursty_same_ttfa-long_itinerary-r003,bursty_same_ttfa,synthetic-validation-v1,long_itinerary,80.0,0,214.78341090321507,287.0730760452744,72.2896651420593
bursty_same_ttfa-long_itinerary-r003,bursty_same_ttfa,synthetic-validation-v1,long_itinerary,80.0,1,527.0730760452743,534.713239815691,7.640163770416734
bursty_same_ttfa-long_itinerary-r003,bursty_same_ttfa,synthetic-validation-v1,long_itinerary,80.0,2,774.713239815691,780.5235911781423,5.810351362451229
bursty_same_ttfa-long_itinerary-r003,bursty_same_ttfa,synthetic-validation-v1,long_itinerary,80.0,3,1020.5235911781423,1034.3241508065971,13.800559628454835
bursty_same_ttfa-long_itinerary-r003,bursty_same_ttfa,synthetic-validation-v1,long_itinerary,80.0,4,1274.3241508065971,1276.2040210930215,1.8798702864244206
bursty_same_ttfa-long_itinerary-r003,bursty_same_ttfa,synthetic-validation-v1,long_itinerary,80.0,5,1516.2040210930215,1519.344942964878,3.1409218718565626
bursty_same_ttfa-long_itinerary-r004,bursty_same_ttfa,synthetic-validation-v1,long_itinerary,0.0,0,196.8735528269862,292.6337480021308,95.76019517514459
bursty_same_ttfa-long_itinerary-r004,bursty_same_ttfa,synthetic-validation-v1,long_itinerary,0.0,1,532.6337480021308,542.0699982848002,9.436250282669448
bursty_same_ttfa-long_itinerary-r004,bursty_same_ttfa,synthetic-validation-v1,long_itinerary,0.0,2,782.0699982848002,787.6273649443856,5.557366659585341
bursty_same_ttfa-long_itinerary-r004,bursty_same_ttfa,synthetic-validation-v1,long_itinerary,0.0,3,1027.6273649443856,1044.244285192617,16.61692024823151
bursty_same_ttfa-long_itinerary-r004,bursty_same_ttfa,synthetic-validation-v1,long_itinerary,0.0,4,1284.244285192617,1287.1493235159323,2.905038323315239
bursty_same_ttfa-long_itinerary-r004,bursty_same_ttfa,synthetic-validation-v1,long_itinerary,0.0,5,1527.1493235159323,1529.4630920131708,2.3137684972384704
bursty_same_ttfa-long_itinerary-r004,bursty_same_ttfa,synthetic-validation-v1,long_itinerary,20.0,0,196.8735528269862,292.6337480021308,95.76019517514459
bursty_same_ttfa-long_itinerary-r004,bursty_same_ttfa,synthetic-validation-v1,long_itinerary,20.0,1,532.6337480021308,542.0699982848002,9.436250282669448
bursty_same_ttfa-long_itinerary-r004,bursty_same_ttfa,synthetic-validation-v1,long_itinerary,20.0,2,782.0699982848002,787.6273649443856,5.557366659585341
bursty_same_ttfa-long_itinerary-r004,bursty_same_ttfa,synthetic-validation-v1,long_itinerary,20.0,3,1027.6273649443856,1044.244285192617,16.61692024823151
bursty_same_ttfa-long_itinerary-r004,bursty_same_ttfa,synthetic-validation-v1,long_itinerary,20.0,4,1284.244285192617,1287.1493235159323,2.905038323315239
bursty_same_ttfa-long_itinerary-r004,bursty_same_ttfa,synthetic-validation-v1,long_itinerary,20.0,5,1527.1493235159323,1529.4630920131708,2.3137684972384704
bursty_same_ttfa-long_itinerary-r004,bursty_same_ttfa,synthetic-validation-v1,long_itinerary,40.0,0,196.8735528269862,292.6337480021308,95.76019517514459
bursty_same_ttfa-long_itinerary-r004,bursty_same_ttfa,synthetic-validation-v1,long_itinerary,40.0,1,532.6337480021308,542.0699982848002,9.436250282669448
bursty_same_ttfa-long_itinerary-r004,bursty_same_ttfa,synthetic-validation-v1,long_itinerary,40.0,2,782.0699982848002,787.6273649443856,5.557366659585341
bursty_same_ttfa-long_itinerary-r004,bursty_same_ttfa,synthetic-validation-v1,long_itinerary,40.0,3,1027.6273649443856,1044.244285192617,16.61692024823151
bursty_same_ttfa-long_itinerary-r004,bursty_same_ttfa,synthetic-validation-v1,long_itinerary,40.0,4,1284.244285192617,1287.1493235159323,2.905038323315239
bursty_same_ttfa-long_itinerary-r004,bursty_same_ttfa,synthetic-validation-v1,long_itinerary,40.0,5,1527.1493235159323,1529.4630920131708,2.3137684972384704
bursty_same_ttfa-long_itinerary-r004,bursty_same_ttfa,synthetic-validation-v1,long_itinerary,80.0,0,217.00210265435183,292.6337480021308,75.63164534777897
bursty_same_ttfa-long_itinerary-r004,bursty_same_ttfa,synthetic-validation-v1,long_itinerary,80.0,1,532.6337480021308,542.0699982848002,9.436250282669448
bursty_same_ttfa-long_itinerary-r004,bursty_same_ttfa,synthetic-validation-v1,long_itinerary,80.0,2,782.0699982848002,787.6273649443856,5.557366659585341
bursty_same_ttfa-long_itinerary-r004,bursty_same_ttfa,synthetic-validation-v1,long_itinerary,80.0,3,1027.6273649443856,1044.244285192617,16.61692024823151
bursty_same_ttfa-long_itinerary-r004,bursty_same_ttfa,synthetic-validation-v1,long_itinerary,80.0,4,1284.244285192617,1287.1493235159323,2.905038323315239
bursty_same_ttfa-long_itinerary-r004,bursty_same_ttfa,synthetic-validation-v1,long_itinerary,80.0,5,1527.1493235159323,1529.4630920131708,2.3137684972384704
bursty_same_ttfa-long_itinerary-r005,bursty_same_ttfa,synthetic-validation-v1,long_itinerary,0.0,0,204.61340233226633,295.22106492051523,90.6076625882489
bursty_same_ttfa-long_itinerary-r005,bursty_same_ttfa,synthetic-validation-v1,long_itinerary,0.0,1,535.2210649205152,539.8715746594011,4.65050973888583
bursty_same_ttfa-long_itinerary-r005,bursty_same_ttfa,synthetic-validation-v1,long_itinerary,0.0,2,1019.8715746594011,1032.7229130003798,12.851338340978714
bursty_same_ttfa-long_itinerary-r005,bursty_same_ttfa,synthetic-validation-v1,long_itinerary,0.0,3,1272.7229130003798,1288.4523372930291,15.729424292649355
bursty_same_ttfa-long_itinerary-r005,bursty_same_ttfa,synthetic-validation-v1,long_itinerary,20.0,0,204.61340233226633,295.22106492051523,90.6076625882489
bursty_same_ttfa-long_itinerary-r005,bursty_same_ttfa,synthetic-validation-v1,long_itinerary,20.0,1,535.2210649205152,539.8715746594011,4.65050973888583
bursty_same_ttfa-long_itinerary-r005,bursty_same_ttfa,synthetic-validation-v1,long_itinerary,20.0,2,1019.8715746594011,1032.7229130003798,12.851338340978714
bursty_same_ttfa-long_itinerary-r005,bursty_same_ttfa,synthetic-validation-v1,long_itinerary,20.0,3,1272.7229130003798,1288.4523372930291,15.729424292649355
bursty_same_ttfa-long_itinerary-r005,bursty_same_ttfa,synthetic-validation-v1,long_itinerary,40.0,0,204.61340233226633,295.22106492051523,90.6076625882489
bursty_same_ttfa-long_itinerary-r005,bursty_same_ttfa,synthetic-validation-v1,long_itinerary,40.0,1,535.2210649205152,539.8715746594011,4.65050973888583
bursty_same_ttfa-long_itinerary-r005,bursty_same_ttfa,synthetic-validation-v1,long_itinerary,40.0,2,1019.8715746594011,1032.7229130003798,12.851338340978714
bursty_same_ttfa-long_itinerary-r005,bursty_same_ttfa,synthetic-validation-v1,long_itinerary,40.0,3,1272.7229130003798,1288.4523372930291,15.729424292649355
bursty_same_ttfa-long_itinerary-r005,bursty_same_ttfa,synthetic-validation-v1,long_itinerary,80.0,0,219.29707236986312,295.22106492051523,75.92399255065212
bursty_same_ttfa-long_itinerary-r005,bursty_same_ttfa,synthetic-validation-v1,long_itinerary,80.0,1,535.2210649205152,539.8715746594011,4.65050973888583
bursty_same_ttfa-long_itinerary-r005,bursty_same_ttfa,synthetic-validation-v1,long_itinerary,80.0,2,1019.8715746594011,1032.7229130003798,12.851338340978714
bursty_same_ttfa-long_itinerary-r005,bursty_same_ttfa,synthetic-validation-v1,long_itinerary,80.0,3,1272.7229130003798,1288.4523372930291,15.729424292649355
bursty_same_ttfa-long_itinerary-r006,bursty_same_ttfa,synthetic-validation-v1,long_itinerary,0.0,0,199.84892884764076,301.483494717456,101.63456586981522
bursty_same_ttfa-long_itinerary-r006,bursty_same_ttfa,synthetic-validation-v1,long_itinerary,0.0,1,541.483494717456,547.4776263716906,5.994131654234593
bursty_same_ttfa-long_itinerary-r006,bursty_same_ttfa,synthetic-validation-v1,long_itinerary,0.0,2,1027.4776263716906,1030.1251562824639,2.647529910773301
bursty_same_ttfa-long_itinerary-r006,bursty_same_ttfa,synthetic-validation-v1,long_itinerary,0.0,3,1270.1251562824639,1285.0028351184976,14.877678836033738
bursty_same_ttfa-long_itinerary-r006,bursty_same_ttfa,synthetic-validation-v1,long_itinerary,0.0,4,1525.0028351184976,1527.3931067596586,2.390271641161007
bursty_same_ttfa-long_itinerary-r006,bursty_same_ttfa,synthetic-validation-v1,long_itinerary,20.0,0,199.84892884764076,301.483494717456,101.63456586981522
bursty_same_ttfa-long_itinerary-r006,bursty_same_ttfa,synthetic-validation-v1,long_itinerary,20.0,1,541.483494717456,547.4776263716906,5.994131654234593
bursty_same_ttfa-long_itinerary-r006,bursty_same_ttfa,synthetic-validation-v1,long_itinerary,20.0,2,1027.4776263716906,1030.1251562824639,2.647529910773301
bursty_same_ttfa-long_itinerary-r006,bursty_same_ttfa,synthetic-validation-v1,long_itinerary,20.0,3,1270.1251562824639,1285.0028351184976,14.877678836033738
bursty_same_ttfa-long_itinerary-r006,bursty_same_ttfa,synthetic-validation-v1,long_itinerary,20.0,4,1525.0028351184976,1527.3931067596586,2.390271641161007
bursty_same_ttfa-long_itinerary-r006,bursty_same_ttfa,synthetic-validation-v1,long_itinerary,40.0,0,199.84892884764076,301.483494717456,101.63456586981522
bursty_same_ttfa-long_itinerary-r006,bursty_same_ttfa,synthetic-validation-v1,long_itinerary,40.0,1,541.483494717456,547.4776263716906,5.994131654234593
bursty_same_ttfa-long_itinerary-r006,bursty_same_ttfa,synthetic-validation-v1,long_itinerary,40.0,2,1027.4776263716906,1030.1251562824639,2.647529910773301
bursty_same_ttfa-long_itinerary-r006,bursty_same_ttfa,synthetic-validation-v1,long_itinerary,40.0,3,1270.1251562824639,1285.0028351184976,14.877678836033738
bursty_same_ttfa-long_itinerary-r006,bursty_same_ttfa,synthetic-validation-v1,long_itinerary,40.0,4,1525.0028351184976,1527.3931067596586,2.390271641161007
bursty_same_ttfa-long_itinerary-r006,bursty_same_ttfa,synthetic-validation-v1,long_itinerary,80.0,0,222.1306005443682,301.483494717456,79.35289417308778
bursty_same_ttfa-long_itinerary-r006,bursty_same_ttfa,synthetic-validation-v1,long_itinerary,80.0,1,541.483494717456,547.4776263716906,5.994131654234593
bursty_same_ttfa-long_itinerary-r006,bursty_same_ttfa,synthetic-validation-v1,long_itinerary,80.0,2,1027.4776263716906,1030.1251562824639,2.647529910773301
bursty_same_ttfa-long_itinerary-r006,bursty_same_ttfa,synthetic-validation-v1,long_itinerary,80.0,3,1270.1251562824639,1285.0028351184976,14.877678836033738
bursty_same_ttfa-long_itinerary-r006,bursty_same_ttfa,synthetic-validation-v1,long_itinerary,80.0,4,1525.0028351184976,1527.3931067596586,2.390271641161007
bursty_same_ttfa-long_itinerary-r007,bursty_same_ttfa,synthetic-validation-v1,long_itinerary,0.0,0,210.36199986690687,308.31452311373243,97.95252324682556
bursty_same_ttfa-long_itinerary-r007,bursty_same_ttfa,synthetic-validation-v1,long_itinerary,0.0,1,548.3145231137324,558.9091543022107,10.594631188478274
bursty_same_ttfa-long_itinerary-r007,bursty_same_ttfa,synthetic-validation-v1,long_itinerary,0.0,2,798.9091543022107,805.384882278186,6.475727975975246
bursty_same_ttfa-long_itinerary-r007,bursty_same_ttfa,synthetic-validation-v1,long_itinerary,20.0,0,210.36199986690687,308.31452311373243,97.95252324682556
bursty_same_ttfa-long_itinerary-r007,bursty_same_ttfa,synthetic-validation-v1,long_itinerary,20.0,1,548.3145231137324,558.9091543022107,10.594631188478274
bursty_same_ttfa-long_itinerary-r007,bursty_same_ttfa,synthetic-validation-v1,long_itinerary,20.0,2,798.9091543022107,805.384882278186,6.475727975975246
bursty_same_ttfa-long_itinerary-r007,bursty_same_ttfa,synthetic-validation-v1,long_itinerary,40.0,0,210.36199986690687,308.31452311373243,97.95252324682556
bursty_same_ttfa-long_itinerary-r007,bursty_same_ttfa,synthetic-validation-v1,long_itinerary,40.0,1,548.3145231137324,558.9091543022107,10.594631188478274
bursty_same_ttfa-long_itinerary-r007,bursty_same_ttfa,synthetic-validation-v1,long_itinerary,40.0,2,798.9091543022107,805.384882278186,6.475727975975246
bursty_same_ttfa-long_itinerary-r007,bursty_same_ttfa,synthetic-validation-v1,long_itinerary,80.0,0,233.14411643727993,308.31452311373243,75.1704066764525
bursty_same_ttfa-long_itinerary-r007,bursty_same_ttfa,synthetic-validation-v1,long_itinerary,80.0,1,548.3145231137324,558.9091543022107,10.594631188478274
bursty_same_ttfa-long_itinerary-r007,bursty_same_ttfa,synthetic-validation-v1,long_itinerary,80.0,2,798.9091543022107,805.384882278186,6.475727975975246
bursty_same_ttfa-long_itinerary-r008,bursty_same_ttfa,synthetic-validation-v1,long_itinerary,0.0,0,219.1507994545895,312.0347167658365,92.88391731124699
bursty_same_ttfa-long_itinerary-r008,bursty_same_ttfa,synthetic-validation-v1,long_itinerary,0.0,1,792.0347167658365,794.2259572577639,2.191240491927374
bursty_same_ttfa-long_itinerary-r008,bursty_same_ttfa,synthetic-validation-v1,long_itinerary,0.0,2,1034.2259572577639,1036.5146241678203,2.288666910056463
bursty_same_ttfa-long_itinerary-r008,bursty_same_ttfa,synthetic-validation-v1,long_itinerary,0.0,3,1276.5146241678203,1282.4052828518104,5.890658683990068
bursty_same_ttfa-long_itinerary-r008,bursty_same_ttfa,synthetic-validation-v1,long_itinerary,0.0,4,1522.4052828518104,1527.2806229538166,4.875340102006248
bursty_same_ttfa-long_itinerary-r008,bursty_same_ttfa,synthetic-validation-v1,long_itinerary,20.0,0,219.1507994545895,312.0347167658365,92.88391731124699
bursty_same_ttfa-long_itinerary-r008,bursty_same_ttfa,synthetic-validation-v1,long_itinerary,20.0,1,792.0347167658365,794.2259572577639,2.191240491927374
bursty_same_ttfa-long_itinerary-r008,bursty_same_ttfa,synthetic-validation-v1,long_itinerary,20.0,2,1034.2259572577639,1036.5146241678203,2.288666910056463
bursty_same_ttfa-long_itinerary-r008,bursty_same_ttfa,synthetic-validation-v1,long_itinerary,20.0,3,1276.5146241678203,1282.4052828518104,5.890658683990068
bursty_same_ttfa-long_itinerary-r008,bursty_same_ttfa,synthetic-validation-v1,long_itinerary,20.0,4,1522.4052828518104,1527.2806229538166,4.875340102006248
bursty_same_ttfa-long_itinerary-r008,bursty_same_ttfa,synthetic-validation-v1,long_itinerary,40.0,0,219.1507994545895,312.0347167658365,92.88391731124699
bursty_same_ttfa-long_itinerary-r008,bursty_same_ttfa,synthetic-validation-v1,long_itinerary,40.0,1,792.0347167658365,794.2259572577639,2.191240491927374
bursty_same_ttfa-long_itinerary-r008,bursty_same_ttfa,synthetic-validation-v1,long_itinerary,40.0,2,1034.2259572577639,1036.5146241678203,2.288666910056463
bursty_same_ttfa-long_itinerary-r008,bursty_same_ttfa,synthetic-validation-v1,long_itinerary,40.0,3,1276.5146241678203,1282.4052828518104,5.890658683990068
bursty_same_ttfa-long_itinerary-r008,bursty_same_ttfa,synthetic-validation-v1,long_itinerary,40.0,4,1522.4052828518104,1527.2806229538166,4.875340102006248
bursty_same_ttfa-long_itinerary-r008,bursty_same_ttfa,synthetic-validation-v1,long_itinerary,80.0,0,238.83320563481817,312.0347167658365,73.20151113101832
bursty_same_ttfa-long_itinerary-r008,bursty_same_ttfa,synthetic-validation-v1,long_itinerary,80.0,1,792.0347167658365,794.2259572577639,2.191240491927374
bursty_same_ttfa-long_itinerary-r008,bursty_same_ttfa,synthetic-validation-v1,long_itinerary,80.0,2,1034.2259572577639,1036.5146241678203,2.288666910056463
bursty_same_ttfa-long_itinerary-r008,bursty_same_ttfa,synthetic-validation-v1,long_itinerary,80.0,3,1276.5146241678203,1282.4052828518104,5.890658683990068
bursty_same_ttfa-long_itinerary-r008,bursty_same_ttfa,synthetic-validation-v1,long_itinerary,80.0,4,1522.4052828518104,1527.2806229538166,4.875340102006248
bursty_same_ttfa-long_itinerary-r009,bursty_same_ttfa,synthetic-validation-v1,long_itinerary,0.0,0,206.46440092435495,299.09747176247754,92.63307083812259
bursty_same_ttfa-long_itinerary-r009,bursty_same_ttfa,synthetic-validation-v1,long_itinerary,0.0,1,539.0974717624775,544.4688503666308,5.3713786041532785
bursty_same_ttfa-long_itinerary-r009,bursty_same_ttfa,synthetic-validation-v1,long_itinerary,0.0,2,784.4688503666308,806.9318446982173,22.462994331586515
bursty_same_ttfa-long_itinerary-r009,bursty_same_ttfa,synthetic-validation-v1,long_itinerary,0.0,3,1046.9318446982174,1052.305585699449,5.373741001231565
bursty_same_ttfa-long_itinerary-r009,bursty_same_ttfa,synthetic-validation-v1,long_itinerary,0.0,4,1292.305585699449,1306.5927403843302,14.287154684881216
bursty_same_ttfa-long_itinerary-r009,bursty_same_ttfa,synthetic-validation-v1,long_itinerary,0.0,5,1546.5927403843302,1551.868287249633,5.275546865302886
bursty_same_ttfa-long_itinerary-r009,bursty_same_ttfa,synthetic-validation-v1,long_itinerary,20.0,0,206.46440092435495,299.09747176247754,92.63307083812259
bursty_same_ttfa-long_itinerary-r009,bursty_same_ttfa,synthetic-validation-v1,long_itinerary,20.0,1,539.0974717624775,544.4688503666308,5.3713786041532785
bursty_same_ttfa-long_itinerary-r009,bursty_same_ttfa,synthetic-validation-v1,long_itinerary,20.0,2,784.4688503666308,806.9318446982173,22.462994331586515
bursty_same_ttfa-long_itinerary-r009,bursty_same_ttfa,synthetic-validation-v1,long_itinerary,20.0,3,1046.9318446982174,1052.305585699449,5.373741001231565
bursty_same_ttfa-long_itinerary-r009,bursty_same_ttfa,synthetic-validation-v1,long_itinerary,20.0,4,1292.305585699449,1306.5927403843302,14.287154684881216
bursty_same_ttfa-long_itinerary-r009,bursty_same_ttfa,synthetic-validation-v1,long_itinerary,20.0,5,1546.5927403843302,1551.868287249633,5.275546865302886
bursty_same_ttfa-long_itinerary-r009,bursty_same_ttfa,synthetic-validation-v1,long_itinerary,40.0,0,206.46440092435495,299.09747176247754,92.63307083812259
bursty_same_ttfa-long_itinerary-r009,bursty_same_ttfa,synthetic-validation-v1,long_itinerary,40.0,1,539.0974717624775,544.4688503666308,5.3713786041532785
bursty_same_ttfa-long_itinerary-r009,bursty_same_ttfa,synthetic-validation-v1,long_itinerary,40.0,2,784.4688503666308,806.9318446982173,22.462994331586515
bursty_same_ttfa-long_itinerary-r009,bursty_same_ttfa,synthetic-validation-v1,long_itinerary,40.0,3,1046.9318446982174,1052.305585699449,5.373741001231565
bursty_same_ttfa-long_itinerary-r009,bursty_same_ttfa,synthetic-validation-v1,long_itinerary,40.0,4,1292.305585699449,1306.5927403843302,14.287154684881216
bursty_same_ttfa-long_itinerary-r009,bursty_same_ttfa,synthetic-validation-v1,long_itinerary,40.0,5,1546.5927403843302,1551.868287249633,5.275546865302886
bursty_same_ttfa-long_itinerary-r009,bursty_same_ttfa,synthetic-validation-v1,long_itinerary,80.0,0,225.2019420581813,299.09747176247754,73.89552970429625
bursty_same_ttfa-long_itinerary-r009,bursty_same_ttfa,synthetic-validation-v1,long_itinerary,80.0,1,539.0974717624775,544.4688503666308,5.3713786041532785
bursty_same_ttfa-long_itinerary-r009,bursty_same_ttfa,synthetic-validation-v1,long_itinerary,80.0,2,784.4688503666308,806.9318446982173,22.462994331586515
bursty_same_ttfa-long_itinerary-r009,bursty_same_ttfa,synthetic-validation-v1,long_itinerary,80.0,3,1046.9318446982174,1052.305585699449,5.373741001231565
bursty_same_ttfa-long_itinerary-r009,bursty_same_ttfa,synthetic-validation-v1,long_itinerary,80.0,4,1292.305585699449,1306.5927403843302,14.287154684881216
bursty_same_ttfa-long_itinerary-r009,bursty_same_ttfa,synthetic-validation-v1,long_itinerary,80.0,5,1546.5927403843302,1551.868287249633,5.275546865302886
bursty_same_ttfa-long_itinerary-r010,bursty_same_ttfa,synthetic-validation-v1,long_itinerary,0.0,0,208.91183415963033,312.12441959965844,103.2125854400281
bursty_same_ttfa-long_itinerary-r010,bursty_same_ttfa,synthetic-validation-v1,long_itinerary,0.0,1,552.1244195996585,552.7209791338629,0.5965595342044026
bursty_same_ttfa-long_itinerary-r010,bursty_same_ttfa,synthetic-validation-v1,long_itinerary,0.0,2,792.7209791338629,814.1326850314103,21.41170589754745
bursty_same_ttfa-long_itinerary-r010,bursty_same_ttfa,synthetic-validation-v1,long_itinerary,0.0,3,1054.1326850314103,1060.3054921649891,6.172807133578772
bursty_same_ttfa-long_itinerary-r010,bursty_same_ttfa,synthetic-validation-v1,long_itinerary,0.0,4,1300.3054921649891,1313.2523462180088,12.946854053019706
bursty_same_ttfa-long_itinerary-r010,bursty_same_ttfa,synthetic-validation-v1,long_itinerary,20.0,0,208.91183415963033,312.12441959965844,103.2125854400281
bursty_same_ttfa-long_itinerary-r010,bursty_same_ttfa,synthetic-validation-v1,long_itinerary,20.0,1,552.1244195996585,552.7209791338629,0.5965595342044026
bursty_same_ttfa-long_itinerary-r010,bursty_same_ttfa,synthetic-validation-v1,long_itinerary,20.0,2,792.7209791338629,814.1326850314103,21.41170589754745
bursty_same_ttfa-long_itinerary-r010,bursty_same_ttfa,synthetic-validation-v1,long_itinerary,20.0,3,1054.1326850314103,1060.3054921649891,6.172807133578772
bursty_same_ttfa-long_itinerary-r010,bursty_same_ttfa,synthetic-validation-v1,long_itinerary,20.0,4,1300.3054921649891,1313.2523462180088,12.946854053019706
bursty_same_ttfa-long_itinerary-r010,bursty_same_ttfa,synthetic-validation-v1,long_itinerary,40.0,0,208.91183415963033,312.12441959965844,103.2125854400281
bursty_same_ttfa-long_itinerary-r010,bursty_same_ttfa,synthetic-validation-v1,long_itinerary,40.0,1,552.1244195996585,552.7209791338629,0.5965595342044026
bursty_same_ttfa-long_itinerary-r010,bursty_same_ttfa,synthetic-validation-v1,long_itinerary,40.0,2,792.7209791338629,814.1326850314103,21.41170589754745
bursty_same_ttfa-long_itinerary-r010,bursty_same_ttfa,synthetic-validation-v1,long_itinerary,40.0,3,1054.1326850314103,1060.3054921649891,6.172807133578772
bursty_same_ttfa-long_itinerary-r010,bursty_same_ttfa,synthetic-validation-v1,long_itinerary,40.0,4,1300.3054921649891,1313.2523462180088,12.946854053019706
bursty_same_ttfa-long_itinerary-r010,bursty_same_ttfa,synthetic-validation-v1,long_itinerary,80.0,0,228.91091119079135,312.12441959965844,83.21350840886709
bursty_same_ttfa-long_itinerary-r010,bursty_same_ttfa,synthetic-validation-v1,long_itinerary,80.0,1,552.1244195996585,552.7209791338629,0.5965595342044026
bursty_same_ttfa-long_itinerary-r010,bursty_same_ttfa,synthetic-validation-v1,long_itinerary,80.0,2,792.7209791338629,814.1326850314103,21.41170589754745
bursty_same_ttfa-long_itinerary-r010,bursty_same_ttfa,synthetic-validation-v1,long_itinerary,80.0,3,1054.1326850314103,1060.3054921649891,6.172807133578772
bursty_same_ttfa-long_itinerary-r010,bursty_same_ttfa,synthetic-validation-v1,long_itinerary,80.0,4,1300.3054921649891,1313.2523462180088,12.946854053019706
bursty_same_ttfa-long_itinerary-r011,bursty_same_ttfa,synthetic-validation-v1,long_itinerary,0.0,0,197.06118864484944,291.2955585855366,94.23436994068715
bursty_same_ttfa-long_itinerary-r011,bursty_same_ttfa,synthetic-validation-v1,long_itinerary,20.0,0,197.06118864484944,291.2955585855366,94.23436994068715
bursty_same_ttfa-long_itinerary-r011,bursty_same_ttfa,synthetic-validation-v1,long_itinerary,40.0,0,197.06118864484944,291.2955585855366,94.23436994068715
bursty_same_ttfa-long_itinerary-r011,bursty_same_ttfa,synthetic-validation-v1,long_itinerary,80.0,0,214.60259251206568,291.2955585855366,76.6929660734709
bursty_same_ttfa-long_itinerary-r012,bursty_same_ttfa,synthetic-validation-v1,long_itinerary,0.0,0,207.90610546578364,298.98657624735205,91.08047078156841
bursty_same_ttfa-long_itinerary-r012,bursty_same_ttfa,synthetic-validation-v1,long_itinerary,0.0,1,538.9865762473521,559.1073410088572,20.120764761505143
bursty_same_ttfa-long_itinerary-r012,bursty_same_ttfa,synthetic-validation-v1,long_itinerary,0.0,2,799.1073410088572,800.3093117807975,1.201970771940296
bursty_same_ttfa-long_itinerary-r012,bursty_same_ttfa,synthetic-validation-v1,long_itinerary,0.0,3,1280.3093117807975,1298.5323596559147,18.223047875117118
bursty_same_ttfa-long_itinerary-r012,bursty_same_ttfa,synthetic-validation-v1,long_itinerary,0.0,4,1538.5323596559147,1549.7437548349321,11.211395179017472
bursty_same_ttfa-long_itinerary-r012,bursty_same_ttfa,synthetic-validation-v1,long_itinerary,20.0,0,207.90610546578364,298.98657624735205,91.08047078156841
bursty_same_ttfa-long_itinerary-r012,bursty_same_ttfa,synthetic-validation-v1,long_itinerary,20.0,1,538.9865762473521,559.1073410088572,20.120764761505143
bursty_same_ttfa-long_itinerary-r012,bursty_same_ttfa,synthetic-validation-v1,long_itinerary,20.0,2,799.1073410088572,800.3093117807975,1.201970771940296
bursty_same_ttfa-long_itinerary-r012,bursty_same_ttfa,synthetic-validation-v1,long_itinerary,20.0,3,1280.3093117807975,1298.5323596559147,18.223047875117118
bursty_same_ttfa-long_itinerary-r012,bursty_same_ttfa,synthetic-validation-v1,long_itinerary,20.0,4,1538.5323596559147,1549.7437548349321,11.211395179017472
bursty_same_ttfa-long_itinerary-r012,bursty_same_ttfa,synthetic-validation-v1,long_itinerary,40.0,0,207.90610546578364,298.98657624735205,91.08047078156841
bursty_same_ttfa-long_itinerary-r012,bursty_same_ttfa,synthetic-validation-v1,long_itinerary,40.0,1,538.9865762473521,559.1073410088572,20.120764761505143
bursty_same_ttfa-long_itinerary-r012,bursty_same_ttfa,synthetic-validation-v1,long_itinerary,40.0,2,799.1073410088572,800.3093117807975,1.201970771940296
bursty_same_ttfa-long_itinerary-r012,bursty_same_ttfa,synthetic-validation-v1,long_itinerary,40.0,3,1280.3093117807975,1298.5323596559147,18.223047875117118
bursty_same_ttfa-long_itinerary-r012,bursty_same_ttfa,synthetic-validation-v1,long_itinerary,40.0,4,1538.5323596559147,1549.7437548349321,11.211395179017472
bursty_same_ttfa-long_itinerary-r012,bursty_same_ttfa,synthetic-validation-v1,long_itinerary,80.0,0,228.23060271341382,298.98657624735205,70.75597353393823
bursty_same_ttfa-long_itinerary-r012,bursty_same_ttfa,synthetic-validation-v1,long_itinerary,80.0,1,538.9865762473521,559.1073410088572,20.120764761505143
bursty_same_ttfa-long_itinerary-r012,bursty_same_ttfa,synthetic-validation-v1,long_itinerary,80.0,2,799.1073410088572,800.3093117807975,1.201970771940296
bursty_same_ttfa-long_itinerary-r012,bursty_same_ttfa,synthetic-validation-v1,long_itinerary,80.0,3,1280.3093117807975,1298.5323596559147,18.223047875117118
bursty_same_ttfa-long_itinerary-r012,bursty_same_ttfa,synthetic-validation-v1,long_itinerary,80.0,4,1538.5323596559147,1549.7437548349321,11.211395179017472
bursty_same_ttfa-long_itinerary-r013,bursty_same_ttfa,synthetic-validation-v1,long_itinerary,0.0,0,216.15852234978288,307.31855471518367,91.16003236540078
bursty_same_ttfa-long_itinerary-r013,bursty_same_ttfa,synthetic-validation-v1,long_itinerary,0.0,1,1027.3185547151836,1032.8502400978657,5.531685382682099
bursty_same_ttfa-long_itinerary-r013,bursty_same_ttfa,synthetic-validation-v1,long_itinerary,0.0,2,1272.8502400978657,1283.811003811392,10.960763713526376
bursty_same_ttfa-long_itinerary-r013,bursty_same_ttfa,synthetic-validation-v1,long_itinerary,0.0,3,1523.811003811392,1539.922328389744,16.11132457835197
bursty_same_ttfa-long_itinerary-r013,bursty_same_ttfa,synthetic-validation-v1,long_itinerary,20.0,0,216.15852234978288,307.31855471518367,91.16003236540078
bursty_same_ttfa-long_itinerary-r013,bursty_same_ttfa,synthetic-validation-v1,long_itinerary,20.0,1,1027.3185547151836,1032.8502400978657,5.531685382682099
bursty_same_ttfa-long_itinerary-r013,bursty_same_ttfa,synthetic-validation-v1,long_itinerary,20.0,2,1272.8502400978657,1283.811003811392,10.960763713526376
bursty_same_ttfa-long_itinerary-r013,bursty_same_ttfa,synthetic-validation-v1,long_itinerary,20.0,3,1523.811003811392,1539.922328389744,16.11132457835197
bursty_same_ttfa-long_itinerary-r013,bursty_same_ttfa,synthetic-validation-v1,long_itinerary,40.0,0,216.15852234978288,307.31855471518367,91.16003236540078
bursty_same_ttfa-long_itinerary-r013,bursty_same_ttfa,synthetic-validation-v1,long_itinerary,40.0,1,1027.3185547151836,1032.8502400978657,5.531685382682099
bursty_same_ttfa-long_itinerary-r013,bursty_same_ttfa,synthetic-validation-v1,long_itinerary,40.0,2,1272.8502400978657,1283.811003811392,10.960763713526376
bursty_same_ttfa-long_itinerary-r013,bursty_same_ttfa,synthetic-validation-v1,long_itinerary,40.0,3,1523.811003811392,1539.922328389744,16.11132457835197
bursty_same_ttfa-long_itinerary-r013,bursty_same_ttfa,synthetic-validation-v1,long_itinerary,80.0,0,237.1680896885233,307.31855471518367,70.15046502666036
bursty_same_ttfa-long_itinerary-r013,bursty_same_ttfa,synthetic-validation-v1,long_itinerary,80.0,1,1027.3185547151836,1032.8502400978657,5.531685382682099
bursty_same_ttfa-long_itinerary-r013,bursty_same_ttfa,synthetic-validation-v1,long_itinerary,80.0,2,1272.8502400978657,1283.811003811392,10.960763713526376
bursty_same_ttfa-long_itinerary-r013,bursty_same_ttfa,synthetic-validation-v1,long_itinerary,80.0,3,1523.811003811392,1539.922328389744,16.11132457835197
bursty_same_ttfa-long_itinerary-r014,bursty_same_ttfa,synthetic-validation-v1,long_itinerary,0.0,0,210.983401462128,309.93913426316203,98.95573280103403
bursty_same_ttfa-long_itinerary-r014,bursty_same_ttfa,synthetic-validation-v1,long_itinerary,0.0,1,549.939134263162,555.8110912992436,5.87195703608154
bursty_same_ttfa-long_itinerary-r014,bursty_same_ttfa,synthetic-validation-v1,long_itinerary,0.0,2,795.8110912992436,799.5841406298373,3.7730493305937216
bursty_same_ttfa-long_itinerary-r014,bursty_same_ttfa,synthetic-validation-v1,long_itinerary,0.0,3,1039.5841406298373,1049.4748355174875,9.89069488765017
bursty_same_ttfa-long_itinerary-r014,bursty_same_ttfa,synthetic-validation-v1,long_itinerary,0.0,4,1289.4748355174875,1303.5854409305207,14.110605413033227
bursty_same_ttfa-long_itinerary-r014,bursty_same_ttfa,synthetic-validation-v1,long_itinerary,0.0,5,1543.5854409305207,1548.0412846309518,4.45584370043116
bursty_same_ttfa-long_itinerary-r014,bursty_same_ttfa,synthetic-validation-v1,long_itinerary,20.0,0,210.983401462128,309.93913426316203,98.95573280103403
bursty_same_ttfa-long_itinerary-r014,bursty_same_ttfa,synthetic-validation-v1,long_itinerary,20.0,1,549.939134263162,555.8110912992436,5.87195703608154
bursty_same_ttfa-long_itinerary-r014,bursty_same_ttfa,synthetic-validation-v1,long_itinerary,20.0,2,795.8110912992436,799.5841406298373,3.7730493305937216
bursty_same_ttfa-long_itinerary-r014,bursty_same_ttfa,synthetic-validation-v1,long_itinerary,20.0,3,1039.5841406298373,1049.4748355174875,9.89069488765017
bursty_same_ttfa-long_itinerary-r014,bursty_same_ttfa,synthetic-validation-v1,long_itinerary,20.0,4,1289.4748355174875,1303.5854409305207,14.110605413033227
bursty_same_ttfa-long_itinerary-r014,bursty_same_ttfa,synthetic-validation-v1,long_itinerary,20.0,5,1543.5854409305207,1548.0412846309518,4.45584370043116
bursty_same_ttfa-long_itinerary-r014,bursty_same_ttfa,synthetic-validation-v1,long_itinerary,40.0,0,210.983401462128,309.93913426316203,98.95573280103403
bursty_same_ttfa-long_itinerary-r014,bursty_same_ttfa,synthetic-validation-v1,long_itinerary,40.0,1,549.939134263162,555.8110912992436,5.87195703608154
bursty_same_ttfa-long_itinerary-r014,bursty_same_ttfa,synthetic-validation-v1,long_itinerary,40.0,2,795.8110912992436,799.5841406298373,3.7730493305937216
bursty_same_ttfa-long_itinerary-r014,bursty_same_ttfa,synthetic-validation-v1,long_itinerary,40.0,3,1039.5841406298373,1049.4748355174875,9.89069488765017
bursty_same_ttfa-long_itinerary-r014,bursty_same_ttfa,synthetic-validation-v1,long_itinerary,40.0,4,1289.4748355174875,1303.5854409305207,14.110605413033227
bursty_same_ttfa-long_itinerary-r014,bursty_same_ttfa,synthetic-validation-v1,long_itinerary,40.0,5,1543.5854409305207,1548.0412846309518,4.45584370043116
bursty_same_ttfa-long_itinerary-r014,bursty_same_ttfa,synthetic-validation-v1,long_itinerary,80.0,0,231.4875532269099,309.93913426316203,78.45158103625212
bursty_same_ttfa-long_itinerary-r014,bursty_same_ttfa,synthetic-validation-v1,long_itinerary,80.0,1,549.939134263162,555.8110912992436,5.87195703608154
bursty_same_ttfa-long_itinerary-r014,bursty_same_ttfa,synthetic-validation-v1,long_itinerary,80.0,2,795.8110912992436,799.5841406298373,3.7730493305937216
bursty_same_ttfa-long_itinerary-r014,bursty_same_ttfa,synthetic-validation-v1,long_itinerary,80.0,3,1039.5841406298373,1049.4748355174875,9.89069488765017
bursty_same_ttfa-long_itinerary-r014,bursty_same_ttfa,synthetic-validation-v1,long_itinerary,80.0,4,1289.4748355174875,1303.5854409305207,14.110605413033227
bursty_same_ttfa-long_itinerary-r014,bursty_same_ttfa,synthetic-validation-v1,long_itinerary,80.0,5,1543.5854409305207,1548.0412846309518,4.45584370043116
bursty_same_ttfa-long_itinerary-r015,bursty_same_ttfa,synthetic-validation-v1,long_itinerary,0.0,0,214.67370487701234,308.71985659638165,94.0461517193693
bursty_same_ttfa-long_itinerary-r015,bursty_same_ttfa,synthetic-validation-v1,long_itinerary,0.0,1,1508.7198565963818,1511.0044220171892,2.2845654208074393
bursty_same_ttfa-long_itinerary-r015,bursty_same_ttfa,synthetic-validation-v1,long_itinerary,20.0,0,214.67370487701234,308.71985659638165,94.0461517193693
bursty_same_ttfa-long_itinerary-r015,bursty_same_ttfa,synthetic-validation-v1,long_itinerary,20.0,1,1508.7198565963818,1511.0044220171892,2.2845654208074393
bursty_same_ttfa-long_itinerary-r015,bursty_same_ttfa,synthetic-validation-v1,long_itinerary,40.0,0,214.67370487701234,308.71985659638165,94.0461517193693
bursty_same_ttfa-long_itinerary-r015,bursty_same_ttfa,synthetic-validation-v1,long_itinerary,40.0,1,1508.7198565963818,1511.0044220171892,2.2845654208074393
bursty_same_ttfa-long_itinerary-r015,bursty_same_ttfa,synthetic-validation-v1,long_itinerary,80.0,0,234.21803553671097,308.71985659638165,74.50182105967068
bursty_same_ttfa-long_itinerary-r015,bursty_same_ttfa,synthetic-validation-v1,long_itinerary,80.0,1,1508.7198565963818,1511.0044220171892,2.2845654208074393
bursty_same_ttfa-long_itinerary-r016,bursty_same_ttfa,synthetic-validation-v1,long_itinerary,0.0,0,207.65628941270813,300.44123730581236,92.78494789310423
bursty_same_ttfa-long_itinerary-r016,bursty_same_ttfa,synthetic-validation-v1,long_itinerary,0.0,1,540.4412373058124,551.0426102805161,10.601372974703736
bursty_same_ttfa-long_itinerary-r016,bursty_same_ttfa,synthetic-validation-v1,long_itinerary,0.0,2,791.0426102805161,807.8738582180255,16.831247937509374
bursty_same_ttfa-long_itinerary-r016,bursty_same_ttfa,synthetic-validation-v1,long_itinerary,0.0,3,1047.8738582180254,1053.8231563062093,5.949298088183923
bursty_same_ttfa-long_itinerary-r016,bursty_same_ttfa,synthetic-validation-v1,long_itinerary,0.0,4,1293.8231563062093,1299.06365834149,5.24050203528077
bursty_same_ttfa-long_itinerary-r016,bursty_same_ttfa,synthetic-validation-v1,long_itinerary,0.0,5,1539.06365834149,1545.0220037140523,5.958345372562235
bursty_same_ttfa-long_itinerary-r016,bursty_same_ttfa,synthetic-validation-v1,long_itinerary,20.0,0,207.65628941270813,300.44123730581236,92.78494789310423
bursty_same_ttfa-long_itinerary-r016,bursty_same_ttfa,synthetic-validation-v1,long_itinerary,20.0,1,540.4412373058124,551.0426102805161,10.601372974703736
bursty_same_ttfa-long_itinerary-r016,bursty_same_ttfa,synthetic-validation-v1,long_itinerary,20.0,2,791.0426102805161,807.8738582180255,16.831247937509374
bursty_same_ttfa-long_itinerary-r016,bursty_same_ttfa,synthetic-validation-v1,long_itinerary,20.0,3,1047.8738582180254,1053.8231563062093,5.949298088183923
bursty_same_ttfa-long_itinerary-r016,bursty_same_ttfa,synthetic-validation-v1,long_itinerary,20.0,4,1293.8231563062093,1299.06365834149,5.24050203528077
bursty_same_ttfa-long_itinerary-r016,bursty_same_ttfa,synthetic-validation-v1,long_itinerary,20.0,5,1539.06365834149,1545.0220037140523,5.958345372562235
bursty_same_ttfa-long_itinerary-r016,bursty_same_ttfa,synthetic-validation-v1,long_itinerary,40.0,0,207.65628941270813,300.44123730581236,92.78494789310423
bursty_same_ttfa-long_itinerary-r016,bursty_same_ttfa,synthetic-validation-v1,long_itinerary,40.0,1,540.4412373058124,551.0426102805161,10.601372974703736
bursty_same_ttfa-long_itinerary-r016,bursty_same_ttfa,synthetic-validation-v1,long_itinerary,40.0,2,791.0426102805161,807.8738582180255,16.831247937509374
bursty_same_ttfa-long_itinerary-r016,bursty_same_ttfa,synthetic-validation-v1,long_itinerary,40.0,3,1047.8738582180254,1053.8231563062093,5.949298088183923
bursty_same_ttfa-long_itinerary-r016,bursty_same_ttfa,synthetic-validation-v1,long_itinerary,40.0,4,1293.8231563062093,1299.06365834149,5.24050203528077
bursty_same_ttfa-long_itinerary-r016,bursty_same_ttfa,synthetic-validation-v1,long_itinerary,40.0,5,1539.06365834149,1545.0220037140523,5.958345372562235
bursty_same_ttfa-long_itinerary-r016,bursty_same_ttfa,synthetic-validation-v1,long_itinerary,80.0,0,222.87290040004737,300.44123730581236,77.568336905765
bursty_same_ttfa-long_itinerary-r016,bursty_same_ttfa,synthetic-validation-v1,long_itinerary,80.0,1,540.4412373058124,551.0426102805161,10.601372974703736
bursty_same_ttfa-long_itinerary-r016,bursty_same_ttfa,synthetic-validation-v1,long_itinerary,80.0,2,791.0426102805161,807.8738582180255,16.831247937509374
bursty_same_ttfa-long_itinerary-r016,bursty_same_ttfa,synthetic-validation-v1,long_itinerary,80.0,3,1047.8738582180254,1053.8231563062093,5.949298088183923
bursty_same_ttfa-long_itinerary-r016,bursty_same_ttfa,synthetic-validation-v1,long_itinerary,80.0,4,1293.8231563062093,1299.06365834149,5.24050203528077
bursty_same_ttfa-long_itinerary-r016,bursty_same_ttfa,synthetic-validation-v1,long_itinerary,80.0,5,1539.06365834149,1545.0220037140523,5.958345372562235
bursty_same_ttfa-long_itinerary-r017,bursty_same_ttfa,synthetic-validation-v1,long_itinerary,0.0,0,207.73428845127734,301.1235280706725,93.38923961939514
bursty_same_ttfa-long_itinerary-r017,bursty_same_ttfa,synthetic-validation-v1,long_itinerary,0.0,1,541.1235280706725,552.33504115542,11.21151308474748
bursty_same_ttfa-long_itinerary-r017,bursty_same_ttfa,synthetic-validation-v1,long_itinerary,0.0,2,792.33504115542,805.0939937402597,12.75895258483979
bursty_same_ttfa-long_itinerary-r017,bursty_same_ttfa,synthetic-validation-v1,long_itinerary,0.0,3,1045.0939937402597,1048.8212298125309,3.7272360722711255
bursty_same_ttfa-long_itinerary-r017,bursty_same_ttfa,synthetic-validation-v1,long_itinerary,0.0,4,1288.8212298125309,1305.5301994772606,16.708969664729693
bursty_same_ttfa-long_itinerary-r017,bursty_same_ttfa,synthetic-validation-v1,long_itinerary,20.0,0,207.73428845127734,301.1235280706725,93.38923961939514
bursty_same_ttfa-long_itinerary-r017,bursty_same_ttfa,synthetic-validation-v1,long_itinerary,20.0,1,541.1235280706725,552.33504115542,11.21151308474748
bursty_same_ttfa-long_itinerary-r017,bursty_same_ttfa,synthetic-validation-v1,long_itinerary,20.0,2,792.33504115542,805.0939937402597,12.75895258483979
bursty_same_ttfa-long_itinerary-r017,bursty_same_ttfa,synthetic-validation-v1,long_itinerary,20.0,3,1045.0939937402597,1048.8212298125309,3.7272360722711255
bursty_same_ttfa-long_itinerary-r017,bursty_same_ttfa,synthetic-validation-v1,long_itinerary,20.0,4,1288.8212298125309,1305.5301994772606,16.708969664729693
bursty_same_ttfa-long_itinerary-r017,bursty_same_ttfa,synthetic-validation-v1,long_itinerary,40.0,0,207.73428845127734,301.1235280706725,93.38923961939514
bursty_same_ttfa-long_itinerary-r017,bursty_same_ttfa,synthetic-validation-v1,long_itinerary,40.0,1,541.1235280706725,552.33504115542,11.21151308474748
bursty_same_ttfa-long_itinerary-r017,bursty_same_ttfa,synthetic-validation-v1,long_itinerary,40.0,2,792.33504115542,805.0939937402597,12.75895258483979
bursty_same_ttfa-long_itinerary-r017,bursty_same_ttfa,synthetic-validation-v1,long_itinerary,40.0,3,1045.0939937402597,1048.8212298125309,3.7272360722711255
bursty_same_ttfa-long_itinerary-r017,bursty_same_ttfa,synthetic-validation-v1,long_itinerary,40.0,4,1288.8212298125309,1305.5301994772606,16.708969664729693
bursty_same_ttfa-long_itinerary-r017,bursty_same_ttfa,synthetic-validation-v1,long_itinerary,80.0,0,229.5641517610665,301.1235280706725,71.55937630960597
bursty_same_ttfa-long_itinerary-r017,bursty_same_ttfa,synthetic-validation-v1,long_itinerary,80.0,1,541.1235280706725,552.33504115542,11.21151308474748
bursty_same_ttfa-long_itinerary-r017,bursty_same_ttfa,synthetic-validation-v1,long_itinerary,80.0,2,792.33504115542,805.0939937402597,12.75895258483979
bursty_same_ttfa-long_itinerary-r017,bursty_same_ttfa,synthetic-validation-v1,long_itinerary,80.0,3,1045.0939937402597,1048.8212298125309,3.7272360722711255
bursty_same_ttfa-long_itinerary-r017,bursty_same_ttfa,synthetic-validation-v1,long_itinerary,80.0,4,1288.8212298125309,1305.5301994772606,16.708969664729693
bursty_same_ttfa-long_itinerary-r018,bursty_same_ttfa,synthetic-validation-v1,long_itinerary,0.0,0,205.68084935511578,295.7772523594758,90.09640300436004
bursty_same_ttfa-long_itinerary-r018,bursty_same_ttfa,synthetic-validation-v1,long_itinerary,0.0,1,535.7772523594758,542.7885617545878,7.011309395111994
bursty_same_ttfa-long_itinerary-r018,bursty_same_ttfa,synthetic-validation-v1,long_itinerary,0.0,2,1502.7885617545878,1505.3620658077482,2.5735040531603772
bursty_same_ttfa-long_itinerary-r018,bursty_same_ttfa,synthetic-validation-v1,long_itinerary,20.0,0,205.68084935511578,295.7772523594758,90.09640300436004
bursty_same_ttfa-long_itinerary-r018,bursty_same_ttfa,synthetic-validation-v1,long_itinerary,20.0,1,535.7772523594758,542.7885617545878,7.011309395111994
bursty_same_ttfa-long_itinerary-r018,bursty_same_ttfa,synthetic-validation-v1,long_itinerary,20.0,2,1502.7885617545878,1505.3620658077482,2.5735040531603772
bursty_same_ttfa-long_itinerary-r018,bursty_same_ttfa,synthetic-validation-v1,long_itinerary,40.0,0,205.68084935511578,295.7772523594758,90.09640300436004
bursty_same_ttfa-long_itinerary-r018,bursty_same_ttfa,synthetic-validation-v1,long_itinerary,40.0,1,535.7772523594758,542.7885617545878,7.011309395111994
bursty_same_ttfa-long_itinerary-r018,bursty_same_ttfa,synthetic-validation-v1,long_itinerary,40.0,2,1502.7885617545878,1505.3620658077482,2.5735040531603772
bursty_same_ttfa-long_itinerary-r018,bursty_same_ttfa,synthetic-validation-v1,long_itinerary,80.0,0,225.3088546746191,295.7772523594758,70.46839768485671
bursty_same_ttfa-long_itinerary-r018,bursty_same_ttfa,synthetic-validation-v1,long_itinerary,80.0,1,535.7772523594758,542.7885617545878,7.011309395111994
bursty_same_ttfa-long_itinerary-r018,bursty_same_ttfa,synthetic-validation-v1,long_itinerary,80.0,2,1502.7885617545878,1505.3620658077482,2.5735040531603772
bursty_same_ttfa-long_itinerary-r019,bursty_same_ttfa,synthetic-validation-v1,long_itinerary,0.0,0,211.8558309029688,303.3392960532855,91.48346515031673
bursty_same_ttfa-long_itinerary-r019,bursty_same_ttfa,synthetic-validation-v1,long_itinerary,0.0,1,543.3392960532856,564.6267441152582,21.28744806197267
bursty_same_ttfa-long_itinerary-r019,bursty_same_ttfa,synthetic-validation-v1,long_itinerary,0.0,2,1044.6267441152581,1052.418558503054,7.7918143877959665
bursty_same_ttfa-long_itinerary-r019,bursty_same_ttfa,synthetic-validation-v1,long_itinerary,0.0,3,1532.418558503054,1533.088268136841,0.6697096337868516
bursty_same_ttfa-long_itinerary-r019,bursty_same_ttfa,synthetic-validation-v1,long_itinerary,20.0,0,211.8558309029688,303.3392960532855,91.48346515031673
bursty_same_ttfa-long_itinerary-r019,bursty_same_ttfa,synthetic-validation-v1,long_itinerary,20.0,1,543.3392960532856,564.6267441152582,21.28744806197267
bursty_same_ttfa-long_itinerary-r019,bursty_same_ttfa,synthetic-validation-v1,long_itinerary,20.0,2,1044.6267441152581,1052.418558503054,7.7918143877959665
bursty_same_ttfa-long_itinerary-r019,bursty_same_ttfa,synthetic-validation-v1,long_itinerary,20.0,3,1532.418558503054,1533.088268136841,0.6697096337868516
bursty_same_ttfa-long_itinerary-r019,bursty_same_ttfa,synthetic-validation-v1,long_itinerary,40.0,0,211.8558309029688,303.3392960532855,91.48346515031673
bursty_same_ttfa-long_itinerary-r019,bursty_same_ttfa,synthetic-validation-v1,long_itinerary,40.0,1,543.3392960532856,564.6267441152582,21.28744806197267
bursty_same_ttfa-long_itinerary-r019,bursty_same_ttfa,synthetic-validation-v1,long_itinerary,40.0,2,1044.6267441152581,1052.418558503054,7.7918143877959665
bursty_same_ttfa-long_itinerary-r019,bursty_same_ttfa,synthetic-validation-v1,long_itinerary,40.0,3,1532.418558503054,1533.088268136841,0.6697096337868516
bursty_same_ttfa-long_itinerary-r019,bursty_same_ttfa,synthetic-validation-v1,long_itinerary,80.0,0,231.61117243184705,303.3392960532855,71.72812362143847
bursty_same_ttfa-long_itinerary-r019,bursty_same_ttfa,synthetic-validation-v1,long_itinerary,80.0,1,543.3392960532856,564.6267441152582,21.28744806197267
bursty_same_ttfa-long_itinerary-r019,bursty_same_ttfa,synthetic-validation-v1,long_itinerary,80.0,2,1044.6267441152581,1052.418558503054,7.7918143877959665
bursty_same_ttfa-long_itinerary-r019,bursty_same_ttfa,synthetic-validation-v1,long_itinerary,80.0,3,1532.418558503054,1533.088268136841,0.6697096337868516
bursty_same_ttfa-medium_booking-r000,bursty_same_ttfa,synthetic-validation-v1,medium_booking,0.0,0,198.09759454681472,286.1802648718889,88.08267032507416
bursty_same_ttfa-medium_booking-r000,bursty_same_ttfa,synthetic-validation-v1,medium_booking,0.0,1,526.1802648718889,532.3249006187073,6.1446357468183805
bursty_same_ttfa-medium_booking-r000,bursty_same_ttfa,synthetic-validation-v1,medium_booking,20.0,0,198.09759454681472,286.1802648718889,88.08267032507416
bursty_same_ttfa-medium_booking-r000,bursty_same_ttfa,synthetic-validation-v1,medium_booking,20.0,1,526.1802648718889,532.3249006187073,6.1446357468183805
bursty_same_ttfa-medium_booking-r000,bursty_same_ttfa,synthetic-validation-v1,medium_booking,40.0,0,198.09759454681472,286.1802648718889,88.08267032507416
bursty_same_ttfa-medium_booking-r000,bursty_same_ttfa,synthetic-validation-v1,medium_booking,40.0,1,526.1802648718889,532.3249006187073,6.1446357468183805
bursty_same_ttfa-medium_booking-r000,bursty_same_ttfa,synthetic-validation-v1,medium_booking,80.0,0,214.05442976167453,286.1802648718889,72.12583511021435
bursty_same_ttfa-medium_booking-r000,bursty_same_ttfa,synthetic-validation-v1,medium_booking,80.0,1,526.1802648718889,532.3249006187073,6.1446357468183805
bursty_same_ttfa-medium_booking-r001,bursty_same_ttfa,synthetic-validation-v1,medium_booking,0.0,0,199.5604713132285,292.3214383992686,92.76096708604007
bursty_same_ttfa-medium_booking-r001,bursty_same_ttfa,synthetic-validation-v1,medium_booking,0.0,1,532.3214383992686,543.8888542322504,11.567415832981851
bursty_same_ttfa-medium_booking-r001,bursty_same_ttfa,synthetic-validation-v1,medium_booking,0.0,2,783.8888542322504,796.1425508111031,12.253696578852669
bursty_same_ttfa-medium_booking-r001,bursty_same_ttfa,synthetic-validation-v1,medium_booking,20.0,0,199.5604713132285,292.3214383992686,92.76096708604007
bursty_same_ttfa-medium_booking-r001,bursty_same_ttfa,synthetic-validation-v1,medium_booking,20.0,1,532.3214383992686,543.8888542322504,11.567415832981851
bursty_same_ttfa-medium_booking-r001,bursty_same_ttfa,synthetic-validation-v1,medium_booking,20.0,2,783.8888542322504,796.1425508111031,12.253696578852669
bursty_same_ttfa-medium_booking-r001,bursty_same_ttfa,synthetic-validation-v1,medium_booking,40.0,0,199.5604713132285,292.3214383992686,92.76096708604007
bursty_same_ttfa-medium_booking-r001,bursty_same_ttfa,synthetic-validation-v1,medium_booking,40.0,1,532.3214383992686,543.8888542322504,11.567415832981851
bursty_same_ttfa-medium_booking-r001,bursty_same_ttfa,synthetic-validation-v1,medium_booking,40.0,2,783.8888542322504,796.1425508111031,12.253696578852669
bursty_same_ttfa-medium_booking-r001,bursty_same_ttfa,synthetic-validation-v1,medium_booking,80.0,0,215.90141202376947,292.3214383992686,76.4200263754991
bursty_same_ttfa-medium_booking-r001,bursty_same_ttfa,synthetic-validation-v1,medium_booking,80.0,1,532.3214383992686,543.8888542322504,11.567415832981851
bursty_same_ttfa-medium_booking-r001,bursty_same_ttfa,synthetic-validation-v1,medium_booking,80.0,2,783.8888542322504,796.1425508111031,12.253696578852669
bursty_same_ttfa-medium_booking-r002,bursty_same_ttfa,synthetic-validation-v1,medium_booking,0.0,0,210.89018993355592,307.0753349910633,96.18514505750738
bursty_same_ttfa-medium_booking-r002,bursty_same_ttfa,synthetic-validation-v1,medium_booking,0.0,1,547.0753349910633,556.7729113191117,9.697576328048399
bursty_same_ttfa-medium_booking-r002,bursty_same_ttfa,synthetic-validation-v1,medium_booking,0.0,2,796.7729113191117,805.1966681839422,8.423756864830466
bursty_same_ttfa-medium_booking-r002,bursty_same_ttfa,synthetic-validation-v1,medium_booking,20.0,0,210.89018993355592,307.0753349910633,96.18514505750738
bursty_same_ttfa-medium_booking-r002,bursty_same_ttfa,synthetic-validation-v1,medium_booking,20.0,1,547.0753349910633,556.7729113191117,9.697576328048399
bursty_same_ttfa-medium_booking-r002,bursty_same_ttfa,synthetic-validation-v1,medium_booking,20.0,2,796.7729113191117,805.1966681839422,8.423756864830466
bursty_same_ttfa-medium_booking-r002,bursty_same_ttfa,synthetic-validation-v1,medium_booking,40.0,0,210.89018993355592,307.0753349910633,96.18514505750738
bursty_same_ttfa-medium_booking-r002,bursty_same_ttfa,synthetic-validation-v1,medium_booking,40.0,1,547.0753349910633,556.7729113191117,9.697576328048399
bursty_same_ttfa-medium_booking-r002,bursty_same_ttfa,synthetic-validation-v1,medium_booking,40.0,2,796.7729113191117,805.1966681839422,8.423756864830466
bursty_same_ttfa-medium_booking-r002,bursty_same_ttfa,synthetic-validation-v1,medium_booking,80.0,0,233.6393190996607,307.0753349910633,73.4360158914026
bursty_same_ttfa-medium_booking-r002,bursty_same_ttfa,synthetic-validation-v1,medium_booking,80.0,1,547.0753349910633,556.7729113191117,9.697576328048399
bursty_same_ttfa-medium_booking-r002,bursty_same_ttfa,synthetic-validation-v1,medium_booking,80.0,2,796.7729113191117,805.1966681839422,8.423756864830466
bursty_same_ttfa-medium_booking-r003,bursty_same_ttfa,synthetic-validation-v1,medium_booking,0.0,0,203.46202750773355,297.8833482601842,94.42132075245067
bursty_same_ttfa-medium_booking-r003,bursty_same_ttfa,synthetic-validation-v1,medium_booking,0.0,1,537.8833482601842,540.7157347184713,2.832386458287033
bursty_same_ttfa-medium_booking-r003,bursty_same_ttfa,synthetic-validation-v1,medium_booking,0.0,2,780.7157347184713,809.0700878758842,28.354353157412902
bursty_same_ttfa-medium_booking-r003,bursty_same_ttfa,synthetic-validation-v1,medium_booking,20.0,0,203.46202750773355,297.8833482601842,94.42132075245067
bursty_same_ttfa-medium_booking-r003,bursty_same_ttfa,synthetic-validation-v1,medium_booking,20.0,1,537.8833482601842,540.7157347184713,2.832386458287033
bursty_same_ttfa-medium_booking-r003,bursty_same_ttfa,synthetic-validation-v1,medium_booking,20.0,2,780.7157347184713,809.0700878758842,28.354353157412902
bursty_same_ttfa-medium_booking-r003,bursty_same_ttfa,synthetic-validation-v1,medium_booking,40.0,0,203.46202750773355,297.8833482601842,94.42132075245067
bursty_same_ttfa-medium_booking-r003,bursty_same_ttfa,synthetic-validation-v1,medium_booking,40.0,1,537.8833482601842,540.7157347184713,2.832386458287033
bursty_same_ttfa-medium_booking-r003,bursty_same_ttfa,synthetic-validation-v1,medium_booking,40.0,2,780.7157347184713,809.0700878758842,28.354353157412902
bursty_same_ttfa-medium_booking-r003,bursty_same_ttfa,synthetic-validation-v1,medium_booking,80.0,0,222.05323893844593,297.8833482601842,75.83010932173829
bursty_same_ttfa-medium_booking-r003,bursty_same_ttfa,synthetic-validation-v1,medium_booking,80.0,1,537.8833482601842,540.7157347184713,2.832386458287033
bursty_same_ttfa-medium_booking-r003,bursty_same_ttfa,synthetic-validation-v1,medium_booking,80.0,2,780.7157347184713,809.0700878758842,28.354353157412902
bursty_same_ttfa-medium_booking-r004,bursty_same_ttfa,synthetic-validation-v1,medium_booking,0.0,0,208.09743623646995,304.571338594319,96.47390235784906
bursty_same_ttfa-medium_booking-r004,bursty_same_ttfa,synthetic-validation-v1,medium_booking,0.0,1,544.5713385943191,551.9606151904258,7.389276596106697
bursty_same_ttfa-medium_booking-r004,bursty_same_ttfa,synthetic-validation-v1,medium_booking,0.0,2,791.9606151904258,803.4114157015536,11.450800511127795
bursty_same_ttfa-medium_booking-r004,bursty_same_ttfa,synthetic-validation-v1,medium_booking,20.0,0,208.09743623646995,304.571338594319,96.47390235784906
bursty_same_ttfa-medium_booking-r004,bursty_same_ttfa,synthetic-validation-v1,medium_booking,20.0,1,544.5713385943191,551.9606151904258,7.389276596106697
bursty_same_ttfa-medium_booking-r004,bursty_same_ttfa,synthetic-validation-v1,medium_booking,20.0,2,791.9606151904258,803.4114157015536,11.450800511127795
bursty_same_ttfa-medium_booking-r004,bursty_same_ttfa,synthetic-validation-v1,medium_booking,40.0,0,208.09743623646995,304.571338594319,96.47390235784906
bursty_same_ttfa-medium_booking-r004,bursty_same_ttfa,synthetic-validation-v1,medium_booking,40.0,1,544.5713385943191,551.9606151904258,7.389276596106697
bursty_same_ttfa-medium_booking-r004,bursty_same_ttfa,synthetic-validation-v1,medium_booking,40.0,2,791.9606151904258,803.4114157015536,11.450800511127795
bursty_same_ttfa-medium_booking-r004,bursty_same_ttfa,synthetic-validation-v1,medium_booking,80.0,0,229.83442154300408,304.571338594319,74.73691705131492
bursty_same_ttfa-medium_booking-r004,bursty_same_ttfa,synthetic-validation-v1,medium_booking,80.0,1,544.5713385943191,551.9606151904258,7.389276596106697
bursty_same_ttfa-medium_booking-r004,bursty_same_ttfa,synthetic-validation-v1,medium_booking,80.0,2,791.9606151904258,803.4114157015536,11.450800511127795
bursty_same_ttfa-medium_booking-r005,bursty_same_ttfa,synthetic-validation-v1,medium_booking,0.0,0,200.94948657409864,298.96220000383045,98.0127134297318
bursty_same_ttfa-medium_booking-r005,bursty_same_ttfa,synthetic-validation-v1,medium_booking,0.0,1,538.9622000038305,548.4091737681504,9.446973764319864
bursty_same_ttfa-medium_booking-r005,bursty_same_ttfa,synthetic-validation-v1,medium_booking,0.0,2,788.4091737681504,792.1738209719725,3.7646472038221646
bursty_same_ttfa-medium_booking-r005,bursty_same_ttfa,synthetic-validation-v1,medium_booking,20.0,0,200.94948657409864,298.96220000383045,98.0127134297318
bursty_same_ttfa-medium_booking-r005,bursty_same_ttfa,synthetic-validation-v1,medium_booking,20.0,1,538.9622000038305,548.4091737681504,9.446973764319864
bursty_same_ttfa-medium_booking-r005,bursty_same_ttfa,synthetic-validation-v1,medium_booking,20.0,2,788.4091737681504,792.1738209719725,3.7646472038221646
bursty_same_ttfa-medium_booking-r005,bursty_same_ttfa,synthetic-validation-v1,medium_booking,40.0,0,200.94948657409864,298.96220000383045,98.0127134297318
bursty_same_ttfa-medium_booking-r005,bursty_same_ttfa,synthetic-validation-v1,medium_booking,40.0,1,538.9622000038305,548.4091737681504,9.446973764319864
bursty_same_ttfa-medium_booking-r005,bursty_same_ttfa,synthetic-validation-v1,medium_booking,40.0,2,788.4091737681504,792.1738209719725,3.7646472038221646
bursty_same_ttfa-medium_booking-r005,bursty_same_ttfa,synthetic-validation-v1,medium_booking,80.0,0,223.70474274428224,298.96220000383045,75.2574572595482
bursty_same_ttfa-medium_booking-r005,bursty_same_ttfa,synthetic-validation-v1,medium_booking,80.0,1,538.9622000038305,548.4091737681504,9.446973764319864
bursty_same_ttfa-medium_booking-r005,bursty_same_ttfa,synthetic-validation-v1,medium_booking,80.0,2,788.4091737681504,792.1738209719725,3.7646472038221646
bursty_same_ttfa-medium_booking-r006,bursty_same_ttfa,synthetic-validation-v1,medium_booking,0.0,0,202.67109608075185,305.48199342171483,102.81089734096298
bursty_same_ttfa-medium_booking-r006,bursty_same_ttfa,synthetic-validation-v1,medium_booking,0.0,1,545.4819934217148,562.9288884627622,17.446895041047355
bursty_same_ttfa-medium_booking-r006,bursty_same_ttfa,synthetic-validation-v1,medium_booking,20.0,0,202.67109608075185,305.48199342171483,102.81089734096298
bursty_same_ttfa-medium_booking-r006,bursty_same_ttfa,synthetic-validation-v1,medium_booking,20.0,1,545.4819934217148,562.9288884627622,17.446895041047355
bursty_same_ttfa-medium_booking-r006,bursty_same_ttfa,synthetic-validation-v1,medium_booking,40.0,0,202.67109608075185,305.48199342171483,102.81089734096298
bursty_same_ttfa-medium_booking-r006,bursty_same_ttfa,synthetic-validation-v1,medium_booking,40.0,1,545.4819934217148,562.9288884627622,17.446895041047355
bursty_same_ttfa-medium_booking-r006,bursty_same_ttfa,synthetic-validation-v1,medium_booking,80.0,0,231.86408747848373,305.48199342171483,73.61790594323111
bursty_same_ttfa-medium_booking-r006,bursty_same_ttfa,synthetic-validation-v1,medium_booking,80.0,1,545.4819934217148,562.9288884627622,17.446895041047355
bursty_same_ttfa-medium_booking-r007,bursty_same_ttfa,synthetic-validation-v1,medium_booking,0.0,0,202.71843152585114,296.9210832008642,94.20265167501304
bursty_same_ttfa-medium_booking-r007,bursty_same_ttfa,synthetic-validation-v1,medium_booking,0.0,1,536.9210832008641,546.8698623983344,9.94877919747023
bursty_same_ttfa-medium_booking-r007,bursty_same_ttfa,synthetic-validation-v1,medium_booking,0.0,2,786.8698623983344,799.5461113540808,12.676248955746473
bursty_same_ttfa-medium_booking-r007,bursty_same_ttfa,synthetic-validation-v1,medium_booking,20.0,0,202.71843152585114,296.9210832008642,94.20265167501304
bursty_same_ttfa-medium_booking-r007,bursty_same_ttfa,synthetic-validation-v1,medium_booking,20.0,1,536.9210832008641,546.8698623983344,9.94877919747023
bursty_same_ttfa-medium_booking-r007,bursty_same_ttfa,synthetic-validation-v1,medium_booking,20.0,2,786.8698623983344,799.5461113540808,12.676248955746473
bursty_same_ttfa-medium_booking-r007,bursty_same_ttfa,synthetic-validation-v1,medium_booking,40.0,0,202.71843152585114,296.9210832008642,94.20265167501304
bursty_same_ttfa-medium_booking-r007,bursty_same_ttfa,synthetic-validation-v1,medium_booking,40.0,1,536.9210832008641,546.8698623983344,9.94877919747023
bursty_same_ttfa-medium_booking-r007,bursty_same_ttfa,synthetic-validation-v1,medium_booking,40.0,2,786.8698623983344,799.5461113540808,12.676248955746473
bursty_same_ttfa-medium_booking-r007,bursty_same_ttfa,synthetic-validation-v1,medium_booking,80.0,0,221.91341220734776,296.9210832008642,75.00767099351643
bursty_same_ttfa-medium_booking-r007,bursty_same_ttfa,synthetic-validation-v1,medium_booking,80.0,1,536.9210832008641,546.8698623983344,9.94877919747023
bursty_same_ttfa-medium_booking-r007,bursty_same_ttfa,synthetic-validation-v1,medium_booking,80.0,2,786.8698623983344,799.5461113540808,12.676248955746473
bursty_same_ttfa-medium_booking-r008,bursty_same_ttfa,synthetic-validation-v1,medium_booking,0.0,0,205.28967723873757,293.89699075376217,88.6073135150246
bursty_same_ttfa-medium_booking-r008,bursty_same_ttfa,synthetic-validation-v1,medium_booking,0.0,1,533.8969907537621,544.5879251879204,10.690934434158294
bursty_same_ttfa-medium_booking-r008,bursty_same_ttfa,synthetic-validation-v1,medium_booking,0.0,2,784.5879251879204,789.402786349553,4.814861161632621
bursty_same_ttfa-medium_booking-r008,bursty_same_ttfa,synthetic-validation-v1,medium_booking,20.0,0,205.28967723873757,293.89699075376217,88.6073135150246
bursty_same_ttfa-medium_booking-r008,bursty_same_ttfa,synthetic-validation-v1,medium_booking,20.0,1,533.8969907537621,544.5879251879204,10.690934434158294
bursty_same_ttfa-medium_booking-r008,bursty_same_ttfa,synthetic-validation-v1,medium_booking,20.0,2,784.5879251879204,789.402786349553,4.814861161632621
bursty_same_ttfa-medium_booking-r008,bursty_same_ttfa,synthetic-validation-v1,medium_booking,40.0,0,205.28967723873757,293.89699075376217,88.6073135150246
bursty_same_ttfa-medium_booking-r008,bursty_same_ttfa,synthetic-validation-v1,medium_booking,40.0,1,533.8969907537621,544.5879251879204,10.690934434158294
bursty_same_ttfa-medium_booking-r008,bursty_same_ttfa,synthetic-validation-v1,medium_booking,40.0,2,784.5879251879204,789.402786349553,4.814861161632621
bursty_same_ttfa-medium_booking-r008,bursty_same_ttfa,synthetic-validation-v1,medium_booking,80.0,0,221.95038855192587,293.89699075376217,71.9466022018363
bursty_same_ttfa-medium_booking-r008,bursty_same_ttfa,synthetic-validation-v1,medium_booking,80.0,1,533.8969907537621,544.5879251879204,10.690934434158294
bursty_same_ttfa-medium_booking-r008,bursty_same_ttfa,synthetic-validation-v1,medium_booking,80.0,2,784.5879251879204,789.402786349553,4.814861161632621
bursty_same_ttfa-medium_booking-r009,bursty_same_ttfa,synthetic-validation-v1,medium_booking,0.0,0,207.26898746231228,298.12745306291043,90.85846560059815
bursty_same_ttfa-medium_booking-r009,bursty_same_ttfa,synthetic-validation-v1,medium_booking,0.0,1,778.1274530629105,782.6985054216269,4.571052358716429
bursty_same_ttfa-medium_booking-r009,bursty_same_ttfa,synthetic-validation-v1,medium_booking,20.0,0,207.26898746231228,298.12745306291043,90.85846560059815
bursty_same_ttfa-medium_booking-r009,bursty_same_ttfa,synthetic-validation-v1,medium_booking,20.0,1,778.1274530629105,782.6985054216269,4.571052358716429
bursty_same_ttfa-medium_booking-r009,bursty_same_ttfa,synthetic-validation-v1,medium_booking,40.0,0,207.26898746231228,298.12745306291043,90.85846560059815
bursty_same_ttfa-medium_booking-r009,bursty_same_ttfa,synthetic-validation-v1,medium_booking,40.0,1,778.1274530629105,782.6985054216269,4.571052358716429
bursty_same_ttfa-medium_booking-r009,bursty_same_ttfa,synthetic-validation-v1,medium_booking,80.0,0,225.37729751874966,298.12745306291043,72.75015554416078
bursty_same_ttfa-medium_booking-r009,bursty_same_ttfa,synthetic-validation-v1,medium_booking,80.0,1,778.1274530629105,782.6985054216269,4.571052358716429
bursty_same_ttfa-medium_booking-r010,bursty_same_ttfa,synthetic-validation-v1,medium_booking,0.0,0,203.48298251714778,301.75962400193794,98.27664148479016
bursty_same_ttfa-medium_booking-r010,bursty_same_ttfa,synthetic-validation-v1,medium_booking,0.0,1,541.7596240019379,547.8011143337237,6.041490331785781
bursty_same_ttfa-medium_booking-r010,bursty_same_ttfa,synthetic-validation-v1,medium_booking,0.0,2,787.8011143337237,799.9457011229606,12.144586789236882
bursty_same_ttfa-medium_booking-r010,bursty_same_ttfa,synthetic-validation-v1,medium_booking,20.0,0,203.48298251714778,301.75962400193794,98.27664148479016
bursty_same_ttfa-medium_booking-r010,bursty_same_ttfa,synthetic-validation-v1,medium_booking,20.0,1,541.7596240019379,547.8011143337237,6.041490331785781
bursty_same_ttfa-medium_booking-r010,bursty_same_ttfa,synthetic-validation-v1,medium_booking,20.0,2,787.8011143337237,799.9457011229606,12.144586789236882
bursty_same_ttfa-medium_booking-r010,bursty_same_ttfa,synthetic-validation-v1,medium_booking,40.0,0,203.48298251714778,301.75962400193794,98.27664148479016
bursty_same_ttfa-medium_booking-r010,bursty_same_ttfa,synthetic-validation-v1,medium_booking,40.0,1,541.7596240019379,547.8011143337237,6.041490331785781
bursty_same_ttfa-medium_booking-r010,bursty_same_ttfa,synthetic-validation-v1,medium_booking,40.0,2,787.8011143337237,799.9457011229606,12.144586789236882
bursty_same_ttfa-medium_booking-r010,bursty_same_ttfa,synthetic-validation-v1,medium_booking,80.0,0,225.13122328434386,301.75962400193794,76.62840071759408
bursty_same_ttfa-medium_booking-r010,bursty_same_ttfa,synthetic-validation-v1,medium_booking,80.0,1,541.7596240019379,547.8011143337237,6.041490331785781
bursty_same_ttfa-medium_booking-r010,bursty_same_ttfa,synthetic-validation-v1,medium_booking,80.0,2,787.8011143337237,799.9457011229606,12.144586789236882
bursty_same_ttfa-medium_booking-r011,bursty_same_ttfa,synthetic-validation-v1,medium_booking,0.0,0,200.6918218298297,295.5924797009682,94.90065787113852
bursty_same_ttfa-medium_booking-r011,bursty_same_ttfa,synthetic-validation-v1,medium_booking,0.0,1,535.5924797009682,537.3178790094894,1.7253993085212187
bursty_same_ttfa-medium_booking-r011,bursty_same_ttfa,synthetic-validation-v1,medium_booking,20.0,0,200.6918218298297,295.5924797009682,94.90065787113852
bursty_same_ttfa-medium_booking-r011,bursty_same_ttfa,synthetic-validation-v1,medium_booking,20.0,1,535.5924797009682,537.3178790094894,1.7253993085212187
bursty_same_ttfa-medium_booking-r011,bursty_same_ttfa,synthetic-validation-v1,medium_booking,40.0,0,200.6918218298297,295.5924797009682,94.90065787113852
bursty_same_ttfa-medium_booking-r011,bursty_same_ttfa,synthetic-validation-v1,medium_booking,40.0,1,535.5924797009682,537.3178790094894,1.7253993085212187
bursty_same_ttfa-medium_booking-r011,bursty_same_ttfa,synthetic-validation-v1,medium_booking,80.0,0,216.82545374379373,295.5924797009682,78.7670259571745
bursty_same_ttfa-medium_booking-r011,bursty_same_ttfa,synthetic-validation-v1,medium_booking,80.0,1,535.5924797009682,537.3178790094894,1.7253993085212187
bursty_same_ttfa-medium_booking-r012,bursty_same_ttfa,synthetic-validation-v1,medium_booking,0.0,0,200.06909800902815,295.41821202323285,95.3491140142047
bursty_same_ttfa-medium_booking-r012,bursty_same_ttfa,synthetic-validation-v1,medium_booking,0.0,1,535.4182120232329,542.2706350775019,6.852423054269025
bursty_same_ttfa-medium_booking-r012,bursty_same_ttfa,synthetic-validation-v1,medium_booking,0.0,2,782.2706350775019,790.2645734877851,7.993938410283249
bursty_same_ttfa-medium_booking-r012,bursty_same_ttfa,synthetic-validation-v1,medium_booking,20.0,0,200.06909800902815,295.41821202323285,95.3491140142047
bursty_same_ttfa-medium_booking-r012,bursty_same_ttfa,synthetic-validation-v1,medium_booking,20.0,1,535.4182120232329,542.2706350775019,6.852423054269025
bursty_same_ttfa-medium_booking-r012,bursty_same_ttfa,synthetic-validation-v1,medium_booking,20.0,2,782.2706350775019,790.2645734877851,7.993938410283249
bursty_same_ttfa-medium_booking-r012,bursty_same_ttfa,synthetic-validation-v1,medium_booking,40.0,0,200.06909800902815,295.41821202323285,95.3491140142047
bursty_same_ttfa-medium_booking-r012,bursty_same_ttfa,synthetic-validation-v1,medium_booking,40.0,1,535.4182120232329,542.2706350775019,6.852423054269025
bursty_same_ttfa-medium_booking-r012,bursty_same_ttfa,synthetic-validation-v1,medium_booking,40.0,2,782.2706350775019,790.2645734877851,7.993938410283249
bursty_same_ttfa-medium_booking-r012,bursty_same_ttfa,synthetic-validation-v1,medium_booking,80.0,0,216.53162364654597,295.41821202323285,78.88658837668689
bursty_same_ttfa-medium_booking-r012,bursty_same_ttfa,synthetic-validation-v1,medium_booking,80.0,1,535.4182120232329,542.2706350775019,6.852423054269025
bursty_same_ttfa-medium_booking-r012,bursty_same_ttfa,synthetic-validation-v1,medium_booking,80.0,2,782.2706350775019,790.2645734877851,7.993938410283249
bursty_same_ttfa-medium_booking-r013,bursty_same_ttfa,synthetic-validation-v1,medium_booking,0.0,0,205.453925995732,300.018696258986,94.56477026325399
bursty_same_ttfa-medium_booking-r013,bursty_same_ttfa,synthetic-validation-v1,medium_booking,0.0,1,540.018696258986,566.1128229223028,26.094126663316842
bursty_same_ttfa-medium_booking-r013,bursty_same_ttfa,synthetic-validation-v1,medium_booking,0.0,2,806.1128229223028,807.4964736000243,1.3836506777214481
bursty_same_ttfa-medium_booking-r013,bursty_same_ttfa,synthetic-validation-v1,medium_booking,20.0,0,205.453925995732,300.018696258986,94.56477026325399
bursty_same_ttfa-medium_booking-r013,bursty_same_ttfa,synthetic-validation-v1,medium_booking,20.0,1,540.018696258986,566.1128229223028,26.094126663316842
bursty_same_ttfa-medium_booking-r013,bursty_same_ttfa,synthetic-validation-v1,medium_booking,20.0,2,806.1128229223028,807.4964736000243,1.3836506777214481
bursty_same_ttfa-medium_booking-r013,bursty_same_ttfa,synthetic-validation-v1,medium_booking,40.0,0,205.453925995732,300.018696258986,94.56477026325399
bursty_same_ttfa-medium_booking-r013,bursty_same_ttfa,synthetic-validation-v1,medium_booking,40.0,1,540.018696258986,566.1128229223028,26.094126663316842
bursty_same_ttfa-medium_booking-r013,bursty_same_ttfa,synthetic-validation-v1,medium_booking,40.0,2,806.1128229223028,807.4964736000243,1.3836506777214481
bursty_same_ttfa-medium_booking-r013,bursty_same_ttfa,synthetic-validation-v1,medium_booking,80.0,0,223.19936301815835,300.018696258986,76.81933324082763
bursty_same_ttfa-medium_booking-r013,bursty_same_ttfa,synthetic-validation-v1,medium_booking,80.0,1,540.018696258986,566.1128229223028,26.094126663316842
bursty_same_ttfa-medium_booking-r013,bursty_same_ttfa,synthetic-validation-v1,medium_booking,80.0,2,806.1128229223028,807.4964736000243,1.3836506777214481
bursty_same_ttfa-medium_booking-r014,bursty_same_ttfa,synthetic-validation-v1,medium_booking,0.0,0,202.15291810813306,295.3814106950806,93.22849258694754
bursty_same_ttfa-medium_booking-r014,bursty_same_ttfa,synthetic-validation-v1,medium_booking,0.0,1,535.3814106950806,543.4054128420638,8.024002146983207
bursty_same_ttfa-medium_booking-r014,bursty_same_ttfa,synthetic-validation-v1,medium_booking,0.0,2,783.4054128420638,805.140825422178,21.735412580114144
bursty_same_ttfa-medium_booking-r014,bursty_same_ttfa,synthetic-validation-v1,medium_booking,20.0,0,202.15291810813306,295.3814106950806,93.22849258694754
bursty_same_ttfa-medium_booking-r014,bursty_same_ttfa,synthetic-validation-v1,medium_booking,20.0,1,535.3814106950806,543.4054128420638,8.024002146983207
bursty_same_ttfa-medium_booking-r014,bursty_same_ttfa,synthetic-validation-v1,medium_booking,20.0,2,783.4054128420638,805.140825422178,21.735412580114144
bursty_same_ttfa-medium_booking-r014,bursty_same_ttfa,synthetic-validation-v1,medium_booking,40.0,0,202.15291810813306,295.3814106950806,93.22849258694754
bursty_same_ttfa-medium_booking-r014,bursty_same_ttfa,synthetic-validation-v1,medium_booking,40.0,1,535.3814106950806,543.4054128420638,8.024002146983207
bursty_same_ttfa-medium_booking-r014,bursty_same_ttfa,synthetic-validation-v1,medium_booking,40.0,2,783.4054128420638,805.140825422178,21.735412580114144
bursty_same_ttfa-medium_booking-r014,bursty_same_ttfa,synthetic-validation-v1,medium_booking,80.0,0,219.5893731773053,295.3814106950806,75.7920375177753
bursty_same_ttfa-medium_booking-r014,bursty_same_ttfa,synthetic-validation-v1,medium_booking,80.0,1,535.3814106950806,543.4054128420638,8.024002146983207
bursty_same_ttfa-medium_booking-r014,bursty_same_ttfa,synthetic-validation-v1,medium_booking,80.0,2,783.4054128420638,805.140825422178,21.735412580114144
bursty_same_ttfa-medium_booking-r015,bursty_same_ttfa,synthetic-validation-v1,medium_booking,0.0,0,192.8101231929009,287.3690545886749,94.55893139577398
bursty_same_ttfa-medium_booking-r015,bursty_same_ttfa,synthetic-validation-v1,medium_booking,0.0,1,767.3690545886749,768.0228987172485,0.6538441285736099
bursty_same_ttfa-medium_booking-r015,bursty_same_ttfa,synthetic-validation-v1,medium_booking,20.0,0,192.8101231929009,287.3690545886749,94.55893139577398
bursty_same_ttfa-medium_booking-r015,bursty_same_ttfa,synthetic-validation-v1,medium_booking,20.0,1,767.3690545886749,768.0228987172485,0.6538441285736099
bursty_same_ttfa-medium_booking-r015,bursty_same_ttfa,synthetic-validation-v1,medium_booking,40.0,0,192.8101231929009,287.3690545886749,94.55893139577398
bursty_same_ttfa-medium_booking-r015,bursty_same_ttfa,synthetic-validation-v1,medium_booking,40.0,1,767.3690545886749,768.0228987172485,0.6538441285736099
bursty_same_ttfa-medium_booking-r015,bursty_same_ttfa,synthetic-validation-v1,medium_booking,80.0,0,213.07515823240178,287.3690545886749,74.29389635627311
bursty_same_ttfa-medium_booking-r015,bursty_same_ttfa,synthetic-validation-v1,medium_booking,80.0,1,767.3690545886749,768.0228987172485,0.6538441285736099
bursty_same_ttfa-medium_booking-r016,bursty_same_ttfa,synthetic-validation-v1,medium_booking,0.0,0,210.2143683585625,308.2872043102318,98.0728359516693
bursty_same_ttfa-medium_booking-r016,bursty_same_ttfa,synthetic-validation-v1,medium_booking,0.0,1,788.2872043102318,800.754801002218,12.46759669198616
bursty_same_ttfa-medium_booking-r016,bursty_same_ttfa,synthetic-validation-v1,medium_booking,20.0,0,210.2143683585625,308.2872043102318,98.0728359516693
bursty_same_ttfa-medium_booking-r016,bursty_same_ttfa,synthetic-validation-v1,medium_booking,20.0,1,788.2872043102318,800.754801002218,12.46759669198616
bursty_same_ttfa-medium_booking-r016,bursty_same_ttfa,synthetic-validation-v1,medium_booking,40.0,0,210.2143683585625,308.2872043102318,98.0728359516693
bursty_same_ttfa-medium_booking-r016,bursty_same_ttfa,synthetic-validation-v1,medium_booking,40.0,1,788.2872043102318,800.754801002218,12.46759669198616
bursty_same_ttfa-medium_booking-r016,bursty_same_ttfa,synthetic-validation-v1,medium_booking,80.0,0,230.99585381553402,308.2872043102318,77.29135049469778
bursty_same_ttfa-medium_booking-r016,bursty_same_ttfa,synthetic-validation-v1,medium_booking,80.0,1,788.2872043102318,800.754801002218,12.46759669198616
bursty_same_ttfa-medium_booking-r017,bursty_same_ttfa,synthetic-validation-v1,medium_booking,0.0,0,201.18117636876005,288.5596381876071,87.37846181884706
bursty_same_ttfa-medium_booking-r017,bursty_same_ttfa,synthetic-validation-v1,medium_booking,0.0,1,528.5596381876071,535.4820908565083,6.922452668901201
bursty_same_ttfa-medium_booking-r017,bursty_same_ttfa,synthetic-validation-v1,medium_booking,20.0,0,201.18117636876005,288.5596381876071,87.37846181884706
bursty_same_ttfa-medium_booking-r017,bursty_same_ttfa,synthetic-validation-v1,medium_booking,20.0,1,528.5596381876071,535.4820908565083,6.922452668901201
bursty_same_ttfa-medium_booking-r017,bursty_same_ttfa,synthetic-validation-v1,medium_booking,40.0,0,201.18117636876005,288.5596381876071,87.37846181884706
bursty_same_ttfa-medium_booking-r017,bursty_same_ttfa,synthetic-validation-v1,medium_booking,40.0,1,528.5596381876071,535.4820908565083,6.922452668901201
bursty_same_ttfa-medium_booking-r017,bursty_same_ttfa,synthetic-validation-v1,medium_booking,80.0,0,210.04479677028434,288.5596381876071,78.51484141732277
bursty_same_ttfa-medium_booking-r017,bursty_same_ttfa,synthetic-validation-v1,medium_booking,80.0,1,528.5596381876071,535.4820908565083,6.922452668901201
bursty_same_ttfa-medium_booking-r018,bursty_same_ttfa,synthetic-validation-v1,medium_booking,0.0,0,203.37572281749743,297.2622091068149,93.88648628931747
bursty_same_ttfa-medium_booking-r018,bursty_same_ttfa,synthetic-validation-v1,medium_booking,0.0,1,537.2622091068149,545.2118589219522,7.949649815137263
bursty_same_ttfa-medium_booking-r018,bursty_same_ttfa,synthetic-validation-v1,medium_booking,20.0,0,203.37572281749743,297.2622091068149,93.88648628931747
bursty_same_ttfa-medium_booking-r018,bursty_same_ttfa,synthetic-validation-v1,medium_booking,20.0,1,537.2622091068149,545.2118589219522,7.949649815137263
bursty_same_ttfa-medium_booking-r018,bursty_same_ttfa,synthetic-validation-v1,medium_booking,40.0,0,203.37572281749743,297.2622091068149,93.88648628931747
bursty_same_ttfa-medium_booking-r018,bursty_same_ttfa,synthetic-validation-v1,medium_booking,40.0,1,537.2622091068149,545.2118589219522,7.949649815137263
bursty_same_ttfa-medium_booking-r018,bursty_same_ttfa,synthetic-validation-v1,medium_booking,80.0,0,224.17526248826195,297.2622091068149,73.08694661855296
bursty_same_ttfa-medium_booking-r018,bursty_same_ttfa,synthetic-validation-v1,medium_booking,80.0,1,537.2622091068149,545.2118589219522,7.949649815137263
bursty_same_ttfa-medium_booking-r019,bursty_same_ttfa,synthetic-validation-v1,medium_booking,0.0,0,201.4248360162847,289.37809594638816,87.95325993010346
bursty_same_ttfa-medium_booking-r019,bursty_same_ttfa,synthetic-validation-v1,medium_booking,0.0,1,529.3780959463882,540.071209471354,10.693113524965838
bursty_same_ttfa-medium_booking-r019,bursty_same_ttfa,synthetic-validation-v1,medium_booking,0.0,2,780.071209471354,794.7546594528609,14.683449981506897
bursty_same_ttfa-medium_booking-r019,bursty_same_ttfa,synthetic-validation-v1,medium_booking,20.0,0,201.4248360162847,289.37809594638816,87.95325993010346
bursty_same_ttfa-medium_booking-r019,bursty_same_ttfa,synthetic-validation-v1,medium_booking,20.0,1,529.3780959463882,540.071209471354,10.693113524965838
bursty_same_ttfa-medium_booking-r019,bursty_same_ttfa,synthetic-validation-v1,medium_booking,20.0,2,780.071209471354,794.7546594528609,14.683449981506897
bursty_same_ttfa-medium_booking-r019,bursty_same_ttfa,synthetic-validation-v1,medium_booking,40.0,0,201.4248360162847,289.37809594638816,87.95325993010346
bursty_same_ttfa-medium_booking-r019,bursty_same_ttfa,synthetic-validation-v1,medium_booking,40.0,1,529.3780959463882,540.071209471354,10.693113524965838
bursty_same_ttfa-medium_booking-r019,bursty_same_ttfa,synthetic-validation-v1,medium_booking,40.0,2,780.071209471354,794.7546594528609,14.683449981506897
bursty_same_ttfa-medium_booking-r019,bursty_same_ttfa,synthetic-validation-v1,medium_booking,80.0,0,211.72814360645881,289.37809594638816,77.64995233992934
bursty_same_ttfa-medium_booking-r019,bursty_same_ttfa,synthetic-validation-v1,medium_booking,80.0,1,529.3780959463882,540.071209471354,10.693113524965838
bursty_same_ttfa-medium_booking-r019,bursty_same_ttfa,synthetic-validation-v1,medium_booking,80.0,2,780.071209471354,794.7546594528609,14.683449981506897
bursty_same_ttfa-medium_support-r000,bursty_same_ttfa,synthetic-validation-v1,medium_support,0.0,0,204.01369954820578,290.7883482020261,86.77464865382032
bursty_same_ttfa-medium_support-r000,bursty_same_ttfa,synthetic-validation-v1,medium_support,0.0,1,530.7883482020261,558.1811357331233,27.392787531097156
bursty_same_ttfa-medium_support-r000,bursty_same_ttfa,synthetic-validation-v1,medium_support,20.0,0,204.01369954820578,290.7883482020261,86.77464865382032
bursty_same_ttfa-medium_support-r000,bursty_same_ttfa,synthetic-validation-v1,medium_support,20.0,1,530.7883482020261,558.1811357331233,27.392787531097156
bursty_same_ttfa-medium_support-r000,bursty_same_ttfa,synthetic-validation-v1,medium_support,40.0,0,204.01369954820578,290.7883482020261,86.77464865382032
bursty_same_ttfa-medium_support-r000,bursty_same_ttfa,synthetic-validation-v1,medium_support,40.0,1,530.7883482020261,558.1811357331233,27.392787531097156
bursty_same_ttfa-medium_support-r000,bursty_same_ttfa,synthetic-validation-v1,medium_support,80.0,0,211.5729038770991,290.7883482020261,79.215444324927
bursty_same_ttfa-medium_support-r000,bursty_same_ttfa,synthetic-validation-v1,medium_support,80.0,1,530.7883482020261,558.1811357331233,27.392787531097156
bursty_same_ttfa-medium_support-r001,bursty_same_ttfa,synthetic-validation-v1,medium_support,0.0,0,211.3647418509544,302.4391209196584,91.07437906870402
bursty_same_ttfa-medium_support-r001,bursty_same_ttfa,synthetic-validation-v1,medium_support,0.0,1,782.4391209196584,783.6967846647016,1.2576637450431463
bursty_same_ttfa-medium_support-r001,bursty_same_ttfa,synthetic-validation-v1,medium_support,20.0,0,211.3647418509544,302.4391209196584,91.07437906870402
bursty_same_ttfa-medium_support-r001,bursty_same_ttfa,synthetic-validation-v1,medium_support,20.0,1,782.4391209196584,783.6967846647016,1.2576637450431463
bursty_same_ttfa-medium_support-r001,bursty_same_ttfa,synthetic-validation-v1,medium_support,40.0,0,211.3647418509544,302.4391209196584,91.07437906870402
bursty_same_ttfa-medium_support-r001,bursty_same_ttfa,synthetic-validation-v1,medium_support,40.0,1,782.4391209196584,783.6967846647016,1.2576637450431463
bursty_same_ttfa-medium_support-r001,bursty_same_ttfa,synthetic-validation-v1,medium_support,80.0,0,224.02328554573586,302.4391209196584,78.41583537392256
bursty_same_ttfa-medium_support-r001,bursty_same_ttfa,synthetic-validation-v1,medium_support,80.0,1,782.4391209196584,783.6967846647016,1.2576637450431463
bursty_same_ttfa-medium_support-r002,bursty_same_ttfa,synthetic-validation-v1,medium_support,0.0,0,202.3876502465237,301.31812246060275,98.93047221407906
bursty_same_ttfa-medium_support-r002,bursty_same_ttfa,synthetic-validation-v1,medium_support,0.0,1,781.3181224606028,781.5849356406889,0.2668131800860465
bursty_same_ttfa-medium_support-r002,bursty_same_ttfa,synthetic-validation-v1,medium_support,20.0,0,202.3876502465237,301.31812246060275,98.93047221407906
bursty_same_ttfa-medium_support-r002,bursty_same_ttfa,synthetic-validation-v1,medium_support,20.0,1,781.3181224606028,781.5849356406889,0.2668131800860465
bursty_same_ttfa-medium_support-r002,bursty_same_ttfa,synthetic-validation-v1,medium_support,40.0,0,202.3876502465237,301.31812246060275,98.93047221407906
bursty_same_ttfa-medium_support-r002,bursty_same_ttfa,synthetic-validation-v1,medium_support,40.0,1,781.3181224606028,781.5849356406889,0.2668131800860465
bursty_same_ttfa-medium_support-r002,bursty_same_ttfa,synthetic-validation-v1,medium_support,80.0,0,226.49678688588824,301.31812246060275,74.82133557471451
bursty_same_ttfa-medium_support-r002,bursty_same_ttfa,synthetic-validation-v1,medium_support,80.0,1,781.3181224606028,781.5849356406889,0.2668131800860465
bursty_same_ttfa-medium_support-r003,bursty_same_ttfa,synthetic-validation-v1,medium_support,0.0,0,206.54524997523285,299.59787403537405,93.0526240601412
bursty_same_ttfa-medium_support-r003,bursty_same_ttfa,synthetic-validation-v1,medium_support,0.0,1,539.597874035374,549.2167756278513,9.6189015924773
bursty_same_ttfa-medium_support-r003,bursty_same_ttfa,synthetic-validation-v1,medium_support,0.0,2,789.2167756278513,802.8577067812621,13.640931153410747
bursty_same_ttfa-medium_support-r003,bursty_same_ttfa,synthetic-validation-v1,medium_support,20.0,0,206.54524997523285,299.59787403537405,93.0526240601412
bursty_same_ttfa-medium_support-r003,bursty_same_ttfa,synthetic-validation-v1,medium_support,20.0,1,539.597874035374,549.2167756278513,9.6189015924773
bursty_same_ttfa-medium_support-r003,bursty_same_ttfa,synthetic-validation-v1,medium_support,20.0,2,789.2167756278513,802.8577067812621,13.640931153410747
bursty_same_ttfa-medium_support-r003,bursty_same_ttfa,synthetic-validation-v1,medium_support,40.0,0,206.54524997523285,299.59787403537405,93.0526240601412
bursty_same_ttfa-medium_support-r003,bursty_same_ttfa,synthetic-validation-v1,medium_support,40.0,1,539.597874035374,549.2167756278513,9.6189015924773
bursty_same_ttfa-medium_support-r003,bursty_same_ttfa,synthetic-validation-v1,medium_support,40.0,2,789.2167756278513,802.8577067812621,13.640931153410747
bursty_same_ttfa-medium_support-r003,bursty_same_ttfa,synthetic-validation-v1,medium_support,80.0,0,219.65664441602735,299.59787403537405,79.9412296193467
bursty_same_ttfa-medium_support-r003,bursty_same_ttfa,synthetic-validation-v1,medium_support,80.0,1,539.597874035374,549.2167756278513,9.6189015924773
bursty_same_ttfa-medium_support-r003,bursty_same_ttfa,synthetic-validation-v1,medium_support,80.0,2,789.2167756278513,802.8577067812621,13.640931153410747
bursty_same_ttfa-medium_support-r004,bursty_same_ttfa,synthetic-validation-v1,medium_support,0.0,0,195.62309171001849,289.6049997291206,93.98190801910212
bursty_same_ttfa-medium_support-r004,bursty_same_ttfa,synthetic-validation-v1,medium_support,0.0,1,529.6049997291207,537.6747837301837,8.069784001062999
bursty_same_ttfa-medium_support-r004,bursty_same_ttfa,synthetic-validation-v1,medium_support,0.0,2,777.6747837301837,788.9576930747096,11.282909344525933
bursty_same_ttfa-medium_support-r004,bursty_same_ttfa,synthetic-validation-v1,medium_support,20.0,0,195.62309171001849,289.6049997291206,93.98190801910212
bursty_same_ttfa-medium_support-r004,bursty_same_ttfa,synthetic-validation-v1,medium_support,20.0,1,529.6049997291207,537.6747837301837,8.069784001062999
bursty_same_ttfa-medium_support-r004,bursty_same_ttfa,synthetic-validation-v1,medium_support,20.0,2,777.6747837301837,788.9576930747096,11.282909344525933
bursty_same_ttfa-medium_support-r004,bursty_same_ttfa,synthetic-validation-v1,medium_support,40.0,0,195.62309171001849,289.6049997291206,93.98190801910212
bursty_same_ttfa-medium_support-r004,bursty_same_ttfa,synthetic-validation-v1,medium_support,40.0,1,529.6049997291207,537.6747837301837,8.069784001062999
bursty_same_ttfa-medium_support-r004,bursty_same_ttfa,synthetic-validation-v1,medium_support,40.0,2,777.6747837301837,788.9576930747096,11.282909344525933
bursty_same_ttfa-medium_support-r004,bursty_same_ttfa,synthetic-validation-v1,medium_support,80.0,0,212.75962452264852,289.6049997291206,76.84537520647208
bursty_same_ttfa-medium_support-r004,bursty_same_ttfa,synthetic-validation-v1,medium_support,80.0,1,529.6049997291207,537.6747837301837,8.069784001062999
bursty_same_ttfa-medium_support-r004,bursty_same_ttfa,synthetic-validation-v1,medium_support,80.0,2,777.6747837301837,788.9576930747096,11.282909344525933
bursty_same_ttfa-medium_support-r005,bursty_same_ttfa,synthetic-validation-v1,medium_support,0.0,0,213.7272408646681,320.54805729299096,106.82081642832287
bursty_same_ttfa-medium_support-r005,bursty_same_ttfa,synthetic-validation-v1,medium_support,0.0,1,560.548057292991,561.5146866217005,0.9666293287095868
bursty_same_ttfa-medium_support-r005,bursty_same_ttfa,synthetic-validation-v1,medium_support,20.0,0,213.7272408646681,320.54805729299096,106.82081642832287
bursty_same_ttfa-medium_support-r005,bursty_same_ttfa,synthetic-validation-v1,medium_support,20.0,1,560.548057292991,561.5146866217005,0.9666293287095868
bursty_same_ttfa-medium_support-r005,bursty_same_ttfa,synthetic-validation-v1,medium_support,40.0,0,213.7272408646681,320.54805729299096,106.82081642832287
bursty_same_ttfa-medium_support-r005,bursty_same_ttfa,synthetic-validation-v1,medium_support,40.0,1,560.548057292991,561.5146866217005,0.9666293287095868
bursty_same_ttfa-medium_support-r005,bursty_same_ttfa,synthetic-validation-v1,medium_support,80.0,0,239.09898173453703,320.54805729299096,81.44907555845393
bursty_same_ttfa-medium_support-r005,bursty_same_ttfa,synthetic-validation-v1,medium_support,80.0,1,560.548057292991,561.5146866217005,0.9666293287095868
bursty_same_ttfa-medium_support-r006,bursty_same_ttfa,synthetic-validation-v1,medium_support,0.0,0,200.76979328765646,289.38905537257256,88.6192620849161
bursty_same_ttfa-medium_support-r006,bursty_same_ttfa,synthetic-validation-v1,medium_support,0.0,1,769.3890553725726,774.4207183376822,5.031662965109604
bursty_same_ttfa-medium_support-r006,bursty_same_ttfa,synthetic-validation-v1,medium_support,20.0,0,200.76979328765646,289.38905537257256,88.6192620849161
bursty_same_ttfa-medium_support-r006,bursty_same_ttfa,synthetic-validation-v1,medium_support,20.0,1,769.3890553725726,774.4207183376822,5.031662965109604
bursty_same_ttfa-medium_support-r006,bursty_same_ttfa,synthetic-validation-v1,medium_support,40.0,0,200.76979328765646,289.38905537257256,88.6192620849161
bursty_same_ttfa-medium_support-r006,bursty_same_ttfa,synthetic-validation-v1,medium_support,40.0,1,769.3890553725726,774.4207183376822,5.031662965109604
bursty_same_ttfa-medium_support-r006,bursty_same_ttfa,synthetic-validation-v1,medium_support,80.0,0,215.60442786008582,289.38905537257256,73.78462751248674
bursty_same_ttfa-medium_support-r006,bursty_same_ttfa,synthetic-validation-v1,medium_support,80.0,1,769.3890553725726,774.4207183376822,5.031662965109604
bursty_same_ttfa-medium_support-r007,bursty_same_ttfa,synthetic-validation-v1,medium_support,0.0,0,200.56319157165785,300.66633972316504,100.10314815150718
bursty_same_ttfa-medium_support-r007,bursty_same_ttfa,synthetic-validation-v1,medium_support,0.0,1,540.666339723165,543.287042095143,2.620702371977927
bursty_same_ttfa-medium_support-r007,bursty_same_ttfa,synthetic-validation-v1,medium_support,0.0,2,783.287042095143,802.9944623351795,19.707420240036527
bursty_same_ttfa-medium_support-r007,bursty_same_ttfa,synthetic-validation-v1,medium_support,20.0,0,200.56319157165785,300.66633972316504,100.10314815150718
bursty_same_ttfa-medium_support-r007,bursty_same_ttfa,synthetic-validation-v1,medium_support,20.0,1,540.666339723165,543.287042095143,2.620702371977927
bursty_same_ttfa-medium_support-r007,bursty_same_ttfa,synthetic-validation-v1,medium_support,20.0,2,783.287042095143,802.9944623351795,19.707420240036527
bursty_same_ttfa-medium_support-r007,bursty_same_ttfa,synthetic-validation-v1,medium_support,40.0,0,200.56319157165785,300.66633972316504,100.10314815150718
bursty_same_ttfa-medium_support-r007,bursty_same_ttfa,synthetic-validation-v1,medium_support,40.0,1,540.666339723165,543.287042095143,2.620702371977927
bursty_same_ttfa-medium_support-r007,bursty_same_ttfa,synthetic-validation-v1,medium_support,40.0,2,783.287042095143,802.9944623351795,19.707420240036527
bursty_same_ttfa-medium_support-r007,bursty_same_ttfa,synthetic-validation-v1,medium_support,80.0,0,221.38500281981018,300.66633972316504,79.28133690335486
bursty_same_ttfa-medium_support-r007,bursty_same_ttfa,synthetic-validation-v1,medium_support,80.0,1,540.666339723165,543.287042095143,2.620702371977927
bursty_same_ttfa-medium_support-r007,bursty_same_ttfa,synthetic-validation-v1,medium_support,80.0,2,783.287042095143,802.9944623351795,19.707420240036527
bursty_same_ttfa-medium_support-r008,bursty_same_ttfa,synthetic-validation-v1,medium_support,0.0,0,198.24716887408067,286.8672296303781,88.62006075629745
bursty_same_ttfa-medium_support-r008,bursty_same_ttfa,synthetic-validation-v1,medium_support,0.0,1,526.8672296303781,541.6331498636496,14.765920233271459
bursty_same_ttfa-medium_support-r008,bursty_same_ttfa,synthetic-validation-v1,medium_support,0.0,2,781.6331498636496,800.2888188616588,18.65566899800922
bursty_same_ttfa-medium_support-r008,bursty_same_ttfa,synthetic-validation-v1,medium_support,20.0,0,198.24716887408067,286.8672296303781,88.62006075629745
bursty_same_ttfa-medium_support-r008,bursty_same_ttfa,synthetic-validation-v1,medium_support,20.0,1,526.8672296303781,541.6331498636496,14.765920233271459
bursty_same_ttfa-medium_support-r008,bursty_same_ttfa,synthetic-validation-v1,medium_support,20.0,2,781.6331498636496,800.2888188616588,18.65566899800922
bursty_same_ttfa-medium_support-r008,bursty_same_ttfa,synthetic-validation-v1,medium_support,40.0,0,198.24716887408067,286.8672296303781,88.62006075629745
bursty_same_ttfa-medium_support-r008,bursty_same_ttfa,synthetic-validation-v1,medium_support,40.0,1,526.8672296303781,541.6331498636496,14.765920233271459
bursty_same_ttfa-medium_support-r008,bursty_same_ttfa,synthetic-validation-v1,medium_support,40.0,2,781.6331498636496,800.2888188616588,18.65566899800922
bursty_same_ttfa-medium_support-r008,bursty_same_ttfa,synthetic-validation-v1,medium_support,80.0,0,212.54948589142666,286.8672296303781,74.31774373895146
bursty_same_ttfa-medium_support-r008,bursty_same_ttfa,synthetic-validation-v1,medium_support,80.0,1,526.8672296303781,541.6331498636496,14.765920233271459
bursty_same_ttfa-medium_support-r008,bursty_same_ttfa,synthetic-validation-v1,medium_support,80.0,2,781.6331498636496,800.2888188616588,18.65566899800922
bursty_same_ttfa-medium_support-r009,bursty_same_ttfa,synthetic-validation-v1,medium_support,0.0,0,194.95388376345,291.5421679298808,96.58828416643081
bursty_same_ttfa-medium_support-r009,bursty_same_ttfa,synthetic-validation-v1,medium_support,0.0,1,531.5421679298809,536.8921048153588,5.349936885477973
bursty_same_ttfa-medium_support-r009,bursty_same_ttfa,synthetic-validation-v1,medium_support,0.0,2,776.8921048153588,779.2295641790707,2.3374593637119006
bursty_same_ttfa-medium_support-r009,bursty_same_ttfa,synthetic-validation-v1,medium_support,20.0,0,194.95388376345,291.5421679298808,96.58828416643081
bursty_same_ttfa-medium_support-r009,bursty_same_ttfa,synthetic-validation-v1,medium_support,20.0,1,531.5421679298809,536.8921048153588,5.349936885477973
bursty_same_ttfa-medium_support-r009,bursty_same_ttfa,synthetic-validation-v1,medium_support,20.0,2,776.8921048153588,779.2295641790707,2.3374593637119006
bursty_same_ttfa-medium_support-r009,bursty_same_ttfa,synthetic-validation-v1,medium_support,40.0,0,194.95388376345,291.5421679298808,96.58828416643081
bursty_same_ttfa-medium_support-r009,bursty_same_ttfa,synthetic-validation-v1,medium_support,40.0,1,531.5421679298809,536.8921048153588,5.349936885477973
bursty_same_ttfa-medium_support-r009,bursty_same_ttfa,synthetic-validation-v1,medium_support,40.0,2,776.8921048153588,779.2295641790707,2.3374593637119006
bursty_same_ttfa-medium_support-r009,bursty_same_ttfa,synthetic-validation-v1,medium_support,80.0,0,210.97149261639552,291.5421679298808,80.57067531348528
bursty_same_ttfa-medium_support-r009,bursty_same_ttfa,synthetic-validation-v1,medium_support,80.0,1,531.5421679298809,536.8921048153588,5.349936885477973
bursty_same_ttfa-medium_support-r009,bursty_same_ttfa,synthetic-validation-v1,medium_support,80.0,2,776.8921048153588,779.2295641790707,2.3374593637119006
bursty_same_ttfa-medium_support-r010,bursty_same_ttfa,synthetic-validation-v1,medium_support,0.0,0,205.64650657287194,298.59103721699904,92.9445306441271
bursty_same_ttfa-medium_support-r010,bursty_same_ttfa,synthetic-validation-v1,medium_support,0.0,1,538.591037216999,556.72491025774,18.133873040741037
bursty_same_ttfa-medium_support-r010,bursty_same_ttfa,synthetic-validation-v1,medium_support,20.0,0,205.64650657287194,298.59103721699904,92.9445306441271
bursty_same_ttfa-medium_support-r010,bursty_same_ttfa,synthetic-validation-v1,medium_support,20.0,1,538.591037216999,556.72491025774,18.133873040741037
bursty_same_ttfa-medium_support-r010,bursty_same_ttfa,synthetic-validation-v1,medium_support,40.0,0,205.64650657287194,298.59103721699904,92.9445306441271
bursty_same_ttfa-medium_support-r010,bursty_same_ttfa,synthetic-validation-v1,medium_support,40.0,1,538.591037216999,556.72491025774,18.133873040741037
bursty_same_ttfa-medium_support-r010,bursty_same_ttfa,synthetic-validation-v1,medium_support,80.0,0,222.36159584921526,298.59103721699904,76.22944136778378
bursty_same_ttfa-medium_support-r010,bursty_same_ttfa,synthetic-validation-v1,medium_support,80.0,1,538.591037216999,556.72491025774,18.133873040741037
bursty_same_ttfa-medium_support-r011,bursty_same_ttfa,synthetic-validation-v1,medium_support,0.0,0,208.35616444608272,307.94249654932474,99.58633210324203
bursty_same_ttfa-medium_support-r011,bursty_same_ttfa,synthetic-validation-v1,medium_support,0.0,1,547.9424965493247,566.2634179665774,18.320921417252748
bursty_same_ttfa-medium_support-r011,bursty_same_ttfa,synthetic-validation-v1,medium_support,20.0,0,208.35616444608272,307.94249654932474,99.58633210324203
bursty_same_ttfa-medium_support-r011,bursty_same_ttfa,synthetic-validation-v1,medium_support,20.0,1,547.9424965493247,566.2634179665774,18.320921417252748
bursty_same_ttfa-medium_support-r011,bursty_same_ttfa,synthetic-validation-v1,medium_support,40.0,0,208.35616444608272,307.94249654932474,99.58633210324203
bursty_same_ttfa-medium_support-r011,bursty_same_ttfa,synthetic-validation-v1,medium_support,40.0,1,547.9424965493247,566.2634179665774,18.320921417252748
bursty_same_ttfa-medium_support-r011,bursty_same_ttfa,synthetic-validation-v1,medium_support,80.0,0,233.22636660334112,307.94249654932474,74.71612994598362
bursty_same_ttfa-medium_support-r011,bursty_same_ttfa,synthetic-validation-v1,medium_support,80.0,1,547.9424965493247,566.2634179665774,18.320921417252748
bursty_same_ttfa-medium_support-r012,bursty_same_ttfa,synthetic-validation-v1,medium_support,0.0,0,203.46206835035753,290.4534902065362,86.99142185617865
bursty_same_ttfa-medium_support-r012,bursty_same_ttfa,synthetic-validation-v1,medium_support,0.0,1,530.4534902065361,543.6890700693294,13.235579862793315
bursty_same_ttfa-medium_support-r012,bursty_same_ttfa,synthetic-validation-v1,medium_support,0.0,2,783.6890700693294,795.420060814471,11.730990745141526
bursty_same_ttfa-medium_support-r012,bursty_same_ttfa,synthetic-validation-v1,medium_support,20.0,0,203.46206835035753,290.4534902065362,86.99142185617865
bursty_same_ttfa-medium_support-r012,bursty_same_ttfa,synthetic-validation-v1,medium_support,20.0,1,530.4534902065361,543.6890700693294,13.235579862793315
bursty_same_ttfa-medium_support-r012,bursty_same_ttfa,synthetic-validation-v1,medium_support,20.0,2,783.6890700693294,795.420060814471,11.730990745141526
bursty_same_ttfa-medium_support-r012,bursty_same_ttfa,synthetic-validation-v1,medium_support,40.0,0,203.46206835035753,290.4534902065362,86.99142185617865
bursty_same_ttfa-medium_support-r012,bursty_same_ttfa,synthetic-validation-v1,medium_support,40.0,1,530.4534902065361,543.6890700693294,13.235579862793315
bursty_same_ttfa-medium_support-r012,bursty_same_ttfa,synthetic-validation-v1,medium_support,40.0,2,783.6890700693294,795.420060814471,11.730990745141526
bursty_same_ttfa-medium_support-r012,bursty_same_ttfa,synthetic-validation-v1,medium_support,80.0,0,215.19066374915644,290.4534902065362,75.26282645737973
bursty_same_ttfa-medium_support-r012,bursty_same_ttfa,synthetic-validation-v1,medium_support,80.0,1,530.4534902065361,543.6890700693294,13.235579862793315
bursty_same_ttfa-medium_support-r012,bursty_same_ttfa,synthetic-validation-v1,medium_support,80.0,2,783.6890700693294,795.420060814471,11.730990745141526
bursty_same_ttfa-medium_support-r013,bursty_same_ttfa,synthetic-validation-v1,medium_support,0.0,0,199.9424746775662,294.42803317370306,94.48555849613686
bursty_same_ttfa-medium_support-r013,bursty_same_ttfa,synthetic-validation-v1,medium_support,0.0,1,534.428033173703,546.3473527591719,11.919319585468884
bursty_same_ttfa-medium_support-r013,bursty_same_ttfa,synthetic-validation-v1,medium_support,20.0,0,199.9424746775662,294.42803317370306,94.48555849613686
bursty_same_ttfa-medium_support-r013,bursty_same_ttfa,synthetic-validation-v1,medium_support,20.0,1,534.428033173703,546.3473527591719,11.919319585468884
bursty_same_ttfa-medium_support-r013,bursty_same_ttfa,synthetic-validation-v1,medium_support,40.0,0,199.9424746775662,294.42803317370306,94.48555849613686
bursty_same_ttfa-medium_support-r013,bursty_same_ttfa,synthetic-validation-v1,medium_support,40.0,1,534.428033173703,546.3473527591719,11.919319585468884
bursty_same_ttfa-medium_support-r013,bursty_same_ttfa,synthetic-validation-v1,medium_support,80.0,0,210.59401318582275,294.42803317370306,83.83401998788031
bursty_same_ttfa-medium_support-r013,bursty_same_ttfa,synthetic-validation-v1,medium_support,80.0,1,534.428033173703,546.3473527591719,11.919319585468884
bursty_same_ttfa-medium_support-r014,bursty_same_ttfa,synthetic-validation-v1,medium_support,0.0,0,205.13064478278687,287.7539519471971,82.62330716441022
bursty_same_ttfa-medium_support-r014,bursty_same_ttfa,synthetic-validation-v1,medium_support,0.0,1,767.753951947197,778.8130779241078,11.059125976910764
bursty_same_ttfa-medium_support-r014,bursty_same_ttfa,synthetic-validation-v1,medium_support,20.0,0,205.13064478278687,287.7539519471971,82.62330716441022
bursty_same_ttfa-medium_support-r014,bursty_same_ttfa,synthetic-validation-v1,medium_support,20.0,1,767.753951947197,778.8130779241078,11.059125976910764
bursty_same_ttfa-medium_support-r014,bursty_same_ttfa,synthetic-validation-v1,medium_support,40.0,0,205.13064478278687,287.7539519471971,82.62330716441022
bursty_same_ttfa-medium_support-r014,bursty_same_ttfa,synthetic-validation-v1,medium_support,40.0,1,767.753951947197,778.8130779241078,11.059125976910764
bursty_same_ttfa-medium_support-r014,bursty_same_ttfa,synthetic-validation-v1,medium_support,80.0,0,219.3887891434254,287.7539519471971,68.36516280377168
bursty_same_ttfa-medium_support-r014,bursty_same_ttfa,synthetic-validation-v1,medium_support,80.0,1,767.753951947197,778.8130779241078,11.059125976910764
bursty_same_ttfa-medium_support-r015,bursty_same_ttfa,synthetic-validation-v1,medium_support,0.0,0,207.90224532077292,305.7405285376507,97.83828321687776
bursty_same_ttfa-medium_support-r015,bursty_same_ttfa,synthetic-validation-v1,medium_support,0.0,1,545.7405285376507,549.3319375928756,3.591409055224972
bursty_same_ttfa-medium_support-r015,bursty_same_ttfa,synthetic-validation-v1,medium_support,0.0,2,789.3319375928756,789.4552485135266,0.12331092065096527
bursty_same_ttfa-medium_support-r015,bursty_same_ttfa,synthetic-validation-v1,medium_support,20.0,0,207.90224532077292,305.7405285376507,97.83828321687776
bursty_same_ttfa-medium_support-r015,bursty_same_ttfa,synthetic-validation-v1,medium_support,20.0,1,545.7405285376507,549.3319375928756,3.591409055224972
bursty_same_ttfa-medium_support-r015,bursty_same_ttfa,synthetic-validation-v1,medium_support,20.0,2,789.3319375928756,789.4552485135266,0.12331092065096527
bursty_same_ttfa-medium_support-r015,bursty_same_ttfa,synthetic-validation-v1,medium_support,40.0,0,207.90224532077292,305.7405285376507,97.83828321687776
bursty_same_ttfa-medium_support-r015,bursty_same_ttfa,synthetic-validation-v1,medium_support,40.0,1,545.7405285376507,549.3319375928756,3.591409055224972
bursty_same_ttfa-medium_support-r015,bursty_same_ttfa,synthetic-validation-v1,medium_support,40.0,2,789.3319375928756,789.4552485135266,0.12331092065096527
bursty_same_ttfa-medium_support-r015,bursty_same_ttfa,synthetic-validation-v1,medium_support,80.0,0,229.0975985781265,305.7405285376507,76.64292995952417
bursty_same_ttfa-medium_support-r015,bursty_same_ttfa,synthetic-validation-v1,medium_support,80.0,1,545.7405285376507,549.3319375928756,3.591409055224972
bursty_same_ttfa-medium_support-r015,bursty_same_ttfa,synthetic-validation-v1,medium_support,80.0,2,789.3319375928756,789.4552485135266,0.12331092065096527
bursty_same_ttfa-medium_support-r016,bursty_same_ttfa,synthetic-validation-v1,medium_support,0.0,0,198.83469427378083,293.72582582291113,94.89113154913031
bursty_same_ttfa-medium_support-r016,bursty_same_ttfa,synthetic-validation-v1,medium_support,20.0,0,198.83469427378083,293.72582582291113,94.89113154913031
bursty_same_ttfa-medium_support-r016,bursty_same_ttfa,synthetic-validation-v1,medium_support,40.0,0,198.83469427378083,293.72582582291113,94.89113154913031
bursty_same_ttfa-medium_support-r016,bursty_same_ttfa,synthetic-validation-v1,medium_support,80.0,0,218.2124287495229,293.72582582291113,75.51339707338823
bursty_same_ttfa-medium_support-r017,bursty_same_ttfa,synthetic-validation-v1,medium_support,0.0,0,207.15513121714048,306.15156439887016,98.99643318172969
bursty_same_ttfa-medium_support-r017,bursty_same_ttfa,synthetic-validation-v1,medium_support,0.0,1,546.1515643988702,546.4301806196593,0.27861622078910386
bursty_same_ttfa-medium_support-r017,bursty_same_ttfa,synthetic-validation-v1,medium_support,0.0,2,786.4301806196593,793.2071871036903,6.777006484031062
bursty_same_ttfa-medium_support-r017,bursty_same_ttfa,synthetic-validation-v1,medium_support,20.0,0,207.15513121714048,306.15156439887016,98.99643318172969
bursty_same_ttfa-medium_support-r017,bursty_same_ttfa,synthetic-validation-v1,medium_support,20.0,1,546.1515643988702,546.4301806196593,0.27861622078910386
bursty_same_ttfa-medium_support-r017,bursty_same_ttfa,synthetic-validation-v1,medium_support,20.0,2,786.4301806196593,793.2071871036903,6.777006484031062
bursty_same_ttfa-medium_support-r017,bursty_same_ttfa,synthetic-validation-v1,medium_support,40.0,0,207.15513121714048,306.15156439887016,98.99643318172969
bursty_same_ttfa-medium_support-r017,bursty_same_ttfa,synthetic-validation-v1,medium_support,40.0,1,546.1515643988702,546.4301806196593,0.27861622078910386
bursty_same_ttfa-medium_support-r017,bursty_same_ttfa,synthetic-validation-v1,medium_support,40.0,2,786.4301806196593,793.2071871036903,6.777006484031062
bursty_same_ttfa-medium_support-r017,bursty_same_ttfa,synthetic-validation-v1,medium_support,80.0,0,228.15365899863596,306.15156439887016,77.9979054002342
bursty_same_ttfa-medium_support-r017,bursty_same_ttfa,synthetic-validation-v1,medium_support,80.0,1,546.1515643988702,546.4301806196593,0.27861622078910386
bursty_same_ttfa-medium_support-r017,bursty_same_ttfa,synthetic-validation-v1,medium_support,80.0,2,786.4301806196593,793.2071871036903,6.777006484031062
bursty_same_ttfa-medium_support-r018,bursty_same_ttfa,synthetic-validation-v1,medium_support,0.0,0,209.86438450109267,301.63579525101,91.77141074991732
bursty_same_ttfa-medium_support-r018,bursty_same_ttfa,synthetic-validation-v1,medium_support,0.0,1,781.63579525101,792.5830897621099,10.947294511099926
bursty_same_ttfa-medium_support-r018,bursty_same_ttfa,synthetic-validation-v1,medium_support,20.0,0,209.86438450109267,301.63579525101,91.77141074991732
bursty_same_ttfa-medium_support-r018,bursty_same_ttfa,synthetic-validation-v1,medium_support,20.0,1,781.63579525101,792.5830897621099,10.947294511099926
bursty_same_ttfa-medium_support-r018,bursty_same_ttfa,synthetic-validation-v1,medium_support,40.0,0,209.86438450109267,301.63579525101,91.77141074991732
bursty_same_ttfa-medium_support-r018,bursty_same_ttfa,synthetic-validation-v1,medium_support,40.0,1,781.63579525101,792.5830897621099,10.947294511099926
bursty_same_ttfa-medium_support-r018,bursty_same_ttfa,synthetic-validation-v1,medium_support,80.0,0,230.2478660569692,301.63579525101,71.3879291940408
bursty_same_ttfa-medium_support-r018,bursty_same_ttfa,synthetic-validation-v1,medium_support,80.0,1,781.63579525101,792.5830897621099,10.947294511099926
bursty_same_ttfa-medium_support-r019,bursty_same_ttfa,synthetic-validation-v1,medium_support,0.0,0,211.73146019595669,302.9292640283661,91.19780383240942
bursty_same_ttfa-medium_support-r019,bursty_same_ttfa,synthetic-validation-v1,medium_support,0.0,1,542.9292640283661,562.9184350545897,19.98917102622363
bursty_same_ttfa-medium_support-r019,bursty_same_ttfa,synthetic-validation-v1,medium_support,0.0,2,802.9184350545897,816.3393937819958,13.42095872740606
bursty_same_ttfa-medium_support-r019,bursty_same_ttfa,synthetic-validation-v1,medium_support,20.0,0,211.73146019595669,302.9292640283661,91.19780383240942
bursty_same_ttfa-medium_support-r019,bursty_same_ttfa,synthetic-validation-v1,medium_support,20.0,1,542.9292640283661,562.9184350545897,19.98917102622363
bursty_same_ttfa-medium_support-r019,bursty_same_ttfa,synthetic-validation-v1,medium_support,20.0,2,802.9184350545897,816.3393937819958,13.42095872740606
bursty_same_ttfa-medium_support-r019,bursty_same_ttfa,synthetic-validation-v1,medium_support,40.0,0,211.73146019595669,302.9292640283661,91.19780383240942
bursty_same_ttfa-medium_support-r019,bursty_same_ttfa,synthetic-validation-v1,medium_support,40.0,1,542.9292640283661,562.9184350545897,19.98917102622363
bursty_same_ttfa-medium_support-r019,bursty_same_ttfa,synthetic-validation-v1,medium_support,40.0,2,802.9184350545897,816.3393937819958,13.42095872740606
bursty_same_ttfa-medium_support-r019,bursty_same_ttfa,synthetic-validation-v1,medium_support,80.0,0,229.23283022857925,302.9292640283661,73.69643379978686
bursty_same_ttfa-medium_support-r019,bursty_same_ttfa,synthetic-validation-v1,medium_support,80.0,1,542.9292640283661,562.9184350545897,19.98917102622363
bursty_same_ttfa-medium_support-r019,bursty_same_ttfa,synthetic-validation-v1,medium_support,80.0,2,802.9184350545897,816.3393937819958,13.42095872740606
bursty_same_ttfa-short_ack-r000,bursty_same_ttfa,synthetic-validation-v1,short_ack,0.0,0,200.5244858723272,292.9835080255592,92.45902215323201
bursty_same_ttfa-short_ack-r000,bursty_same_ttfa,synthetic-validation-v1,short_ack,0.0,1,532.9835080255592,538.9675899742051,5.984081948645894
bursty_same_ttfa-short_ack-r000,bursty_same_ttfa,synthetic-validation-v1,short_ack,20.0,0,200.5244858723272,292.9835080255592,92.45902215323201
bursty_same_ttfa-short_ack-r000,bursty_same_ttfa,synthetic-validation-v1,short_ack,20.0,1,532.9835080255592,538.9675899742051,5.984081948645894
bursty_same_ttfa-short_ack-r000,bursty_same_ttfa,synthetic-validation-v1,short_ack,40.0,0,200.5244858723272,292.9835080255592,92.45902215323201
bursty_same_ttfa-short_ack-r000,bursty_same_ttfa,synthetic-validation-v1,short_ack,40.0,1,532.9835080255592,538.9675899742051,5.984081948645894
bursty_same_ttfa-short_ack-r000,bursty_same_ttfa,synthetic-validation-v1,short_ack,80.0,0,221.45593316409654,292.9835080255592,71.52757486146268
bursty_same_ttfa-short_ack-r000,bursty_same_ttfa,synthetic-validation-v1,short_ack,80.0,1,532.9835080255592,538.9675899742051,5.984081948645894
bursty_same_ttfa-short_ack-r001,bursty_same_ttfa,synthetic-validation-v1,short_ack,0.0,0,200.02624726903161,293.3075139480635,93.28126667903189
bursty_same_ttfa-short_ack-r001,bursty_same_ttfa,synthetic-validation-v1,short_ack,0.0,1,533.3075139480635,554.8998063777708,21.5922924297073
bursty_same_ttfa-short_ack-r001,bursty_same_ttfa,synthetic-validation-v1,short_ack,20.0,0,200.02624726903161,293.3075139480635,93.28126667903189
bursty_same_ttfa-short_ack-r001,bursty_same_ttfa,synthetic-validation-v1,short_ack,20.0,1,533.3075139480635,554.8998063777708,21.5922924297073
bursty_same_ttfa-short_ack-r001,bursty_same_ttfa,synthetic-validation-v1,short_ack,40.0,0,200.02624726903161,293.3075139480635,93.28126667903189
bursty_same_ttfa-short_ack-r001,bursty_same_ttfa,synthetic-validation-v1,short_ack,40.0,1,533.3075139480635,554.8998063777708,21.5922924297073
bursty_same_ttfa-short_ack-r001,bursty_same_ttfa,synthetic-validation-v1,short_ack,80.0,0,215.3136781866299,293.3075139480635,77.99383576143362
bursty_same_ttfa-short_ack-r001,bursty_same_ttfa,synthetic-validation-v1,short_ack,80.0,1,533.3075139480635,554.8998063777708,21.5922924297073
bursty_same_ttfa-short_ack-r002,bursty_same_ttfa,synthetic-validation-v1,short_ack,0.0,0,203.4554912667645,294.81489379779777,91.35940253103325
bursty_same_ttfa-short_ack-r002,bursty_same_ttfa,synthetic-validation-v1,short_ack,20.0,0,203.4554912667645,294.81489379779777,91.35940253103325
bursty_same_ttfa-short_ack-r002,bursty_same_ttfa,synthetic-validation-v1,short_ack,40.0,0,203.4554912667645,294.81489379779777,91.35940253103325
bursty_same_ttfa-short_ack-r002,bursty_same_ttfa,synthetic-validation-v1,short_ack,80.0,0,222.63399429927082,294.81489379779777,72.18089949852694
bursty_same_ttfa-short_ack-r003,bursty_same_ttfa,synthetic-validation-v1,short_ack,0.0,0,204.057335710192,297.352396718971,93.29506100877902
bursty_same_ttfa-short_ack-r003,bursty_same_ttfa,synthetic-validation-v1,short_ack,0.0,1,537.352396718971,552.2944072918643,14.94201057289331
bursty_same_ttfa-short_ack-r003,bursty_same_ttfa,synthetic-validation-v1,short_ack,20.0,0,204.057335710192,297.352396718971,93.29506100877902
bursty_same_ttfa-short_ack-r003,bursty_same_ttfa,synthetic-validation-v1,short_ack,20.0,1,537.352396718971,552.2944072918643,14.94201057289331
bursty_same_ttfa-short_ack-r003,bursty_same_ttfa,synthetic-validation-v1,short_ack,40.0,0,204.057335710192,297.352396718971,93.29506100877902
bursty_same_ttfa-short_ack-r003,bursty_same_ttfa,synthetic-validation-v1,short_ack,40.0,1,537.352396718971,552.2944072918643,14.94201057289331
bursty_same_ttfa-short_ack-r003,bursty_same_ttfa,synthetic-validation-v1,short_ack,80.0,0,222.15359921906827,297.352396718971,75.19879749990275
bursty_same_ttfa-short_ack-r003,bursty_same_ttfa,synthetic-validation-v1,short_ack,80.0,1,537.352396718971,552.2944072918643,14.94201057289331
bursty_same_ttfa-short_ack-r004,bursty_same_ttfa,synthetic-validation-v1,short_ack,0.0,0,203.65332341195972,293.3814049466606,89.72808153470089
bursty_same_ttfa-short_ack-r004,bursty_same_ttfa,synthetic-validation-v1,short_ack,0.0,1,533.3814049466606,553.5606184658261,20.1792135191655
bursty_same_ttfa-short_ack-r004,bursty_same_ttfa,synthetic-validation-v1,short_ack,20.0,0,203.65332341195972,293.3814049466606,89.72808153470089
bursty_same_ttfa-short_ack-r004,bursty_same_ttfa,synthetic-validation-v1,short_ack,20.0,1,533.3814049466606,553.5606184658261,20.1792135191655
bursty_same_ttfa-short_ack-r004,bursty_same_ttfa,synthetic-validation-v1,short_ack,40.0,0,203.65332341195972,293.3814049466606,89.72808153470089
bursty_same_ttfa-short_ack-r004,bursty_same_ttfa,synthetic-validation-v1,short_ack,40.0,1,533.3814049466606,553.5606184658261,20.1792135191655
bursty_same_ttfa-short_ack-r004,bursty_same_ttfa,synthetic-validation-v1,short_ack,80.0,0,215.29679059795876,293.3814049466606,78.08461434870185
bursty_same_ttfa-short_ack-r004,bursty_same_ttfa,synthetic-validation-v1,short_ack,80.0,1,533.3814049466606,553.5606184658261,20.1792135191655
bursty_same_ttfa-short_ack-r005,bursty_same_ttfa,synthetic-validation-v1,short_ack,0.0,0,193.47570357824998,288.3851230030648,94.90941942481481
bursty_same_ttfa-short_ack-r005,bursty_same_ttfa,synthetic-validation-v1,short_ack,20.0,0,193.47570357824998,288.3851230030648,94.90941942481481
bursty_same_ttfa-short_ack-r005,bursty_same_ttfa,synthetic-validation-v1,short_ack,40.0,0,193.47570357824998,288.3851230030648,94.90941942481481
bursty_same_ttfa-short_ack-r005,bursty_same_ttfa,synthetic-validation-v1,short_ack,80.0,0,210.39529082306507,288.3851230030648,77.98983217999972
bursty_same_ttfa-short_ack-r006,bursty_same_ttfa,synthetic-validation-v1,short_ack,0.0,0,201.0194914230246,294.6689032647371,93.64941184171249
bursty_same_ttfa-short_ack-r006,bursty_same_ttfa,synthetic-validation-v1,short_ack,20.0,0,201.0194914230246,294.6689032647371,93.64941184171249
bursty_same_ttfa-short_ack-r006,bursty_same_ttfa,synthetic-validation-v1,short_ack,40.0,0,201.0194914230246,294.6689032647371,93.64941184171249
bursty_same_ttfa-short_ack-r006,bursty_same_ttfa,synthetic-validation-v1,short_ack,80.0,0,216.5453647787152,294.6689032647371,78.12353848602189
bursty_same_ttfa-short_ack-r007,bursty_same_ttfa,synthetic-validation-v1,short_ack,0.0,0,198.39715305840645,300.08981692354564,101.6926638651392
bursty_same_ttfa-short_ack-r007,bursty_same_ttfa,synthetic-validation-v1,short_ack,0.0,1,540.0898169235456,544.0995424949549,4.009725571409263
bursty_same_ttfa-short_ack-r007,bursty_same_ttfa,synthetic-validation-v1,short_ack,20.0,0,198.39715305840645,300.08981692354564,101.6926638651392
bursty_same_ttfa-short_ack-r007,bursty_same_ttfa,synthetic-validation-v1,short_ack,20.0,1,540.0898169235456,544.0995424949549,4.009725571409263
bursty_same_ttfa-short_ack-r007,bursty_same_ttfa,synthetic-validation-v1,short_ack,40.0,0,198.39715305840645,300.08981692354564,101.6926638651392
bursty_same_ttfa-short_ack-r007,bursty_same_ttfa,synthetic-validation-v1,short_ack,40.0,1,540.0898169235456,544.0995424949549,4.009725571409263
bursty_same_ttfa-short_ack-r007,bursty_same_ttfa,synthetic-validation-v1,short_ack,80.0,0,217.9082481690785,300.08981692354564,82.18156875446715
bursty_same_ttfa-short_ack-r007,bursty_same_ttfa,synthetic-validation-v1,short_ack,80.0,1,540.0898169235456,544.0995424949549,4.009725571409263
bursty_same_ttfa-short_ack-r008,bursty_same_ttfa,synthetic-validation-v1,short_ack,0.0,0,201.64089224889653,290.8687100943307,89.22781784543417
bursty_same_ttfa-short_ack-r008,bursty_same_ttfa,synthetic-validation-v1,short_ack,0.0,1,530.8687100943307,537.0417918410697,6.173081746738944
bursty_same_ttfa-short_ack-r008,bursty_same_ttfa,synthetic-validation-v1,short_ack,20.0,0,201.64089224889653,290.8687100943307,89.22781784543417
bursty_same_ttfa-short_ack-r008,bursty_same_ttfa,synthetic-validation-v1,short_ack,20.0,1,530.8687100943307,537.0417918410697,6.173081746738944
bursty_same_ttfa-short_ack-r008,bursty_same_ttfa,synthetic-validation-v1,short_ack,40.0,0,201.64089224889653,290.8687100943307,89.22781784543417
bursty_same_ttfa-short_ack-r008,bursty_same_ttfa,synthetic-validation-v1,short_ack,40.0,1,530.8687100943307,537.0417918410697,6.173081746738944
bursty_same_ttfa-short_ack-r008,bursty_same_ttfa,synthetic-validation-v1,short_ack,80.0,0,217.82462686183231,290.8687100943307,73.0440832324984
bursty_same_ttfa-short_ack-r008,bursty_same_ttfa,synthetic-validation-v1,short_ack,80.0,1,530.8687100943307,537.0417918410697,6.173081746738944
bursty_same_ttfa-short_ack-r009,bursty_same_ttfa,synthetic-validation-v1,short_ack,0.0,0,202.85521809653002,297.37546900596294,94.52025090943292
bursty_same_ttfa-short_ack-r009,bursty_same_ttfa,synthetic-validation-v1,short_ack,0.0,1,537.3754690059629,543.3117845339608,5.936315527997863
bursty_same_ttfa-short_ack-r009,bursty_same_ttfa,synthetic-validation-v1,short_ack,20.0,0,202.85521809653002,297.37546900596294,94.52025090943292
bursty_same_ttfa-short_ack-r009,bursty_same_ttfa,synthetic-validation-v1,short_ack,20.0,1,537.3754690059629,543.3117845339608,5.936315527997863
bursty_same_ttfa-short_ack-r009,bursty_same_ttfa,synthetic-validation-v1,short_ack,40.0,0,202.85521809653002,297.37546900596294,94.52025090943292
bursty_same_ttfa-short_ack-r009,bursty_same_ttfa,synthetic-validation-v1,short_ack,40.0,1,537.3754690059629,543.3117845339608,5.936315527997863
bursty_same_ttfa-short_ack-r009,bursty_same_ttfa,synthetic-validation-v1,short_ack,80.0,0,223.4263096105556,297.37546900596294,73.94915939540735
bursty_same_ttfa-short_ack-r009,bursty_same_ttfa,synthetic-validation-v1,short_ack,80.0,1,537.3754690059629,543.3117845339608,5.936315527997863
bursty_same_ttfa-short_ack-r010,bursty_same_ttfa,synthetic-validation-v1,short_ack,0.0,0,204.97332484018602,292.5607887912562,87.58746395107016
bursty_same_ttfa-short_ack-r010,bursty_same_ttfa,synthetic-validation-v1,short_ack,0.0,1,532.5607887912562,543.895982096337,11.335193305080793
bursty_same_ttfa-short_ack-r010,bursty_same_ttfa,synthetic-validation-v1,short_ack,20.0,0,204.97332484018602,292.5607887912562,87.58746395107016
bursty_same_ttfa-short_ack-r010,bursty_same_ttfa,synthetic-validation-v1,short_ack,20.0,1,532.5607887912562,543.895982096337,11.335193305080793
bursty_same_ttfa-short_ack-r010,bursty_same_ttfa,synthetic-validation-v1,short_ack,40.0,0,204.97332484018602,292.5607887912562,87.58746395107016
bursty_same_ttfa-short_ack-r010,bursty_same_ttfa,synthetic-validation-v1,short_ack,40.0,1,532.5607887912562,543.895982096337,11.335193305080793
bursty_same_ttfa-short_ack-r010,bursty_same_ttfa,synthetic-validation-v1,short_ack,80.0,0,218.5630924330878,292.5607887912562,73.99769635816838
bursty_same_ttfa-short_ack-r010,bursty_same_ttfa,synthetic-validation-v1,short_ack,80.0,1,532.5607887912562,543.895982096337,11.335193305080793
bursty_same_ttfa-short_ack-r011,bursty_same_ttfa,synthetic-validation-v1,short_ack,0.0,0,199.79409910760484,295.5846482048415,95.79054909723669
bursty_same_ttfa-short_ack-r011,bursty_same_ttfa,synthetic-validation-v1,short_ack,20.0,0,199.79409910760484,295.5846482048415,95.79054909723669
bursty_same_ttfa-short_ack-r011,bursty_same_ttfa,synthetic-validation-v1,short_ack,40.0,0,199.79409910760484,295.5846482048415,95.79054909723669
bursty_same_ttfa-short_ack-r011,bursty_same_ttfa,synthetic-validation-v1,short_ack,80.0,0,219.59421181502222,295.5846482048415,75.99043638981931
bursty_same_ttfa-short_ack-r012,bursty_same_ttfa,synthetic-validation-v1,short_ack,0.0,0,198.4038128745841,288.404040134733,90.0002272601489
bursty_same_ttfa-short_ack-r012,bursty_same_ttfa,synthetic-validation-v1,short_ack,0.0,1,528.404040134733,542.4073400414806,14.003299906747543
bursty_same_ttfa-short_ack-r012,bursty_same_ttfa,synthetic-validation-v1,short_ack,20.0,0,198.4038128745841,288.404040134733,90.0002272601489
bursty_same_ttfa-short_ack-r012,bursty_same_ttfa,synthetic-validation-v1,short_ack,20.0,1,528.404040134733,542.4073400414806,14.003299906747543
bursty_same_ttfa-short_ack-r012,bursty_same_ttfa,synthetic-validation-v1,short_ack,40.0,0,198.4038128745841,288.404040134733,90.0002272601489
bursty_same_ttfa-short_ack-r012,bursty_same_ttfa,synthetic-validation-v1,short_ack,40.0,1,528.404040134733,542.4073400414806,14.003299906747543
bursty_same_ttfa-short_ack-r012,bursty_same_ttfa,synthetic-validation-v1,short_ack,80.0,0,219.19543552374975,288.404040134733,69.20860461098326
bursty_same_ttfa-short_ack-r012,bursty_same_ttfa,synthetic-validation-v1,short_ack,80.0,1,528.404040134733,542.4073400414806,14.003299906747543
bursty_same_ttfa-short_ack-r013,bursty_same_ttfa,synthetic-validation-v1,short_ack,0.0,0,205.02653918425165,298.3127433685605,93.28620418430887
bursty_same_ttfa-short_ack-r013,bursty_same_ttfa,synthetic-validation-v1,short_ack,0.0,1,538.3127433685605,540.072326205151,1.7595828365904254
bursty_same_ttfa-short_ack-r013,bursty_same_ttfa,synthetic-validation-v1,short_ack,20.0,0,205.02653918425165,298.3127433685605,93.28620418430887
bursty_same_ttfa-short_ack-r013,bursty_same_ttfa,synthetic-validation-v1,short_ack,20.0,1,538.3127433685605,540.072326205151,1.7595828365904254
bursty_same_ttfa-short_ack-r013,bursty_same_ttfa,synthetic-validation-v1,short_ack,40.0,0,205.02653918425165,298.3127433685605,93.28620418430887
bursty_same_ttfa-short_ack-r013,bursty_same_ttfa,synthetic-validation-v1,short_ack,40.0,1,538.3127433685605,540.072326205151,1.7595828365904254
bursty_same_ttfa-short_ack-r013,bursty_same_ttfa,synthetic-validation-v1,short_ack,80.0,0,221.67904763373375,298.3127433685605,76.63369573482677
bursty_same_ttfa-short_ack-r013,bursty_same_ttfa,synthetic-validation-v1,short_ack,80.0,1,538.3127433685605,540.072326205151,1.7595828365904254
bursty_same_ttfa-short_ack-r014,bursty_same_ttfa,synthetic-validation-v1,short_ack,0.0,0,210.39370657913196,304.1781898846428,93.78448330551083
bursty_same_ttfa-short_ack-r014,bursty_same_ttfa,synthetic-validation-v1,short_ack,0.0,1,544.1781898846427,553.2368023369611,9.058612452318357
bursty_same_ttfa-short_ack-r014,bursty_same_ttfa,synthetic-validation-v1,short_ack,20.0,0,210.39370657913196,304.1781898846428,93.78448330551083
bursty_same_ttfa-short_ack-r014,bursty_same_ttfa,synthetic-validation-v1,short_ack,20.0,1,544.1781898846427,553.2368023369611,9.058612452318357
bursty_same_ttfa-short_ack-r014,bursty_same_ttfa,synthetic-validation-v1,short_ack,40.0,0,210.39370657913196,304.1781898846428,93.78448330551083
bursty_same_ttfa-short_ack-r014,bursty_same_ttfa,synthetic-validation-v1,short_ack,40.0,1,544.1781898846427,553.2368023369611,9.058612452318357
bursty_same_ttfa-short_ack-r014,bursty_same_ttfa,synthetic-validation-v1,short_ack,80.0,0,229.40947881631374,304.1781898846428,74.76871106832905
bursty_same_ttfa-short_ack-r014,bursty_same_ttfa,synthetic-validation-v1,short_ack,80.0,1,544.1781898846427,553.2368023369611,9.058612452318357
bursty_same_ttfa-short_ack-r015,bursty_same_ttfa,synthetic-validation-v1,short_ack,0.0,0,209.74508413327905,305.7094021596014,95.96431802632233
bursty_same_ttfa-short_ack-r015,bursty_same_ttfa,synthetic-validation-v1,short_ack,0.0,1,545.7094021596014,566.2472773605186,20.537875200917256
bursty_same_ttfa-short_ack-r015,bursty_same_ttfa,synthetic-validation-v1,short_ack,20.0,0,209.74508413327905,305.7094021596014,95.96431802632233
bursty_same_ttfa-short_ack-r015,bursty_same_ttfa,synthetic-validation-v1,short_ack,20.0,1,545.7094021596014,566.2472773605186,20.537875200917256
bursty_same_ttfa-short_ack-r015,bursty_same_ttfa,synthetic-validation-v1,short_ack,40.0,0,209.74508413327905,305.7094021596014,95.96431802632233
bursty_same_ttfa-short_ack-r015,bursty_same_ttfa,synthetic-validation-v1,short_ack,40.0,1,545.7094021596014,566.2472773605186,20.537875200917256
bursty_same_ttfa-short_ack-r015,bursty_same_ttfa,synthetic-validation-v1,short_ack,80.0,0,230.65284906099447,305.7094021596014,75.05655309860691
bursty_same_ttfa-short_ack-r015,bursty_same_ttfa,synthetic-validation-v1,short_ack,80.0,1,545.7094021596014,566.2472773605186,20.537875200917256
bursty_same_ttfa-short_ack-r016,bursty_same_ttfa,synthetic-validation-v1,short_ack,0.0,0,211.43553861713443,300.5124473602501,89.0769087431157
bursty_same_ttfa-short_ack-r016,bursty_same_ttfa,synthetic-validation-v1,short_ack,20.0,0,211.43553861713443,300.5124473602501,89.0769087431157
bursty_same_ttfa-short_ack-r016,bursty_same_ttfa,synthetic-validation-v1,short_ack,40.0,0,211.43553861713443,300.5124473602501,89.0769087431157
bursty_same_ttfa-short_ack-r016,bursty_same_ttfa,synthetic-validation-v1,short_ack,80.0,0,229.158029515703,300.5124473602501,71.35441784454713
bursty_same_ttfa-short_ack-r017,bursty_same_ttfa,synthetic-validation-v1,short_ack,0.0,0,201.738828377131,288.34370202857417,86.60487365144317
bursty_same_ttfa-short_ack-r017,bursty_same_ttfa,synthetic-validation-v1,short_ack,20.0,0,201.738828377131,288.34370202857417,86.60487365144317
bursty_same_ttfa-short_ack-r017,bursty_same_ttfa,synthetic-validation-v1,short_ack,40.0,0,201.738828377131,288.34370202857417,86.60487365144317
bursty_same_ttfa-short_ack-r017,bursty_same_ttfa,synthetic-validation-v1,short_ack,80.0,0,218.65547388402788,288.34370202857417,69.68822814454629
bursty_same_ttfa-short_ack-r018,bursty_same_ttfa,synthetic-validation-v1,short_ack,0.0,0,201.57299518332553,289.4573324958628,87.88433731253724
bursty_same_ttfa-short_ack-r018,bursty_same_ttfa,synthetic-validation-v1,short_ack,0.0,1,529.4573324958628,532.3151577642757,2.857825268412853
bursty_same_ttfa-short_ack-r018,bursty_same_ttfa,synthetic-validation-v1,short_ack,20.0,0,201.57299518332553,289.4573324958628,87.88433731253724
bursty_same_ttfa-short_ack-r018,bursty_same_ttfa,synthetic-validation-v1,short_ack,20.0,1,529.4573324958628,532.3151577642757,2.857825268412853
bursty_same_ttfa-short_ack-r018,bursty_same_ttfa,synthetic-validation-v1,short_ack,40.0,0,201.57299518332553,289.4573324958628,87.88433731253724
bursty_same_ttfa-short_ack-r018,bursty_same_ttfa,synthetic-validation-v1,short_ack,40.0,1,529.4573324958628,532.3151577642757,2.857825268412853
bursty_same_ttfa-short_ack-r018,bursty_same_ttfa,synthetic-validation-v1,short_ack,80.0,0,217.01154040495896,289.4573324958628,72.44579209090381
bursty_same_ttfa-short_ack-r018,bursty_same_ttfa,synthetic-validation-v1,short_ack,80.0,1,529.4573324958628,532.3151577642757,2.857825268412853
bursty_same_ttfa-short_ack-r019,bursty_same_ttfa,synthetic-validation-v1,short_ack,0.0,0,198.17450279403562,286.79362207090924,88.61911927687362
bursty_same_ttfa-short_ack-r019,bursty_same_ttfa,synthetic-validation-v1,short_ack,0.0,1,526.7936220709092,532.1923737573433,5.398751686434025
bursty_same_ttfa-short_ack-r019,bursty_same_ttfa,synthetic-validation-v1,short_ack,20.0,0,198.17450279403562,286.79362207090924,88.61911927687362
bursty_same_ttfa-short_ack-r019,bursty_same_ttfa,synthetic-validation-v1,short_ack,20.0,1,526.7936220709092,532.1923737573433,5.398751686434025
bursty_same_ttfa-short_ack-r019,bursty_same_ttfa,synthetic-validation-v1,short_ack,40.0,0,198.17450279403562,286.79362207090924,88.61911927687362
bursty_same_ttfa-short_ack-r019,bursty_same_ttfa,synthetic-validation-v1,short_ack,40.0,1,526.7936220709092,532.1923737573433,5.398751686434025
bursty_same_ttfa-short_ack-r019,bursty_same_ttfa,synthetic-validation-v1,short_ack,80.0,0,215.98623226148447,286.79362207090924,70.80738980942476
bursty_same_ttfa-short_ack-r019,bursty_same_ttfa,synthetic-validation-v1,short_ack,80.0,1,526.7936220709092,532.1923737573433,5.398751686434025
bursty_same_ttfa-short_question-r000,bursty_same_ttfa,synthetic-validation-v1,short_question,0.0,0,209.10902282908032,306.5512124388329,97.4421896097526
bursty_same_ttfa-short_question-r000,bursty_same_ttfa,synthetic-validation-v1,short_question,0.0,1,546.5512124388329,551.6661117459311,5.114899307098199
bursty_same_ttfa-short_question-r000,bursty_same_ttfa,synthetic-validation-v1,short_question,20.0,0,209.10902282908032,306.5512124388329,97.4421896097526
bursty_same_ttfa-short_question-r000,bursty_same_ttfa,synthetic-validation-v1,short_question,20.0,1,546.5512124388329,551.6661117459311,5.114899307098199
bursty_same_ttfa-short_question-r000,bursty_same_ttfa,synthetic-validation-v1,short_question,40.0,0,209.10902282908032,306.5512124388329,97.4421896097526
bursty_same_ttfa-short_question-r000,bursty_same_ttfa,synthetic-validation-v1,short_question,40.0,1,546.5512124388329,551.6661117459311,5.114899307098199
bursty_same_ttfa-short_question-r000,bursty_same_ttfa,synthetic-validation-v1,short_question,80.0,0,230.40321878658762,306.5512124388329,76.1479936522453
bursty_same_ttfa-short_question-r000,bursty_same_ttfa,synthetic-validation-v1,short_question,80.0,1,546.5512124388329,551.6661117459311,5.114899307098199
bursty_same_ttfa-short_question-r001,bursty_same_ttfa,synthetic-validation-v1,short_question,0.0,0,199.51576967418652,303.5899410811809,104.07417140699437
bursty_same_ttfa-short_question-r001,bursty_same_ttfa,synthetic-validation-v1,short_question,0.0,1,543.5899410811809,551.2021656592038,7.6122245780229605
bursty_same_ttfa-short_question-r001,bursty_same_ttfa,synthetic-validation-v1,short_question,20.0,0,199.51576967418652,303.5899410811809,104.07417140699437
bursty_same_ttfa-short_question-r001,bursty_same_ttfa,synthetic-validation-v1,short_question,20.0,1,543.5899410811809,551.2021656592038,7.6122245780229605
bursty_same_ttfa-short_question-r001,bursty_same_ttfa,synthetic-validation-v1,short_question,40.0,0,199.51576967418652,303.5899410811809,104.07417140699437
bursty_same_ttfa-short_question-r001,bursty_same_ttfa,synthetic-validation-v1,short_question,40.0,1,543.5899410811809,551.2021656592038,7.6122245780229605
bursty_same_ttfa-short_question-r001,bursty_same_ttfa,synthetic-validation-v1,short_question,80.0,0,224.80961162279038,303.5899410811809,78.7803294583905
bursty_same_ttfa-short_question-r001,bursty_same_ttfa,synthetic-validation-v1,short_question,80.0,1,543.5899410811809,551.2021656592038,7.6122245780229605
bursty_same_ttfa-short_question-r002,bursty_same_ttfa,synthetic-validation-v1,short_question,0.0,0,214.32981637292644,306.5627931014941,92.23297672856765
bursty_same_ttfa-short_question-r002,bursty_same_ttfa,synthetic-validation-v1,short_question,0.0,1,546.5627931014941,555.9413143297762,9.378521228282125
bursty_same_ttfa-short_question-r002,bursty_same_ttfa,synthetic-validation-v1,short_question,20.0,0,214.32981637292644,306.5627931014941,92.23297672856765
bursty_same_ttfa-short_question-r002,bursty_same_ttfa,synthetic-validation-v1,short_question,20.0,1,546.5627931014941,555.9413143297762,9.378521228282125
bursty_same_ttfa-short_question-r002,bursty_same_ttfa,synthetic-validation-v1,short_question,40.0,0,214.32981637292644,306.5627931014941,92.23297672856765
bursty_same_ttfa-short_question-r002,bursty_same_ttfa,synthetic-validation-v1,short_question,40.0,1,546.5627931014941,555.9413143297762,9.378521228282125
bursty_same_ttfa-short_question-r002,bursty_same_ttfa,synthetic-validation-v1,short_question,80.0,0,230.83443680135267,306.5627931014941,75.72835630014143
bursty_same_ttfa-short_question-r002,bursty_same_ttfa,synthetic-validation-v1,short_question,80.0,1,546.5627931014941,555.9413143297762,9.378521228282125
bursty_same_ttfa-short_question-r003,bursty_same_ttfa,synthetic-validation-v1,short_question,0.0,0,202.13897000287517,292.10961398592514,89.97064398304997
bursty_same_ttfa-short_question-r003,bursty_same_ttfa,synthetic-validation-v1,short_question,0.0,1,532.1096139859251,534.9237461167165,2.8141321307914495
bursty_same_ttfa-short_question-r003,bursty_same_ttfa,synthetic-validation-v1,short_question,20.0,0,202.13897000287517,292.10961398592514,89.97064398304997
bursty_same_ttfa-short_question-r003,bursty_same_ttfa,synthetic-validation-v1,short_question,20.0,1,532.1096139859251,534.9237461167165,2.8141321307914495
bursty_same_ttfa-short_question-r003,bursty_same_ttfa,synthetic-validation-v1,short_question,40.0,0,202.13897000287517,292.10961398592514,89.97064398304997
bursty_same_ttfa-short_question-r003,bursty_same_ttfa,synthetic-validation-v1,short_question,40.0,1,532.1096139859251,534.9237461167165,2.8141321307914495
bursty_same_ttfa-short_question-r003,bursty_same_ttfa,synthetic-validation-v1,short_question,80.0,0,218.317841283629,292.10961398592514,73.79177270229613
bursty_same_ttfa-short_question-r003,bursty_same_ttfa,synthetic-validation-v1,short_question,80.0,1,532.1096139859251,534.9237461167165,2.8141321307914495
bursty_same_ttfa-short_question-r004,bursty_same_ttfa,synthetic-validation-v1,short_question,0.0,0,211.93823987715277,301.936653824578,89.99841394742523
bursty_same_ttfa-short_question-r004,bursty_same_ttfa,synthetic-validation-v1,short_question,20.0,0,211.93823987715277,301.936653824578,89.99841394742523
bursty_same_ttfa-short_question-r004,bursty_same_ttfa,synthetic-validation-v1,short_question,40.0,0,211.93823987715277,301.936653824578,89.99841394742523
bursty_same_ttfa-short_question-r004,bursty_same_ttfa,synthetic-validation-v1,short_question,80.0,0,232.07661606394805,301.936653824578,69.86003776062995
bursty_same_ttfa-short_question-r005,bursty_same_ttfa,synthetic-validation-v1,short_question,0.0,0,207.59364642565737,298.12007440352863,90.52642797787126
bursty_same_ttfa-short_question-r005,bursty_same_ttfa,synthetic-validation-v1,short_question,0.0,1,538.1200744035286,552.336457766095,14.216383362566376
bursty_same_ttfa-short_question-r005,bursty_same_ttfa,synthetic-validation-v1,short_question,20.0,0,207.59364642565737,298.12007440352863,90.52642797787126
bursty_same_ttfa-short_question-r005,bursty_same_ttfa,synthetic-validation-v1,short_question,20.0,1,538.1200744035286,552.336457766095,14.216383362566376
bursty_same_ttfa-short_question-r005,bursty_same_ttfa,synthetic-validation-v1,short_question,40.0,0,207.59364642565737,298.12007440352863,90.52642797787126
bursty_same_ttfa-short_question-r005,bursty_same_ttfa,synthetic-validation-v1,short_question,40.0,1,538.1200744035286,552.336457766095,14.216383362566376
bursty_same_ttfa-short_question-r005,bursty_same_ttfa,synthetic-validation-v1,short_question,80.0,0,222.08292087883552,298.12007440352863,76.03715352469311
bursty_same_ttfa-short_question-r005,bursty_same_ttfa,synthetic-validation-v1,short_question,80.0,1,538.1200744035286,552.336457766095,14.216383362566376
bursty_same_ttfa-short_question-r006,bursty_same_ttfa,synthetic-validation-v1,short_question,0.0,0,199.18301126815754,284.1913328793127,85.00832161115517
bursty_same_ttfa-short_question-r006,bursty_same_ttfa,synthetic-validation-v1,short_question,0.0,1,524.1913328793128,536.130610176513,11.939277297200192
bursty_same_ttfa-short_question-r006,bursty_same_ttfa,synthetic-validation-v1,short_question,20.0,0,199.18301126815754,284.1913328793127,85.00832161115517
bursty_same_ttfa-short_question-r006,bursty_same_ttfa,synthetic-validation-v1,short_question,20.0,1,524.1913328793128,536.130610176513,11.939277297200192
bursty_same_ttfa-short_question-r006,bursty_same_ttfa,synthetic-validation-v1,short_question,40.0,0,199.18301126815754,284.1913328793127,85.00832161115517
bursty_same_ttfa-short_question-r006,bursty_same_ttfa,synthetic-validation-v1,short_question,40.0,1,524.1913328793128,536.130610176513,11.939277297200192
bursty_same_ttfa-short_question-r006,bursty_same_ttfa,synthetic-validation-v1,short_question,80.0,0,207.2330209139082,284.1913328793127,76.9583119654045
bursty_same_ttfa-short_question-r006,bursty_same_ttfa,synthetic-validation-v1,short_question,80.0,1,524.1913328793128,536.130610176513,11.939277297200192
bursty_same_ttfa-short_question-r007,bursty_same_ttfa,synthetic-validation-v1,short_question,0.0,0,203.72224211411407,288.446384578808,84.72414246469395
bursty_same_ttfa-short_question-r007,bursty_same_ttfa,synthetic-validation-v1,short_question,0.0,1,528.446384578808,558.0556244382059,29.609239859397917
bursty_same_ttfa-short_question-r007,bursty_same_ttfa,synthetic-validation-v1,short_question,20.0,0,203.72224211411407,288.446384578808,84.72414246469395
bursty_same_ttfa-short_question-r007,bursty_same_ttfa,synthetic-validation-v1,short_question,20.0,1,528.446384578808,558.0556244382059,29.609239859397917
bursty_same_ttfa-short_question-r007,bursty_same_ttfa,synthetic-validation-v1,short_question,40.0,0,203.72224211411407,288.446384578808,84.72414246469395
bursty_same_ttfa-short_question-r007,bursty_same_ttfa,synthetic-validation-v1,short_question,40.0,1,528.446384578808,558.0556244382059,29.609239859397917
bursty_same_ttfa-short_question-r007,bursty_same_ttfa,synthetic-validation-v1,short_question,80.0,0,219.21635845238083,288.446384578808,69.23002612642719
bursty_same_ttfa-short_question-r007,bursty_same_ttfa,synthetic-validation-v1,short_question,80.0,1,528.446384578808,558.0556244382059,29.609239859397917
bursty_same_ttfa-short_question-r008,bursty_same_ttfa,synthetic-validation-v1,short_question,0.0,0,207.6585565346663,293.45173053496376,85.79317400029745
bursty_same_ttfa-short_question-r008,bursty_same_ttfa,synthetic-validation-v1,short_question,0.0,1,533.4517305349638,550.3279935761041,16.876263041140305
bursty_same_ttfa-short_question-r008,bursty_same_ttfa,synthetic-validation-v1,short_question,20.0,0,207.6585565346663,293.45173053496376,85.79317400029745
bursty_same_ttfa-short_question-r008,bursty_same_ttfa,synthetic-validation-v1,short_question,20.0,1,533.4517305349638,550.3279935761041,16.876263041140305
bursty_same_ttfa-short_question-r008,bursty_same_ttfa,synthetic-validation-v1,short_question,40.0,0,207.6585565346663,293.45173053496376,85.79317400029745
bursty_same_ttfa-short_question-r008,bursty_same_ttfa,synthetic-validation-v1,short_question,40.0,1,533.4517305349638,550.3279935761041,16.876263041140305
bursty_same_ttfa-short_question-r008,bursty_same_ttfa,synthetic-validation-v1,short_question,80.0,0,220.66772982021257,293.45173053496376,72.78400071475119
bursty_same_ttfa-short_question-r008,bursty_same_ttfa,synthetic-validation-v1,short_question,80.0,1,533.4517305349638,550.3279935761041,16.876263041140305
bursty_same_ttfa-short_question-r009,bursty_same_ttfa,synthetic-validation-v1,short_question,0.0,0,213.7197063978507,299.6444538196114,85.92474742176069
bursty_same_ttfa-short_question-r009,bursty_same_ttfa,synthetic-validation-v1,short_question,0.0,1,539.6444538196114,548.4461398402007,8.801686020589273
bursty_same_ttfa-short_question-r009,bursty_same_ttfa,synthetic-validation-v1,short_question,20.0,0,213.7197063978507,299.6444538196114,85.92474742176069
bursty_same_ttfa-short_question-r009,bursty_same_ttfa,synthetic-validation-v1,short_question,20.0,1,539.6444538196114,548.4461398402007,8.801686020589273
bursty_same_ttfa-short_question-r009,bursty_same_ttfa,synthetic-validation-v1,short_question,40.0,0,213.7197063978507,299.6444538196114,85.92474742176069
bursty_same_ttfa-short_question-r009,bursty_same_ttfa,synthetic-validation-v1,short_question,40.0,1,539.6444538196114,548.4461398402007,8.801686020589273
bursty_same_ttfa-short_question-r009,bursty_same_ttfa,synthetic-validation-v1,short_question,80.0,0,227.4057322394925,299.6444538196114,72.23872158011889
bursty_same_ttfa-short_question-r009,bursty_same_ttfa,synthetic-validation-v1,short_question,80.0,1,539.6444538196114,548.4461398402007,8.801686020589273
bursty_same_ttfa-short_question-r010,bursty_same_ttfa,synthetic-validation-v1,short_question,0.0,0,210.25821599167242,307.159562745464,96.90134675379156
bursty_same_ttfa-short_question-r010,bursty_same_ttfa,synthetic-validation-v1,short_question,20.0,0,210.25821599167242,307.159562745464,96.90134675379156
bursty_same_ttfa-short_question-r010,bursty_same_ttfa,synthetic-validation-v1,short_question,40.0,0,210.25821599167242,307.159562745464,96.90134675379156
bursty_same_ttfa-short_question-r010,bursty_same_ttfa,synthetic-validation-v1,short_question,80.0,0,234.08977389109785,307.159562745464,73.06978885436612
bursty_same_ttfa-short_question-r011,bursty_same_ttfa,synthetic-validation-v1,short_question,0.0,0,208.2621708843794,300.29308752527095,92.03091664089155
bursty_same_ttfa-short_question-r011,bursty_same_ttfa,synthetic-validation-v1,short_question,0.0,1,540.293087525271,542.2974609763414,2.004373451070478
bursty_same_ttfa-short_question-r011,bursty_same_ttfa,synthetic-validation-v1,short_question,20.0,0,208.2621708843794,300.29308752527095,92.03091664089155
bursty_same_ttfa-short_question-r011,bursty_same_ttfa,synthetic-validation-v1,short_question,20.0,1,540.293087525271,542.2974609763414,2.004373451070478
bursty_same_ttfa-short_question-r011,bursty_same_ttfa,synthetic-validation-v1,short_question,40.0,0,208.2621708843794,300.29308752527095,92.03091664089155
bursty_same_ttfa-short_question-r011,bursty_same_ttfa,synthetic-validation-v1,short_question,40.0,1,540.293087525271,542.2974609763414,2.004373451070478
bursty_same_ttfa-short_question-r011,bursty_same_ttfa,synthetic-validation-v1,short_question,80.0,0,223.18032403849222,300.29308752527095,77.11276348677873
bursty_same_ttfa-short_question-r011,bursty_same_ttfa,synthetic-validation-v1,short_question,80.0,1,540.293087525271,542.2974609763414,2.004373451070478
bursty_same_ttfa-short_question-r012,bursty_same_ttfa,synthetic-validation-v1,short_question,0.0,0,204.74766765960823,294.2765368296056,89.52886916999739
bursty_same_ttfa-short_question-r012,bursty_same_ttfa,synthetic-validation-v1,short_question,0.0,1,534.2765368296057,544.1246437517034,9.848106922097713
bursty_same_ttfa-short_question-r012,bursty_same_ttfa,synthetic-validation-v1,short_question,20.0,0,204.74766765960823,294.2765368296056,89.52886916999739
bursty_same_ttfa-short_question-r012,bursty_same_ttfa,synthetic-validation-v1,short_question,20.0,1,534.2765368296057,544.1246437517034,9.848106922097713
bursty_same_ttfa-short_question-r012,bursty_same_ttfa,synthetic-validation-v1,short_question,40.0,0,204.74766765960823,294.2765368296056,89.52886916999739
bursty_same_ttfa-short_question-r012,bursty_same_ttfa,synthetic-validation-v1,short_question,40.0,1,534.2765368296057,544.1246437517034,9.848106922097713
bursty_same_ttfa-short_question-r012,bursty_same_ttfa,synthetic-validation-v1,short_question,80.0,0,219.28610358423566,294.2765368296056,74.99043324536996
bursty_same_ttfa-short_question-r012,bursty_same_ttfa,synthetic-validation-v1,short_question,80.0,1,534.2765368296057,544.1246437517034,9.848106922097713
bursty_same_ttfa-short_question-r013,bursty_same_ttfa,synthetic-validation-v1,short_question,0.0,0,212.42303044389243,296.97065344798557,84.54762300409314
bursty_same_ttfa-short_question-r013,bursty_same_ttfa,synthetic-validation-v1,short_question,0.0,1,536.9706534479856,539.4894447206256,2.5187912726399873
bursty_same_ttfa-short_question-r013,bursty_same_ttfa,synthetic-validation-v1,short_question,20.0,0,212.42303044389243,296.97065344798557,84.54762300409314
bursty_same_ttfa-short_question-r013,bursty_same_ttfa,synthetic-validation-v1,short_question,20.0,1,536.9706534479856,539.4894447206256,2.5187912726399873
bursty_same_ttfa-short_question-r013,bursty_same_ttfa,synthetic-validation-v1,short_question,40.0,0,212.42303044389243,296.97065344798557,84.54762300409314
bursty_same_ttfa-short_question-r013,bursty_same_ttfa,synthetic-validation-v1,short_question,40.0,1,536.9706534479856,539.4894447206256,2.5187912726399873
bursty_same_ttfa-short_question-r013,bursty_same_ttfa,synthetic-validation-v1,short_question,80.0,0,228.40041987574628,296.97065344798557,68.57023357223929
bursty_same_ttfa-short_question-r013,bursty_same_ttfa,synthetic-validation-v1,short_question,80.0,1,536.9706534479856,539.4894447206256,2.5187912726399873
bursty_same_ttfa-short_question-r014,bursty_same_ttfa,synthetic-validation-v1,short_question,0.0,0,202.21558421315507,293.9586276202877,91.74304340713263
bursty_same_ttfa-short_question-r014,bursty_same_ttfa,synthetic-validation-v1,short_question,0.0,1,533.9586276202876,550.5515311309139,16.59290351062623
bursty_same_ttfa-short_question-r014,bursty_same_ttfa,synthetic-validation-v1,short_question,20.0,0,202.21558421315507,293.9586276202877,91.74304340713263
bursty_same_ttfa-short_question-r014,bursty_same_ttfa,synthetic-validation-v1,short_question,20.0,1,533.9586276202876,550.5515311309139,16.59290351062623
bursty_same_ttfa-short_question-r014,bursty_same_ttfa,synthetic-validation-v1,short_question,40.0,0,202.21558421315507,293.9586276202877,91.74304340713263
bursty_same_ttfa-short_question-r014,bursty_same_ttfa,synthetic-validation-v1,short_question,40.0,1,533.9586276202876,550.5515311309139,16.59290351062623
bursty_same_ttfa-short_question-r014,bursty_same_ttfa,synthetic-validation-v1,short_question,80.0,0,219.22789214855734,293.9586276202877,74.73073547173036
bursty_same_ttfa-short_question-r014,bursty_same_ttfa,synthetic-validation-v1,short_question,80.0,1,533.9586276202876,550.5515311309139,16.59290351062623
bursty_same_ttfa-short_question-r015,bursty_same_ttfa,synthetic-validation-v1,short_question,0.0,0,202.37875376902915,289.225658254575,86.84690448554588
bursty_same_ttfa-short_question-r015,bursty_same_ttfa,synthetic-validation-v1,short_question,0.0,1,529.225658254575,531.3711383218903,2.1454800673152477
bursty_same_ttfa-short_question-r015,bursty_same_ttfa,synthetic-validation-v1,short_question,20.0,0,202.37875376902915,289.225658254575,86.84690448554588
bursty_same_ttfa-short_question-r015,bursty_same_ttfa,synthetic-validation-v1,short_question,20.0,1,529.225658254575,531.3711383218903,2.1454800673152477
bursty_same_ttfa-short_question-r015,bursty_same_ttfa,synthetic-validation-v1,short_question,40.0,0,202.37875376902915,289.225658254575,86.84690448554588
bursty_same_ttfa-short_question-r015,bursty_same_ttfa,synthetic-validation-v1,short_question,40.0,1,529.225658254575,531.3711383218903,2.1454800673152477
bursty_same_ttfa-short_question-r015,bursty_same_ttfa,synthetic-validation-v1,short_question,80.0,0,213.20007103545174,289.225658254575,76.02558721912328
bursty_same_ttfa-short_question-r015,bursty_same_ttfa,synthetic-validation-v1,short_question,80.0,1,529.225658254575,531.3711383218903,2.1454800673152477
bursty_same_ttfa-short_question-r016,bursty_same_ttfa,synthetic-validation-v1,short_question,0.0,0,205.0844771015315,291.96213475977163,86.87765765824014
bursty_same_ttfa-short_question-r016,bursty_same_ttfa,synthetic-validation-v1,short_question,0.0,1,531.9621347597716,540.0798245845845,8.117689824812828
bursty_same_ttfa-short_question-r016,bursty_same_ttfa,synthetic-validation-v1,short_question,20.0,0,205.0844771015315,291.96213475977163,86.87765765824014
bursty_same_ttfa-short_question-r016,bursty_same_ttfa,synthetic-validation-v1,short_question,20.0,1,531.9621347597716,540.0798245845845,8.117689824812828
bursty_same_ttfa-short_question-r016,bursty_same_ttfa,synthetic-validation-v1,short_question,40.0,0,205.0844771015315,291.96213475977163,86.87765765824014
bursty_same_ttfa-short_question-r016,bursty_same_ttfa,synthetic-validation-v1,short_question,40.0,1,531.9621347597716,540.0798245845845,8.117689824812828
bursty_same_ttfa-short_question-r016,bursty_same_ttfa,synthetic-validation-v1,short_question,80.0,0,222.0881759692469,291.96213475977163,69.87395879052474
bursty_same_ttfa-short_question-r016,bursty_same_ttfa,synthetic-validation-v1,short_question,80.0,1,531.9621347597716,540.0798245845845,8.117689824812828
bursty_same_ttfa-short_question-r017,bursty_same_ttfa,synthetic-validation-v1,short_question,0.0,0,201.093322815038,303.59989945325594,102.50657663821795
bursty_same_ttfa-short_question-r017,bursty_same_ttfa,synthetic-validation-v1,short_question,20.0,0,201.093322815038,303.59989945325594,102.50657663821795
bursty_same_ttfa-short_question-r017,bursty_same_ttfa,synthetic-validation-v1,short_question,40.0,0,201.093322815038,303.59989945325594,102.50657663821795
bursty_same_ttfa-short_question-r017,bursty_same_ttfa,synthetic-validation-v1,short_question,80.0,0,223.5281088917797,303.59989945325594,80.07179056147623
bursty_same_ttfa-short_question-r018,bursty_same_ttfa,synthetic-validation-v1,short_question,0.0,0,204.6008532908151,303.1482338059526,98.54738051513749
bursty_same_ttfa-short_question-r018,bursty_same_ttfa,synthetic-validation-v1,short_question,20.0,0,204.6008532908151,303.1482338059526,98.54738051513749
bursty_same_ttfa-short_question-r018,bursty_same_ttfa,synthetic-validation-v1,short_question,40.0,0,204.6008532908151,303.1482338059526,98.54738051513749
bursty_same_ttfa-short_question-r018,bursty_same_ttfa,synthetic-validation-v1,short_question,80.0,0,223.75921865365524,303.1482338059526,79.38901515229736
bursty_same_ttfa-short_question-r019,bursty_same_ttfa,synthetic-validation-v1,short_question,0.0,0,198.30414117049054,300.035565101958,101.73142393146748
bursty_same_ttfa-short_question-r019,bursty_same_ttfa,synthetic-validation-v1,short_question,0.0,1,540.035565101958,557.3502024261177,17.314637324159662
bursty_same_ttfa-short_question-r019,bursty_same_ttfa,synthetic-validation-v1,short_question,20.0,0,198.30414117049054,300.035565101958,101.73142393146748
bursty_same_ttfa-short_question-r019,bursty_same_ttfa,synthetic-validation-v1,short_question,20.0,1,540.035565101958,557.3502024261177,17.314637324159662
bursty_same_ttfa-short_question-r019,bursty_same_ttfa,synthetic-validation-v1,short_question,40.0,0,198.30414117049054,300.035565101958,101.73142393146748
bursty_same_ttfa-short_question-r019,bursty_same_ttfa,synthetic-validation-v1,short_question,40.0,1,540.035565101958,557.3502024261177,17.314637324159662
bursty_same_ttfa-short_question-r019,bursty_same_ttfa,synthetic-validation-v1,short_question,80.0,0,219.38196332774461,300.035565101958,80.6536017742134
bursty_same_ttfa-short_question-r019,bursty_same_ttfa,synthetic-validation-v1,short_question,80.0,1,540.035565101958,557.3502024261177,17.314637324159662
steady-medium_support-r008,steady,synthetic-validation-v1,medium_support,0.0,0,162.7307551909381,164.64013369624865,1.909378505310542
steady-medium_support-r008,steady,synthetic-validation-v1,medium_support,20.0,0,162.7307551909381,164.64013369624865,1.909378505310542
steady-medium_support-r008,steady,synthetic-validation-v1,medium_support,40.0,0,162.7307551909381,164.64013369624865,1.909378505310542
